# 02805 shared playground — week 4 release (frozen snapshot, 2026-09-15)
# Philosophers on English Wikipedia, born before 1900: everyone in the seven lists
# 'List of philosophers born in the centuries BC' ... 'born in the 19th century'
# (redirects resolved).
# Edge A -> B when the article of A links to the article of B; weight = how many
# times. 1444 nodes, 11135 directed edges, 8186 with weight 1, max 18.
# Sum both directions for an undirected weighted network.
source	target	weight
'Ali_ibn_al-'Abbas_al-Majusi	Abu_Bakr_al-Razi	1
'Ali_ibn_al-'Abbas_al-Majusi	Avicenna	1
A._V._Dicey	Jeremy_Bentham	1
A._V._Dicey	Leslie_Stephen	2
Abbo_of_Fleury	Pope_Sylvester_II	2
Abhinavagupta	Anandavardhana	1
Abhinavagupta	Bhartṛhari	1
Abner_of_Burgos	Abraham_ibn_Ezra	1
Abraham_Maimonides	Maimonides	2
Abraham_Tucker	William_Hazlitt	1
Abraham_Tucker	William_Paley	1
Abraham_bar_Hiyya	Abraham_ibn_Ezra	4
Abraham_bar_Hiyya	Bahya_ibn_Paquda	1
Abraham_bar_Hiyya	Isaac_Abarbanel	1
Abraham_bar_Hiyya	Plato	1
Abraham_bar_Hiyya	Plotinus	1
Abraham_bar_Hiyya	Ptolemy	2
Abraham_bar_Hiyya	Saadia_Gaon	1
Abraham_bar_Hiyya	Solomon_ibn_Gabirol	1
Abraham_ibn_Daud	Al-Farabi	2
Abraham_ibn_Daud	Aristotle	1
Abraham_ibn_Daud	Avicenna	2
Abraham_ibn_Daud	Bahya_ibn_Paquda	1
Abraham_ibn_Daud	Hasdai_Crescas	1
Abraham_ibn_Daud	Jesus	1
Abraham_ibn_Daud	Judah_Halevi	1
Abraham_ibn_Daud	Maimonides	1
Abraham_ibn_Daud	Saadia_Gaon	1
Abraham_ibn_Daud	Solomon_ibn_Gabirol	1
Abraham_ibn_Ezra	Baruch_Spinoza	2
Abraham_ibn_Ezra	Judah_Halevi	3
Abraham_ibn_Ezra	Moses_ibn_Ezra	1
Abraham_ibn_Ezra	Saadia_Gaon	2
Abu_Bakr_al-Razi	Abu_Hatim_Ahmad_ibn_Hamdan_al-Razi	1
Abu_Bakr_al-Razi	Al-Kindi	1
Abu_Bakr_al-Razi	Aristotle	1
Abu_Bakr_al-Razi	Avicenna	2
Abu_Bakr_al-Razi	Fakhr_al-Din_al-Razi	2
Abu_Bakr_al-Razi	Galen	4
Abu_Bakr_al-Razi	Gerard_of_Cremona	2
Abu_Bakr_al-Razi	Hamid_al-Din_al-Kirmani	1
Abu_Bakr_al-Razi	Jabir_ibn_Hayyan	2
Abu_Bakr_al-Razi	Omar_Khayyam	1
Abu_Bakr_al-Razi	Plato	2
Abu_Bakr_al-Razi	Thābit_ibn_Qurra	2
Abu_Hanifa	Abu_Mansur_al-Maturidi	1
Abu_Hanifa	Ahmad_ibn_Hanbal	1
Abu_Hanifa	Al-Ghazali	2
Abu_Hanifa	Al-Shafi'i	4
Abu_Hanifa	Ibn_Hazm	1
Abu_Hanifa	Ibn_Taymiyya	1
Abu_Hanifa	Jahm_bin_Safwan	2
Abu_Hatim_Ahmad_ibn_Hamdan_al-Razi	Abu_Bakr_al-Razi	2
Abu_Hatim_Ahmad_ibn_Hamdan_al-Razi	Muhammad_ibn_Ahmad_al-Nasafi	1
Abu_Ma'shar_al-Balkhi	Adelard_of_Bath	1
Abu_Ma'shar_al-Balkhi	Al-Kindi	1
Abu_Ma'shar_al-Balkhi	Albertus_Magnus	2
Abu_Ma'shar_al-Balkhi	Aristotle	1
Abu_Ma'shar_al-Balkhi	Giovanni_Pico_della_Mirandola	2
Abu_Ma'shar_al-Balkhi	Herman_of_Carinthia	1
Abu_Ma'shar_al-Balkhi	Pierre_d'Ailly	2
Abu_Ma'shar_al-Balkhi	Ptolemy	1
Abu_Ma'shar_al-Balkhi	Roger_Bacon	2
Abu_Mansur_al-Maturidi	Abu_Hanifa	5
Abu_Mansur_al-Maturidi	Abu_al-Hasan_al-Ash'ari	3
Abu_Mansur_al-Maturidi	Al-Ghazali	1
Abu_Mansur_al-Maturidi	Ibn_al-Rawandi	1
Abu_Ya'qub_al-Sijistani	Abu_Hatim_Ahmad_ibn_Hamdan_al-Razi	3
Abu_Ya'qub_al-Sijistani	Hamid_al-Din_al-Kirmani	1
Abu_Ya'qub_al-Sijistani	Muhammad_ibn_Ahmad_al-Nasafi	3
Abu_Zayd_al-Balkhi	Abu_Bakr_al-Razi	1
Abu_Zayd_al-Balkhi	Abu_Hayyan_al-Tawhidi	1
Abu_Zayd_al-Balkhi	Al-Kindi	1
Abu_Zayd_al-Balkhi	Avicenna	1
Abu_al-Hakam_al-Kirmani	Ibn_Arabi	1
Abu_al-Hasan_al-Ash'ari	Abu_Mansur_al-Maturidi	1
Abu_al-Hasan_al-Ash'ari	Ahmad_ibn_Hanbal	1
Abu_al-Hasan_al-Ash'ari	Al-Baqillani	1
Abu_al-Hasan_al-Ash'ari	Al-Ghazali	1
Abu_al-Hasan_al-Ash'ari	Al-Juwayni	1
Abu_al-Hasan_al-Ash'ari	Al-Shafi'i	1
Abu_al-Hasan_al-Ash'ari	Fakhr_al-Din_al-Razi	1
Abu_al-Hasan_al-Ash'ari	Ibn_Furak	1
Abu_al-Hasan_al-Ash'ari	Shah_Waliullah_Dehlawi	1
Abu_al-Hassan_al-Amiri	Abu_Hayyan_al-Tawhidi	1
Abu_al-Hassan_al-Amiri	Abu_Zayd_al-Balkhi	1
Abu_al-Hassan_al-Amiri	Al-Farabi	1
Abu_al-Hassan_al-Amiri	Al-Kindi	1
Abu_al-Hassan_al-Amiri	Avicenna	1
Abu_al-Hassan_al-Amiri	Miskawayh	1
Adam_Ferguson	Adam_Smith	3
Adam_Ferguson	David_Hume	4
Adam_Ferguson	Francis_Hutcheson_(philosopher)	1
Adam_Ferguson	Georg_Wilhelm_Friedrich_Hegel	1
Adam_Ferguson	James_McCosh	1
Adam_Ferguson	Karl_Marx	1
Adam_Ferguson	Leslie_Stephen	1
Adam_Ferguson	Montesquieu	2
Adam_Ferguson	Niccolò_Machiavelli	1
Adam_Ferguson	Richard_Price	1
Adam_Ferguson	Thomas_Hobbes	2
Adam_Ferguson	Victor_Cousin	1
Adam_Ferguson	Voltaire	1
Adam_Smith	Anthony_Ashley-Cooper,_3rd_Earl_of_Shaftesbury	1
Adam_Smith	Benjamin_Franklin	1
Adam_Smith	Bernard_Mandeville	1
Adam_Smith	David_Hume	4
Adam_Smith	David_Ricardo	2
Adam_Smith	Francis_Hutcheson_(philosopher)	1
Adam_Smith	Henry_Home,_Lord_Kames	2
Adam_Smith	Joseph_Schumpeter	1
Adam_Smith	Karl_Marx	1
Adam_Smith	Thomas_Reid	1
Adam_Smith	Voltaire	1
Adam_of_Balsham	John_of_Salisbury	1
Adam_of_Balsham	Peter_Lombard	1
Adam_of_Wodeham	Duns_Scotus	1
Adam_of_Wodeham	John_Major_(philosopher)	1
Adam_of_Wodeham	William_of_Ockham	1
Addison_Webster_Moore	John_Dewey	1
Adelard_of_Bath	Aristotle	1
Adelard_of_Bath	Boethius	1
Adelard_of_Bath	Euclid	1
Adelard_of_Bath	Hugh_of_Saint_Victor	2
Adelard_of_Bath	Plato	1
Adelard_of_Bath	Pope_Sylvester_II	1
Adelard_of_Bath	Robert_Grosseteste	1
Adelard_of_Bath	Roger_Bacon	1
Adelard_of_Bath	Thierry_of_Chartres	1
Adelard_of_Bath	William_of_Conches	2
Adi_Shankara	Gaudapada	2
Adi_Shankara	Kumārila_Bhaṭṭa	2
Adi_Shankara	Max_Müller	1
Adi_Shankara	Paul_Deussen	1
Adi_Shankara	Ramanuja	2
Adi_Shankara	Vidyaranya	2
Adi_Shankara	Vāchaspati_Misra	6
Adolf_Reinach	Alexandre_Koyré	1
Adolf_Reinach	Dietrich_von_Hildebrand	2
Adolf_Reinach	Edith_Stein	2
Adolf_Reinach	Edmund_Husserl	2
Adolf_Reinach	Immanuel_Kant	1
Adolf_Reinach	Plato	1
Aedesius	Chrysanthius	1
Aedesius	Iamblichus	1
Aenesidemus	Agrippa_the_Skeptic	1
Aenesidemus	Antiochus_of_Ascalon	1
Aenesidemus	Arcesilaus	1
Aenesidemus	Carneades	1
Aenesidemus	Cicero	1
Aenesidemus	Diogenes_Laertius	1
Aenesidemus	Gottlob_Ernst_Schulze	1
Aenesidemus	Heraclitus	3
Aenesidemus	Immanuel_Kant	2
Aenesidemus	Karl_Leonhard_Reinhold	1
Aenesidemus	Philo	1
Aenesidemus	Philo_of_Larissa	1
Aenesidemus	Photios_I_of_Constantinople	2
Aenesidemus	Pyrrho	3
Aenesidemus	Sextus_Empiricus	3
Aenesidemus	Timon_of_Phlius	2
Afrikan_Spir	Charles_Renouvier	1
Afrikan_Spir	David_Hume	1
Afrikan_Spir	Friedrich_Nietzsche	3
Afrikan_Spir	Hans_Vaihinger	2
Afrikan_Spir	Immanuel_Kant	1
Afrikan_Spir	Johann_Friedrich_Herbart	1
Afrikan_Spir	Johann_Gottlieb_Fichte	1
Afrikan_Spir	John_Stuart_Mill	1
Afrikan_Spir	Leo_Tolstoy	5
Afrikan_Spir	Lev_Shestov	1
Afrikan_Spir	Léon_Brunschvicg	3
Afrikan_Spir	René_Descartes	1
Afrikan_Spir	Rudolf_Steiner	3
Afrikan_Spir	William_James	2
Agostino_Nifo	Aristotle	1
Agostino_Nifo	Averroes	1
Agostino_Nifo	Nicoletto_Vernia	1
Agostino_Nifo	Pietro_Pomponazzi	2
Agostino_Nifo	Ptolemy	2
Agrippa_the_Skeptic	Aenesidemus	2
Agrippa_the_Skeptic	Diogenes_Laertius	2
Agrippa_the_Skeptic	Sextus_Empiricus	3
Ahmad_ibn_Hanbal	Abu_Hanifa	2
Ahmad_ibn_Hanbal	Al-Shafi'i	3
Ahmad_ibn_Hanbal	Ibn_Arabi	1
Ahmad_ibn_Hanbal	Ibn_Taymiyya	4
Ahmad_ibn_al-Tayyib_al-Sarakhsi	Al-Kindi	1
Ajita_Kesakambali	Makkhali_Gosala	1
Ajita_Kesakambali	Pakudha_Kaccayana	1
Ajita_Kesakambali	Purana_Kassapa	1
Ajita_Kesakambali	The_Buddha	1
Akka_Mahadevi	Basava	2
Akshobhya_Tirtha	Jayatirtha	3
Akshobhya_Tirtha	Madhava_Tirtha	1
Akshobhya_Tirtha	Madhvacharya	2
Akshobhya_Tirtha	Padmanabha_Tirtha	1
Al-Allama_al-Hilli	Avicenna	2
Al-Allama_al-Hilli	Fakhr_al-Din_al-Razi	1
Al-Allama_al-Hilli	Ibn_Arabi	1
Al-Allama_al-Hilli	Ibn_Taymiyya	2
Al-Allama_al-Hilli	Mulla_Sadra	1
Al-Allama_al-Hilli	Nasir_al-Din_al-Tusi	3
Al-Baqillani	Abu_al-Hasan_al-Ash'ari	2
Al-Baqillani	Ahmad_ibn_Hanbal	1
Al-Baqillani	Ibn_Taymiyya	1
Al-Farabi	Abu_Bakr_al-Razi	1
Al-Farabi	Abu_Hayyan_al-Tawhidi	1
Al-Farabi	Abu_Sulayman_Sijistani	1
Al-Farabi	Abu_al-Hassan_al-Amiri	1
Al-Farabi	Al-Ghazali	1
Al-Farabi	Al-Kindi	2
Al-Farabi	Albertus_Magnus	1
Al-Farabi	Aristotle	6
Al-Farabi	Avempace	2
Al-Farabi	Averroes	4
Al-Farabi	Avicenna	6
Al-Farabi	Gerard_of_Cremona	1
Al-Farabi	Ibn_Khaldun	1
Al-Farabi	Ibn_Tufayl	2
Al-Farabi	Leo_Strauss	1
Al-Farabi	Maimonides	3
Al-Farabi	Mulla_Sadra	1
Al-Farabi	Plato	3
Al-Farabi	Plotinus	1
Al-Farabi	Porphyry_of_Tyre	1
Al-Farabi	Ptolemy	1
Al-Farabi	Yahya_ibn_Adi	2
Al-Ghazali	Al-Farabi	1
Al-Ghazali	Al-Juwayni	2
Al-Ghazali	Aristotle	1
Al-Ghazali	Averroes	7
Al-Ghazali	Avicenna	2
Al-Ghazali	Dante_Alighieri	1
Al-Ghazali	David_Hume	3
Al-Ghazali	Fakhr_al-Din_al-Razi	2
Al-Ghazali	Ibn_Arabi	1
Al-Ghazali	Isaac_Abarbanel	1
Al-Ghazali	Jesus	1
Al-Ghazali	Maimonides	2
Al-Ghazali	Nasir_al-Din_al-Tusi	1
Al-Ghazali	Plato	1
Al-Ghazali	René_Descartes	1
Al-Ghazali	Shah_Waliullah_Dehlawi	1
Al-Ghazali	Thomas_Aquinas	3
Al-Ghazali	William_James	1
Al-Juwayni	Abu_al-Hasan_al-Ash'ari	2
Al-Juwayni	Al-Baqillani	1
Al-Juwayni	Al-Ghazali	3
Al-Juwayni	Al-Qushayri	2
Al-Juwayni	Al-Shafi'i	3
Al-Kindi	Abu_Bakr_al-Razi	1
Al-Kindi	Al-Farabi	3
Al-Kindi	Al-Ghazali	3
Al-Kindi	Aristotle	4
Al-Kindi	Avicenna	3
Al-Kindi	Epictetus	1
Al-Kindi	Euclid	1
Al-Kindi	Galen	1
Al-Kindi	Gerard_of_Cremona	1
Al-Kindi	Gerolamo_Cardano	1
Al-Kindi	Ibn_al-Haytham	2
Al-Kindi	John_Philoponus	1
Al-Kindi	Plato	1
Al-Kindi	Plotinus	1
Al-Kindi	Proclus	1
Al-Kindi	Ptolemy	2
Al-Kindi	Robert_Grosseteste	3
Al-Kindi	Roger_Bacon	2
Al-Kindi	Vitello	1
Al-Ma'arri	Dante_Alighieri	1
Al-Ma'arri	Ibn_al-Rawandi	1
Al-Mawardi	Abu_al-Hasan_al-Ash'ari	1
Al-Mawardi	Al-Farabi	1
Al-Mawardi	Al-Ghazali	1
Al-Mawardi	Al-Shafi'i	1
Al-Mawardi	Ibn_Khaldun	2
Al-Qadi_Abd_al-Jabbar	Avicenna	1
Al-Qadi_Abd_al-Jabbar	Thomas_Aquinas	1
Al-Qadi_Abd_al-Jabbar	Wasil_ibn_Ata	1
Al-Qushayri	Abu_al-Hasan_al-Ash'ari	1
Al-Qushayri	Al-Ghazali	1
Al-Qushayri	Al-Juwayni	2
Al-Qushayri	Al-Shafi'i	1
Al-Qushayri	Ibn_Furak	1
Al-Shafi'i	Abu_Hanifa	1
Al-Shafi'i	Abu_al-Hasan_al-Ash'ari	1
Al-Shafi'i	Ahmad_ibn_Hanbal	2
Al-Shafi'i	Al-Ghazali	1
Al-Shafi'i	Al-Mawardi	1
Al-Shafi'i	Dawud_al-Zahiri	1
Alain_(philosopher)	Blaise_Pascal	1
Alain_(philosopher)	Immanuel_Kant	1
Alain_(philosopher)	Michel_de_Montaigne	1
Alain_LeRoy_Locke	Aristotle	1
Alain_LeRoy_Locke	Johann_Wolfgang_von_Goethe	1
Alain_LeRoy_Locke	Plato	1
Alain_LeRoy_Locke	Ralph_Barton_Perry	1
Alain_de_Lille	Aristotle	1
Alain_de_Lille	Boethius	2
Alain_de_Lille	Bonaventure	1
Alain_de_Lille	Dante_Alighieri	1
Alain_de_Lille	Gilbert_de_la_Porrée	3
Alain_de_Lille	John_of_Salisbury	1
Alain_de_Lille	Pythagoras	2
Alain_de_Lille	Thierry_of_Chartres	2
Alain_de_Lille	Thomas_Aquinas	1
Albert_Einstein	Arthur_Eddington	2
Albert_Einstein	Baruch_Spinoza	1
Albert_Einstein	Bertrand_Russell	1
Albert_Einstein	David_Hume	1
Albert_Einstein	Ernst_Mach	1
Albert_Einstein	Erwin_Schrödinger	1
Albert_Einstein	Henri_Bergson	1
Albert_Einstein	Henri_Poincaré	1
Albert_Einstein	Hermann_Weyl	1
Albert_Einstein	Immanuel_Kant	1
Albert_Einstein	Isaac_Newton	2
Albert_Einstein	James_Clerk_Maxwell	1
Albert_Einstein	Mahatma_Gandhi	1
Albert_Einstein	Max_Planck	2
Albert_Einstein	Niels_Bohr	3
Albert_Einstein	Sigmund_Freud	1
Albert_Einstein	Vladimir_Lenin	1
Albert_Schweitzer	Albert_Einstein	1
Albert_Schweitzer	Arthur_Schopenhauer	2
Albert_Schweitzer	Baruch_Spinoza	1
Albert_Schweitzer	Bertrand_Russell	1
Albert_Schweitzer	Charles_Darwin	1
Albert_Schweitzer	Ernst_Cassirer	1
Albert_Schweitzer	Georg_Wilhelm_Friedrich_Hegel	1
Albert_Schweitzer	Herbert_Spencer	1
Albert_Schweitzer	Immanuel_Kant	2
Albert_Schweitzer	Martin_Luther	1
Albert_Schweitzer	René_Descartes	1
Albert_Schweitzer	The_Buddha	2
Albert_of_Saxony_(philosopher)	Aristotle	2
Albert_of_Saxony_(philosopher)	Blasius_of_Parma	1
Albert_of_Saxony_(philosopher)	Jean_Buridan	2
Albert_of_Saxony_(philosopher)	John_Philoponus	1
Albert_of_Saxony_(philosopher)	Marsilius_of_Inghen	1
Albert_of_Saxony_(philosopher)	Nicole_Oresme	2
Albert_of_Saxony_(philosopher)	Porphyry_of_Tyre	1
Albert_of_Saxony_(philosopher)	Thomas_Bradwardine	1
Albert_of_Saxony_(philosopher)	William_of_Heytesbury	2
Albert_of_Saxony_(philosopher)	William_of_Ockham	1
Albertus_Magnus	Abu_Ma'shar_al-Balkhi	1
Albertus_Magnus	Aristotle	3
Albertus_Magnus	Averroes	1
Albertus_Magnus	Avicenna	1
Albertus_Magnus	Cicero	1
Albertus_Magnus	Dante_Alighieri	1
Albertus_Magnus	Peter_Lombard	1
Albertus_Magnus	Philip_the_Chancellor	1
Albertus_Magnus	Plotinus	1
Albertus_Magnus	Pseudo-Dionysius_the_Areopagite	1
Albertus_Magnus	Søren_Kierkegaard	1
Albertus_Magnus	Thomas_Aquinas	3
Albertus_Magnus	Étienne_Gilson	1
Albinus_(philosopher)	Alcinous_(philosopher)	1
Albinus_(philosopher)	Boethius	1
Albinus_(philosopher)	Galen	1
Albinus_(philosopher)	Plato	1
Alcibiades	Antisthenes	2
Alcibiades	Aristotle	3
Alcibiades	Isocrates	1
Alcibiades	Leo_Strauss	1
Alcibiades	Plato	1
Alcibiades	Plutarch	1
Alcibiades	Socrates	4
Alcibiades	Theophrastus	1
Alcibiades	Thucydides	4
Alcibiades	Xenophon	2
Alcinous_(philosopher)	Albinus_(philosopher)	3
Alcinous_(philosopher)	Alexander_of_Aphrodisias	1
Alcinous_(philosopher)	Apuleius	1
Alcinous_(philosopher)	Aspasius	1
Alcinous_(philosopher)	Galen	2
Alcinous_(philosopher)	Numenius_of_Apamea	1
Alcinous_(philosopher)	Plutarch	1
Alcmaeon_of_Croton	Anaximander	1
Alcmaeon_of_Croton	Anaximenes_of_Miletus	1
Alcmaeon_of_Croton	Aristotle	5
Alcmaeon_of_Croton	Calcidius	3
Alcmaeon_of_Croton	Cicero	2
Alcmaeon_of_Croton	Clement_of_Alexandria	2
Alcmaeon_of_Croton	Empedocles	1
Alcmaeon_of_Croton	Favorinus	1
Alcmaeon_of_Croton	Galen	3
Alcmaeon_of_Croton	Hippocrates	1
Alcmaeon_of_Croton	Plato	1
Alcmaeon_of_Croton	Plutarch	2
Alcmaeon_of_Croton	Pythagoras	2
Alcmaeon_of_Croton	Theophrastus	1
Alcuin	Augustine_of_Hippo	1
Alcuin	Bede	1
Alcuin	Peter_of_Pisa	1
Alcuin	Rabanus_Maurus	2
Aleksei_Losev	Aristotle	1
Aleksei_Losev	Edmund_Husserl	1
Aleksei_Losev	Friedrich_Wilhelm_Joseph_Schelling	1
Aleksei_Losev	Georg_Wilhelm_Friedrich_Hegel	1
Aleksei_Losev	Nicholas_of_Cusa	1
Aleksei_Losev	Pavel_Florensky	1
Aleksei_Losev	Plotinus	1
Aleksei_Losev	Sextus_Empiricus	1
Aleksei_Losev	Vladimir_Solovyov_(philosopher)	2
Aleksey_Khomyakov	Fyodor_Dostoevsky	1
Aleksey_Khomyakov	Konstantin_Pobedonostsev	1
Aleksey_Khomyakov	Nikolai_Berdyaev	1
Aleksey_Khomyakov	Nikolay_Lossky	1
Aleksey_Khomyakov	Pavel_Florensky	1
Aleksey_Khomyakov	Vladimir_Solovyov_(philosopher)	1
Alessandro_Achillini	Aristotle	1
Alessandro_Achillini	William_of_Ockham	1
Alexander_Bain_(philosopher)	Auguste_Comte	1
Alexander_Bain_(philosopher)	David_Hume	1
Alexander_Bain_(philosopher)	George_Croom_Robertson	1
Alexander_Bain_(philosopher)	George_Grote	1
Alexander_Bain_(philosopher)	George_Stout	1
Alexander_Bain_(philosopher)	James_Mill	1
Alexander_Bain_(philosopher)	John_Stuart_Mill	4
Alexander_Bain_(philosopher)	William_James	1
Alexander_Bain_(philosopher)	William_Paley	1
Alexander_Bogdanov	Ernst_Mach	2
Alexander_Bogdanov	Georgi_Plekhanov	1
Alexander_Bogdanov	Richard_Avenarius	2
Alexander_Bogdanov	Vladimir_Lenin	2
Alexander_Bryan_Johnson	John_Adams	1
Alexander_Gottlieb_Baumgarten	Christian_Wolff_(philosopher)	2
Alexander_Gottlieb_Baumgarten	Immanuel_Kant	1
Alexander_Gottlieb_Baumgarten	Leo_Tolstoy	2
Alexander_Gottlieb_Baumgarten	Martin_Heidegger	1
Alexander_Herzen	Friedrich_Schiller	1
Alexander_Herzen	Georg_Wilhelm_Friedrich_Hegel	3
Alexander_Herzen	Henri_de_Saint-Simon	1
Alexander_Herzen	Karl_Marx	1
Alexander_Herzen	Konstantin_Kavelin	2
Alexander_Herzen	Leo_Tolstoy	2
Alexander_Herzen	Lev_Shestov	1
Alexander_Herzen	Ludwig_Feuerbach	1
Alexander_Herzen	Mikhail_Bakunin	2
Alexander_Herzen	Nikolay_Chernyshevsky	1
Alexander_Herzen	Pierre-Joseph_Proudhon	1
Alexander_Herzen	Vissarion_Belinsky	3
Alexander_Herzen	Voltaire	1
Alexander_Neckam	Anselm_of_Canterbury	1
Alexander_Neckam	Aristotle	1
Alexander_Neckam	Augustine_of_Hippo	1
Alexander_Neckam	Avicenna	1
Alexander_Neckam	Peter_Lombard	1
Alexander_Neckam	Roger_Bacon	1
Alexander_Neckam	Thierry_of_Chartres	1
Alexander_Neckam	Urso_of_Calabria	1
Alexander_Neckam	William_of_Conches	1
Alexander_of_Aphrodisias	Aristotle	2
Alexander_of_Aphrodisias	Cesare_Cremonini_(philosopher)	1
Alexander_of_Aphrodisias	Cyril_of_Alexandria	1
Alexander_of_Aphrodisias	Galen	1
Alexander_of_Aphrodisias	Hugo_Grotius	1
Alexander_of_Aphrodisias	John_Philoponus	2
Alexander_of_Aphrodisias	Maimonides	1
Alexander_of_Aphrodisias	Olympiodorus_the_Younger	1
Alexander_of_Aphrodisias	Pietro_Pomponazzi	1
Alexander_of_Aphrodisias	Simplicius_of_Cilicia	3
Alexander_of_Aphrodisias	Themistius	2
Alexander_of_Hales	Anselm_of_Canterbury	4
Alexander_of_Hales	Aristotle	1
Alexander_of_Hales	Augustine_of_Hippo	2
Alexander_of_Hales	Bernard_of_Clairvaux	2
Alexander_of_Hales	Bonaventure	2
Alexander_of_Hales	John_of_La_Rochelle	1
Alexander_of_Hales	Peter_Lombard	3
Alexander_of_Hales	Pseudo-Dionysius_the_Areopagite	2
Alexander_of_Hales	Richard_Rufus_of_Cornwall	1
Alexander_of_Hales	Richard_of_Saint_Victor	1
Alexander_of_Hales	Roger_Bacon	2
Alexandre_Koyré	David_Hilbert	1
Alexandre_Koyré	Edmund_Husserl	3
Alexandre_Koyré	Galileo_Galilei	2
Alexandre_Koyré	Georg_Wilhelm_Friedrich_Hegel	1
Alexandre_Koyré	Giordano_Bruno	1
Alexandre_Koyré	Henri_Bergson	2
Alexandre_Koyré	Isaac_Newton	2
Alexandre_Koyré	Jakob_Böhme	1
Alexandre_Koyré	Leo_Strauss	1
Alexandre_Koyré	Léon_Brunschvicg	1
Alexandre_Koyré	Marin_Mersenne	1
Alexandre_Koyré	Nicholas_of_Cusa	1
Alexandre_Koyré	Plato	2
Alexis_de_Tocqueville	Aristotle	1
Alexis_de_Tocqueville	Arthur_de_Gobineau	1
Alexis_de_Tocqueville	Benjamin_Constant	1
Alexis_de_Tocqueville	Georg_Wilhelm_Friedrich_Hegel	1
Alexis_de_Tocqueville	Karl_Marx	1
Alexis_de_Tocqueville	Montesquieu	1
Alexius_Meinong	Bertrand_Russell	1
Alexius_Meinong	Christian_von_Ehrenfels	2
Alexius_Meinong	David_Hume	1
Alexius_Meinong	Edmund_Husserl	1
Alexius_Meinong	Franz_Brentano	2
Alexius_Meinong	Kazimierz_Twardowski	1
Alf_Ross	Axel_Hägerström	2
Alf_Ross	Hans_Kelsen	1
Alfred_Baeumler	Friedrich_Nietzsche	2
Alfred_Baeumler	Georg_Wilhelm_Friedrich_Hegel	1
Alfred_Baeumler	Immanuel_Kant	1
Alfred_Baeumler	Johann_Friedrich_Herbart	1
Alfred_Baeumler	Martin_Heidegger	1
Alfred_Loisy	John_Henry_Newman	1
Alfred_North_Whitehead	Albert_Einstein	1
Alfred_North_Whitehead	Arthur_Eddington	1
Alfred_North_Whitehead	Augustus_De_Morgan	1
Alfred_North_Whitehead	Bertrand_Russell	10
Alfred_North_Whitehead	Charles_Hartshorne	7
Alfred_North_Whitehead	Charles_Sanders_Peirce	1
Alfred_North_Whitehead	G._E._Moore	1
Alfred_North_Whitehead	George_Boole	1
Alfred_North_Whitehead	Henri_Bergson	3
Alfred_North_Whitehead	Immanuel_Kant	1
Alfred_North_Whitehead	James_Clerk_Maxwell	1
Alfred_North_Whitehead	John_Dewey	3
Alfred_North_Whitehead	John_Locke	1
Alfred_North_Whitehead	Ludwig_Wittgenstein	1
Alfred_North_Whitehead	René_Descartes	1
Alfred_North_Whitehead	Susanne_Langer	1
Alfred_North_Whitehead	William_James	3
Alfred_North_Whitehead	William_Temple_(bishop)	1
Alfred_Russel_Wallace	Charles_Darwin	2
Alfred_Russel_Wallace	Henry_George	1
Alfred_Russel_Wallace	Herbert_Spencer	1
Alfred_Russel_Wallace	Jean-Baptiste_Lamarck	1
Alfred_Russel_Wallace	Thomas_Henry_Huxley	2
Alfred_Russel_Wallace	Thomas_Paine	1
Alfred_Schütz	Edmund_Husserl	5
Alfred_Schütz	George_Herbert_Mead	1
Alfred_Schütz	Hans_Kelsen	1
Alfred_Schütz	Henri_Bergson	2
Alfred_Schütz	Ludwig_von_Mises	2
Alfred_Schütz	Max_Weber	4
Alfred_Schütz	William_James	2
Algernon_Sidney	Friedrich_Hayek	1
Algernon_Sidney	John_Adams	1
Algernon_Sidney	John_Locke	4
Algernon_Sidney	Robert_Filmer	1
Algernon_Sidney	Thomas_Jefferson	3
Ambrose	Arius	1
Ambrose	Athanasius_of_Alexandria	1
Ambrose	Augustine_of_Hippo	5
Ambrose	Cicero	1
Ambrose	Erasmus	2
Ambrose	Eusebius	1
Ambrose	Origen	2
Ambrose	Philo	2
Ambrose	Pope_Gregory_I	2
Ammonius_Hermiae	Aristotle	2
Ammonius_Hermiae	Boethius	1
Ammonius_Hermiae	Damascius	2
Ammonius_Hermiae	Iamblichus	1
Ammonius_Hermiae	John_Philoponus	4
Ammonius_Hermiae	Olympiodorus_the_Younger	3
Ammonius_Hermiae	Plato	2
Ammonius_Hermiae	Porphyry_of_Tyre	2
Ammonius_Hermiae	Proclus	3
Ammonius_Hermiae	Ptolemy	1
Ammonius_Hermiae	Simplicius_of_Cilicia	2
Ammonius_Hermiae	Syrianus	1
Ammonius_Saccas	Aristotle	1
Ammonius_Saccas	Cassius_Longinus_(philosopher)	3
Ammonius_Saccas	Eusebius	1
Ammonius_Saccas	Nemesius	3
Ammonius_Saccas	Origen	4
Ammonius_Saccas	Plato	1
Ammonius_Saccas	Plotinus	4
Ammonius_Saccas	Porphyry_of_Tyre	2
Anacharsis	Tertullian	1
Ananda_Coomaraswamy	Adi_Shankara	1
Ananda_Coomaraswamy	Augustine_of_Hippo	1
Ananda_Coomaraswamy	Clement_of_Alexandria	1
Ananda_Coomaraswamy	Meister_Eckhart	1
Ananda_Coomaraswamy	Philo	1
Ananda_Coomaraswamy	Plato	1
Ananda_Coomaraswamy	Plotinus	1
Ananda_Coomaraswamy	Rabindranath_Tagore	1
Ananda_Coomaraswamy	Thomas_Aquinas	1
Anandavardhana	Abhinavagupta	1
Anandavardhana	Adi_Shankara	1
Anandavardhana	Pāṇini	1
Anaxagoras	Dante_Alighieri	1
Anaxagoras	Diogenes_Laertius	1
Anaxagoras	Friedrich_Nietzsche	1
Anaxagoras	Johann_Wolfgang_von_Goethe	1
Anaxagoras	Nicholas_of_Cusa	1
Anaxagoras	Parmenides	2
Anaxagoras	Plato	2
Anaxagoras	Plutarch	9
Anaxagoras	Seneca_the_Younger	1
Anaxagoras	Sextus_Empiricus	4
Anaxagoras	Simplicius_of_Cilicia	2
Anaxagoras	Socrates	2
Anaxarchus	Democritus	2
Anaxarchus	Diogenes_Laertius	2
Anaxarchus	Metrodorus_of_Chios	1
Anaxarchus	Plutarch	2
Anaxarchus	Pyrrho	2
Anaxarchus	Sextus_Empiricus	1
Anaxilaus	Eusebius	1
Anaximander	Anaxagoras	1
Anaximander	Anaximenes_of_Miletus	3
Anaximander	Aristotle	3
Anaximander	Augustine_of_Hippo	1
Anaximander	Bertrand_Russell	1
Anaximander	Boethius	1
Anaximander	Cicero	1
Anaximander	Democritus	1
Anaximander	Diogenes_Laertius	2
Anaximander	Diogenes_of_Apollonia	1
Anaximander	Empedocles	1
Anaximander	Epicurus	1
Anaximander	Eusebius	2
Anaximander	Friedrich_Nietzsche	3
Anaximander	Heraclitus	1
Anaximander	Leucippus	1
Anaximander	Martin_Heidegger	1
Anaximander	Pherecydes_of_Syros	1
Anaximander	Plato	1
Anaximander	Plutarch	1
Anaximander	Porphyry_of_Tyre	1
Anaximander	Pythagoras	2
Anaximander	Seneca_the_Younger	2
Anaximander	Simplicius_of_Cilicia	3
Anaximander	Thales_of_Miletus	5
Anaximander	Themistius	3
Anaximander	Theophrastus	2
Anaximander	Xenophanes	1
Anaximenes_of_Miletus	Anaxagoras	2
Anaximenes_of_Miletus	Anaximander	2
Anaximenes_of_Miletus	Aristotle	3
Anaximenes_of_Miletus	Diogenes_Laertius	1
Anaximenes_of_Miletus	Diogenes_of_Apollonia	2
Anaximenes_of_Miletus	Georg_Wilhelm_Friedrich_Hegel	1
Anaximenes_of_Miletus	Heraclitus	2
Anaximenes_of_Miletus	Isaac_Newton	1
Anaximenes_of_Miletus	Plato	1
Anaximenes_of_Miletus	Plutarch	1
Anaximenes_of_Miletus	Simplicius_of_Cilicia	1
Anaximenes_of_Miletus	Thales_of_Miletus	2
Anaximenes_of_Miletus	Theophrastus	3
Anaximenes_of_Miletus	Xenophanes	2
Andrea_Cesalpino	Aristotle	1
Andrea_Cesalpino	Averroes	1
Andrea_Cesalpino	Baruch_Spinoza	1
Andrea_Cesalpino	John_Ray	1
Andrea_Cesalpino	Nicolaus_Taurellus	1
Andronicus_of_Rhodes	Aristotle	2
Andronicus_of_Rhodes	Plutarch	1
Andronicus_of_Rhodes	Theophrastus	1
Anna_Maria_van_Schurman	Elisabeth_of_the_Palatinate	1
Anna_Maria_van_Schurman	Gottfried_Wilhelm_Leibniz	1
Anna_Maria_van_Schurman	Jesus	1
Anna_Maria_van_Schurman	Seneca_the_Younger	1
Anne_Conway_(philosopher)	Franciscus_Mercurius_van_Helmont	2
Anne_Conway_(philosopher)	Gottfried_Wilhelm_Leibniz	2
Anne_Conway_(philosopher)	Henry_More	2
Anne_Conway_(philosopher)	René_Descartes	1
Anne_Conway_(philosopher)	Robert_Boyle	1
Anniceris	Aristippus	1
Anniceris	Diogenes_Laertius	1
Anniceris	Hegesias_of_Cyrene	1
Anniceris	Plato	1
Anselm_of_Canterbury	Aristotle	1
Anselm_of_Canterbury	Augustine_of_Hippo	2
Anselm_of_Canterbury	Boethius	2
Anselm_of_Canterbury	Bonaventure	1
Anselm_of_Canterbury	Calcidius	1
Anselm_of_Canterbury	Duns_Scotus	2
Anselm_of_Canterbury	Gilbert_de_la_Porrée	1
Anselm_of_Canterbury	Gottfried_Wilhelm_Leibniz	1
Anselm_of_Canterbury	Gregory_of_Nyssa	1
Anselm_of_Canterbury	Immanuel_Kant	2
Anselm_of_Canterbury	Jesus	2
Anselm_of_Canterbury	John_Scotus_Eriugena	1
Anselm_of_Canterbury	John_of_Salisbury	1
Anselm_of_Canterbury	Origen	1
Anselm_of_Canterbury	Peter_Damian	1
Anselm_of_Canterbury	Plato	1
Anselm_of_Canterbury	Pseudo-Dionysius_the_Areopagite	1
Anselm_of_Canterbury	René_Descartes	1
Anselm_of_Canterbury	Roscellinus	3
Anselm_of_Canterbury	Thomas_Aquinas	3
Anselm_of_Canterbury	William_of_Conches	1
Anselm_of_Canterbury	William_of_Ockham	1
Anthony_Ashley-Cooper,_3rd_Earl_of_Shaftesbury	Adam_Smith	1
Anthony_Ashley-Cooper,_3rd_Earl_of_Shaftesbury	Aristotle	1
Anthony_Ashley-Cooper,_3rd_Earl_of_Shaftesbury	Baruch_Spinoza	1
Anthony_Ashley-Cooper,_3rd_Earl_of_Shaftesbury	Benjamin_Whichcote	1
Anthony_Ashley-Cooper,_3rd_Earl_of_Shaftesbury	Bernard_Mandeville	1
Anthony_Ashley-Cooper,_3rd_Earl_of_Shaftesbury	Damaris_Cudworth_Masham	1
Anthony_Ashley-Cooper,_3rd_Earl_of_Shaftesbury	David_Hume	1
Anthony_Ashley-Cooper,_3rd_Earl_of_Shaftesbury	Denis_Diderot	1
Anthony_Ashley-Cooper,_3rd_Earl_of_Shaftesbury	Francis_Hutcheson_(philosopher)	1
Anthony_Ashley-Cooper,_3rd_Earl_of_Shaftesbury	George_Berkeley	1
Anthony_Ashley-Cooper,_3rd_Earl_of_Shaftesbury	Gottfried_Wilhelm_Leibniz	1
Anthony_Ashley-Cooper,_3rd_Earl_of_Shaftesbury	Gotthold_Ephraim_Lessing	1
Anthony_Ashley-Cooper,_3rd_Earl_of_Shaftesbury	Jean_Le_Clerc_(theologian)	1
Anthony_Ashley-Cooper,_3rd_Earl_of_Shaftesbury	Johann_Gottfried_Herder	1
Anthony_Ashley-Cooper,_3rd_Earl_of_Shaftesbury	John_Locke	1
Anthony_Ashley-Cooper,_3rd_Earl_of_Shaftesbury	John_Toland	1
Anthony_Ashley-Cooper,_3rd_Earl_of_Shaftesbury	Jonathan_Edwards_(theologian)	1
Anthony_Ashley-Cooper,_3rd_Earl_of_Shaftesbury	Joseph_Butler	1
Anthony_Ashley-Cooper,_3rd_Earl_of_Shaftesbury	Moses_Mendelssohn	1
Anthony_Ashley-Cooper,_3rd_Earl_of_Shaftesbury	Pierre_Bayle	1
Anthony_Ashley-Cooper,_3rd_Earl_of_Shaftesbury	René_Descartes	1
Anthony_Ashley-Cooper,_3rd_Earl_of_Shaftesbury	Thomas_Hobbes	1
Anthony_Ashley-Cooper,_3rd_Earl_of_Shaftesbury	Thomas_Jefferson	1
Anthony_Ashley-Cooper,_3rd_Earl_of_Shaftesbury	Voltaire	2
Anthony_Ashley-Cooper,_3rd_Earl_of_Shaftesbury	Wilhelm_von_Humboldt	1
Anthony_Collins_(philosopher)	John_Locke	1
Anthony_Collins_(philosopher)	Richard_Bentley	1
Anthony_Collins_(philosopher)	Samuel_Clarke	2
Antiochus_of_Ascalon	Arcesilaus	1
Antiochus_of_Ascalon	Augustine_of_Hippo	2
Antiochus_of_Ascalon	Carneades	1
Antiochus_of_Ascalon	Cicero	4
Antiochus_of_Ascalon	Eduard_Zeller	1
Antiochus_of_Ascalon	Numenius_of_Apamea	1
Antiochus_of_Ascalon	Panaetius	1
Antiochus_of_Ascalon	Philo_of_Larissa	2
Antiochus_of_Ascalon	Philodemus	3
Antiochus_of_Ascalon	Plutarch	2
Antiochus_of_Ascalon	Sextus_Empiricus	6
Antiochus_of_Ascalon	Titus_Pomponius_Atticus	1
Antiphon_(orator)	Alcibiades	1
Antiphon_(orator)	Gorgias	2
Antiphon_(orator)	Philostratus	1
Antiphon_(orator)	Plato	1
Antiphon_(orator)	Thucydides	2
Antiphon_(orator)	Xenophon	1
Antisthenes	Alcibiades	1
Antisthenes	Alexander_of_Aphrodisias	1
Antisthenes	Aristotle	2
Antisthenes	Cicero	1
Antisthenes	Crates_of_Thebes	1
Antisthenes	Diogenes	1
Antisthenes	Diogenes_Laertius	2
Antisthenes	Gorgias	3
Antisthenes	Plato	1
Antisthenes	Socrates	2
Antisthenes	Xenophon	1
Antisthenes	Zeno_of_Citium	1
Antoine_Arnauld	Augustine_of_Hippo	2
Antoine_Arnauld	Blaise_Pascal	1
Antoine_Arnauld	Euclid	1
Antoine_Arnauld	Gottfried_Wilhelm_Leibniz	1
Antoine_Arnauld	Nicolas_Malebranche	1
Antoine_Arnauld	René_Descartes	1
Antoine_Augustin_Cournot	Aristotle	1
Antoine_Augustin_Cournot	Pierre-Simon_Laplace	1
Antoine_Le_Grand	Jacques_Rohault	1
Antoine_Le_Grand	John_Sergeant_(priest)	1
Anton_Wilhelm_Amo	Christian_Wolff_(philosopher)	1
Anton_Wilhelm_Amo	René_Descartes	2
Antonio_Gramsci	Antonio_Labriola	1
Antonio_Gramsci	Benedetto_Croce	3
Antonio_Gramsci	Charles_Darwin	1
Antonio_Gramsci	Friedrich_Engels	1
Antonio_Gramsci	Friedrich_Nietzsche	1
Antonio_Gramsci	Georg_Wilhelm_Friedrich_Hegel	2
Antonio_Gramsci	Georges_Sorel	3
Antonio_Gramsci	Giovanni_Gentile	1
Antonio_Gramsci	Leon_Trotsky	1
Antonio_Gramsci	Niccolò_Machiavelli	2
Antonio_Gramsci	Pierre-Joseph_Proudhon	1
Antonio_Gramsci	Sigmund_Freud	1
Antonio_Gramsci	Vilfredo_Pareto	1
Antonio_Gramsci	Vladimir_Lenin	2
Antonio_Labriola	Antonio_Gramsci	1
Antonio_Labriola	Benedetto_Croce	1
Antonio_Labriola	Georg_Wilhelm_Friedrich_Hegel	1
Antonio_Labriola	Johann_Friedrich_Herbart	1
Antonio_Labriola	Karl_Kautsky	1
Antonio_Labriola	Leon_Trotsky	1
Antonio_Rosmini	Georg_Wilhelm_Friedrich_Hegel	1
Antonio_Rosmini	John_Locke	1
Apollonius_of_Tyana	Eusebius	1
Apollonius_of_Tyana	Hunayn_ibn_Ishaq	1
Apollonius_of_Tyana	Iamblichus	1
Apollonius_of_Tyana	Jesus	1
Apollonius_of_Tyana	Laozi	1
Apollonius_of_Tyana	Lucian	1
Apollonius_of_Tyana	Marquis_de_Sade	1
Apollonius_of_Tyana	Philostratus	3
Apollonius_of_Tyana	Porphyry_of_Tyre	2
Apollonius_of_Tyana	Pythagoras	3
Apollonius_of_Tyana	Socrates	1
Apuleius	Augustine_of_Hippo	2
Apuleius	Boethius	1
Apuleius	Plato	1
Apuleius	Plutarch	1
Arcesilaus	Aristo_of_Chios	1
Arcesilaus	Blaise_Pascal	1
Arcesilaus	Cicero	1
Arcesilaus	Cleanthes	1
Arcesilaus	Crantor	1
Arcesilaus	Diodorus_Cronus	3
Arcesilaus	Diogenes_Laertius	3
Arcesilaus	Epicurus	1
Arcesilaus	Eusebius	4
Arcesilaus	Heraclitus	1
Arcesilaus	Menedemus	1
Arcesilaus	Numenius_of_Apamea	1
Arcesilaus	Parmenides	1
Arcesilaus	Plato	3
Arcesilaus	Plutarch	1
Arcesilaus	Pyrrho	5
Arcesilaus	Sextus_Empiricus	2
Arcesilaus	Socrates	1
Arcesilaus	Theophrastus	1
Arcesilaus	Timon_of_Phlius	4
Arcesilaus	Zeno_of_Citium	2
Archibald_Alison_(author)	Dugald_Stewart	1
Archimedes	Alfred_North_Whitehead	1
Archimedes	Apuleius	1
Archimedes	Archytas	1
Archimedes	Aristotle	2
Archimedes	Christiaan_Huygens	1
Archimedes	Cicero	4
Archimedes	Democritus	1
Archimedes	Euclid	1
Archimedes	Eudoxus_of_Cnidus	2
Archimedes	Galen	2
Archimedes	Galileo_Galilei	2
Archimedes	Gerard_of_Cremona	1
Archimedes	Gottfried_Wilhelm_Leibniz	1
Archimedes	Gotthold_Ephraim_Lessing	1
Archimedes	Isaac_Newton	1
Archimedes	Lucian	1
Archimedes	Plato	1
Archimedes	Plutarch	4
Archimedes	Ptolemy	1
Archimedes	René_Descartes	1
Archimedes	Thābit_ibn_Qurra	1
Archimedes	William_of_Moerbeke	1
Archytas	Aristotle	1
Archytas	Diogenes_Laertius	1
Archytas	Euclid	1
Archytas	Eudoxus_of_Cnidus	1
Archytas	Favorinus	1
Archytas	Philolaus	1
Archytas	Plato	3
Archytas	Plutarch	1
Archytas	Ptolemy	1
Archytas	Pythagoras	1
Aristides_of_Athens	Celsus	1
Aristides_of_Athens	Eusebius	2
Aristides_of_Athens	Origen	1
Aristippus	Aristotle	1
Aristippus	Diogenes_Laertius	2
Aristippus	Panaetius	1
Aristippus	Plato	1
Aristippus	Socrates	3
Aristippus	Theophrastus	1
Aristippus	Xenophon	1
Aristo_of_Chios	Arcesilaus	2
Aristo_of_Chios	Chrysippus	1
Aristo_of_Chios	Cicero	1
Aristo_of_Chios	Diodorus_Cronus	1
Aristo_of_Chios	Plato	1
Aristo_of_Chios	Pyrrho	1
Aristo_of_Chios	Seneca_the_Younger	1
Aristo_of_Chios	Zeno_of_Citium	3
Aristotle	Al-Farabi	1
Aristotle	Al-Kindi	1
Aristotle	Albertus_Magnus	1
Aristotle	Alcmaeon_of_Croton	1
Aristotle	Alexander_of_Aphrodisias	1
Aristotle	Ammonius_Hermiae	1
Aristotle	Anaxagoras	1
Aristotle	Andronicus_of_Rhodes	1
Aristotle	Archimedes	1
Aristotle	Aristoxenus	3
Aristotle	Averroes	1
Aristotle	Avicenna	1
Aristotle	Bertrand_Russell	1
Aristotle	Boethius	1
Aristotle	Charles_Darwin	2
Aristotle	Dante_Alighieri	2
Aristotle	Democritus	2
Aristotle	Diogenes_Laertius	2
Aristotle	Empedocles	4
Aristotle	Galen	1
Aristotle	Galileo_Galilei	2
Aristotle	George_Boole	1
Aristotle	Gerard_of_Cremona	1
Aristotle	Henry_Home,_Lord_Kames	1
Aristotle	Immanuel_Kant	1
Aristotle	Isaac_Newton	1
Aristotle	Jean_Buridan	2
Aristotle	John_Philoponus	2
Aristotle	Justinian_I	1
Aristotle	Maimonides	1
Aristotle	Marcus_Aurelius	1
Aristotle	Olympiodorus_the_Younger	1
Aristotle	Plato	3
Aristotle	Porphyry_of_Tyre	1
Aristotle	Samuel_ibn_Tibbon	1
Aristotle	Simplicius_of_Cilicia	1
Aristotle	Speusippus	1
Aristotle	Syrianus	1
Aristotle	Theophrastus	5
Aristotle	Thomas_Aquinas	2
Aristotle	William_of_Moerbeke	1
Aristotle	Xenocrates	1
Aristoxenus	Archytas	3
Aristoxenus	Aristotle	2
Aristoxenus	Cicero	3
Aristoxenus	Philolaus	2
Aristoxenus	Plato	1
Aristoxenus	Porphyry_of_Tyre	1
Aristoxenus	Ptolemy	1
Aristoxenus	Pythagoras	1
Aristoxenus	Socrates	1
Aristoxenus	Theophrastus	1
Arius	Athanasius_of_Alexandria	3
Arius	Eusebius	3
Arius	Jesus	2
Arius	Origen	2
Arius	Porphyry_of_Tyre	1
Arnold_Geulincx	Baruch_Spinoza	1
Arnold_Geulincx	Christian_Thomasius	1
Arnold_Geulincx	Christian_Wolff_(philosopher)	1
Arnold_Geulincx	Friedrich_Nietzsche	1
Arnold_Geulincx	Gottfried_Wilhelm_Leibniz	1
Arnold_Geulincx	Jean_Le_Clerc_(theologian)	1
Arnold_Geulincx	Pierre_Bayle	1
Arnold_Geulincx	René_Descartes	1
Arnold_Ruge	Karl_Marx	1
Arnold_Ruge	Plato	1
Arthur_Collier	Aristotle	1
Arthur_Collier	George_Berkeley	1
Arthur_Collier	Gottfried_Wilhelm_Leibniz	1
Arthur_Collier	John_Locke	1
Arthur_Collier	John_Norris_(philosopher)	1
Arthur_Collier	Nicolas_Malebranche	1
Arthur_Collier	René_Descartes	1
Arthur_Collier	Sir_William_Hamilton,_9th_Baronet	1
Arthur_Eddington	Albert_Einstein	3
Arthur_Eddington	Alfred_North_Whitehead	1
Arthur_Eddington	Bertrand_Russell	1
Arthur_Eddington	Charles_Darwin	1
Arthur_Oncken_Lovejoy	Albert_Einstein	1
Arthur_Oncken_Lovejoy	George_Boas	1
Arthur_Oncken_Lovejoy	Josiah_Royce	2
Arthur_Oncken_Lovejoy	William_James	2
Arthur_Schopenhauer	Albert_Einstein	1
Arthur_Schopenhauer	Baltasar_Gracián	1
Arthur_Schopenhauer	Baruch_Spinoza	1
Arthur_Schopenhauer	Bertrand_Russell	1
Arthur_Schopenhauer	Charles_Darwin	1
Arthur_Schopenhauer	David_Hume	1
Arthur_Schopenhauer	Eduard_von_Hartmann	1
Arthur_Schopenhauer	Erwin_Schrödinger	1
Arthur_Schopenhauer	Francis_Bacon	1
Arthur_Schopenhauer	Friedrich_Heinrich_Jacobi	1
Arthur_Schopenhauer	Friedrich_Nietzsche	2
Arthur_Schopenhauer	Friedrich_Schleiermacher	1
Arthur_Schopenhauer	Friedrich_Wilhelm_Joseph_Schelling	1
Arthur_Schopenhauer	Georg_Wilhelm_Friedrich_Hegel	1
Arthur_Schopenhauer	George_Berkeley	1
Arthur_Schopenhauer	George_Santayana	1
Arthur_Schopenhauer	Giordano_Bruno	1
Arthur_Schopenhauer	Gottlob_Ernst_Schulze	3
Arthur_Schopenhauer	Gottlob_Frege	1
Arthur_Schopenhauer	Hans_Vaihinger	1
Arthur_Schopenhauer	Hermann_von_Helmholtz	1
Arthur_Schopenhauer	Hicetas	1
Arthur_Schopenhauer	Immanuel_Kant	2
Arthur_Schopenhauer	Jakob_Friedrich_Fries	1
Arthur_Schopenhauer	James_Clerk_Maxwell	1
Arthur_Schopenhauer	Johann_Gottfried_Herder	2
Arthur_Schopenhauer	Johann_Gottlieb_Fichte	2
Arthur_Schopenhauer	Johann_Wolfgang_von_Goethe	2
Arthur_Schopenhauer	John_Locke	1
Arthur_Schopenhauer	Karl_Christian_Friedrich_Krause	3
Arthur_Schopenhauer	L._E._J._Brouwer	1
Arthur_Schopenhauer	Leo_Tolstoy	1
Arthur_Schopenhauer	Ludwig_Wittgenstein	1
Arthur_Schopenhauer	Marsilio_Ficino	1
Arthur_Schopenhauer	Nicolas_Malebranche	1
Arthur_Schopenhauer	Otto_Weininger	1
Arthur_Schopenhauer	Paul_Deussen	1
Arthur_Schopenhauer	Petrarch	1
Arthur_Schopenhauer	Philipp_Mainländer	1
Arthur_Schopenhauer	Philolaus	1
Arthur_Schopenhauer	Plato	2
Arthur_Schopenhauer	Plotinus	1
Arthur_Schopenhauer	Samuel_von_Pufendorf	1
Arthur_Schopenhauer	Seneca_the_Younger	1
Arthur_Schopenhauer	Sigmund_Freud	1
Arthur_Schopenhauer	The_Buddha	2
Arthur_Schopenhauer	Thomas_Hobbes	2
Arthur_Schopenhauer	Vladimir_Solovyov_(philosopher)	1
Arthur_de_Gobineau	Alexis_de_Tocqueville	1
Arthur_de_Gobineau	Voltaire	1
Asanga	Fazang	1
Asanga	Vasubandhu	2
Asclepiades_of_Bithynia	Antiochus_of_Ascalon	1
Asclepiades_of_Bithynia	Democritus	1
Asclepiades_of_Bithynia	Epicurus	1
Asclepiades_of_Bithynia	Galen	1
Asclepiades_of_Bithynia	Hippocrates	1
Ashtavakra	Uddālaka_Āruṇi	3
Ashtavakra	Śvetaketu	1
Aspasius	Albertus_Magnus	1
Aspasius	Aristotle	1
Aspasius	Boethius	1
Aspasius	Plotinus	1
Aspasius	Porphyry_of_Tyre	1
Athanasius_of_Alexandria	Arius	4
Athanasius_of_Alexandria	C._S._Lewis	1
Athanasius_of_Alexandria	Clement_of_Alexandria	1
Athanasius_of_Alexandria	Cyril_of_Alexandria	2
Athanasius_of_Alexandria	Eusebius	2
Athanasius_of_Alexandria	Isaac_Newton	1
Athanasius_of_Alexandria	John_Henry_Newman	1
Athanasius_of_Alexandria	Origen	2
Athanasius_of_Alexandria	Pope_Gregory_I	1
Atiśa	Asanga	1
Atiśa	Chandrakirti	1
Atiśa	Je_Tsongkhapa	1
Atiśa	Nagarjuna	1
Atiśa	Naropa	1
Atiśa	Vasubandhu	1
August_Cieszkowski	Georg_Wilhelm_Friedrich_Hegel	2
August_Cieszkowski	Joachim_of_Fiore	1
August_Cieszkowski	Karl_Marx	2
August_Cieszkowski	Moses_Hess	1
August_Wilhelm_Rehberg	Immanuel_Kant	1
Auguste_Comte	Aristotle	1
Auguste_Comte	Charles_Darwin	1
Auguste_Comte	Charles_Renouvier	1
Auguste_Comte	George_Eliot	2
Auguste_Comte	Harriet_Martineau	3
Auguste_Comte	Henri_de_Saint-Simon	3
Auguste_Comte	Herbert_Spencer	2
Auguste_Comte	Jeremy_Bentham	1
Auguste_Comte	John_Stuart_Mill	4
Auguste_Comte	Joseph_de_Maistre	1
Auguste_Comte	Karl_Marx	1
Auguste_Comte	Lucien_Lévy-Bruhl	1
Auguste_Comte	Pierre_Laffitte_(philosopher)	2
Auguste_Comte	Émile_Durkheim	1
Auguste_Comte	Émile_Littré	1
Augustine_of_Hippo	Alcuin	1
Augustine_of_Hippo	Ambrose	6
Augustine_of_Hippo	Anselm_of_Canterbury	1
Augustine_of_Hippo	Arthur_Schopenhauer	1
Augustine_of_Hippo	Bede	2
Augustine_of_Hippo	Bertrand_Russell	1
Augustine_of_Hippo	Cicero	2
Augustine_of_Hippo	Clement_of_Alexandria	1
Augustine_of_Hippo	Edmund_Husserl	1
Augustine_of_Hippo	Ferdinand_de_Saussure	1
Augustine_of_Hippo	Friedrich_Nietzsche	1
Augustine_of_Hippo	Gaius_Marius_Victorinus	1
Augustine_of_Hippo	Gregory_of_Nyssa	1
Augustine_of_Hippo	Immanuel_Kant	1
Augustine_of_Hippo	John_Calvin	1
Augustine_of_Hippo	Jonathan_Edwards_(theologian)	1
Augustine_of_Hippo	Ludwig_Wittgenstein	1
Augustine_of_Hippo	Martin_Heidegger	3
Augustine_of_Hippo	Pelagius	2
Augustine_of_Hippo	Plato	1
Augustine_of_Hippo	Plotinus	2
Augustine_of_Hippo	Pope_Gregory_I	3
Augustine_of_Hippo	Porphyry_of_Tyre	1
Augustine_of_Hippo	Rabanus_Maurus	1
Augustine_of_Hippo	René_Descartes	1
Augustine_of_Hippo	Robert_Kilwardby	1
Augustine_of_Hippo	Søren_Kierkegaard	1
Augustine_of_Hippo	Tertullian	1
Augustine_of_Hippo	Thomas_Aquinas	3
Augustus_De_Morgan	Alfred_North_Whitehead	2
Augustus_De_Morgan	C._I._Lewis	2
Augustus_De_Morgan	Charles_Babbage	1
Augustus_De_Morgan	Charles_Sanders_Peirce	3
Augustus_De_Morgan	Euclid	1
Augustus_De_Morgan	George_Boole	3
Augustus_De_Morgan	George_Croom_Robertson	1
Augustus_De_Morgan	George_Grote	1
Augustus_De_Morgan	Gottfried_Wilhelm_Leibniz	1
Augustus_De_Morgan	Henry_Brougham,_1st_Baron_Brougham_and_Vaux	1
Augustus_De_Morgan	James_Martineau	1
Augustus_De_Morgan	Johann_Heinrich_Lambert	1
Augustus_De_Morgan	John_Herschel	1
Augustus_De_Morgan	Pierre-Simon_Laplace	1
Augustus_De_Morgan	Sir_William_Hamilton,_9th_Baronet	2
Augustus_De_Morgan	Socrates	1
Augustus_De_Morgan	William_Kingdon_Clifford	1
Augustus_De_Morgan	William_Stanley_Jevons	2
Augustus_De_Morgan	William_Whewell	3
Avempace	Albertus_Magnus	1
Avempace	Aristotle	5
Avempace	Averroes	3
Avempace	Avicenna	1
Avempace	Duns_Scotus	1
Avempace	Galen	1
Avempace	Galileo_Galilei	2
Avempace	Hippocrates	1
Avempace	Ibn_Tufayl	1
Avempace	Judah_Halevi	1
Avempace	Maimonides	3
Avempace	Plato	2
Avempace	Ptolemy	1
Avempace	Thomas_Aquinas	1
Averroes	Agostino_Nifo	1
Averroes	Al-Farabi	3
Averroes	Al-Ghazali	3
Averroes	Aristotle	2
Averroes	Avempace	4
Averroes	Avicenna	5
Averroes	Boetius_of_Dacia	1
Averroes	Dante_Alighieri	1
Averroes	Elia_del_Medigo	1
Averroes	Eudoxus_of_Cnidus	1
Averroes	Galen	1
Averroes	Galileo_Galilei	1
Averroes	Gersonides	1
Averroes	Ibn_Arabi	1
Averroes	Ibn_Tufayl	3
Averroes	John_of_Jandun	1
Averroes	Maimonides	1
Averroes	Marsilius_of_Padua	1
Averroes	Pietro_Pomponazzi	1
Averroes	Plato	1
Averroes	Porphyry_of_Tyre	1
Averroes	Pythagoras	1
Averroes	Ramon_Llull	1
Averroes	Samuel_ibn_Tibbon	1
Averroes	Shem-Tov_ibn_Falaquera	1
Averroes	Siger_of_Brabant	1
Averroes	Thomas_Aquinas	6
Avicenna	Abu_Bakr_al-Razi	1
Avicenna	Al-Farabi	2
Avicenna	Al-Ghazali	2
Avicenna	Al-Kindi	2
Avicenna	Albertus_Magnus	2
Avicenna	Aristotle	2
Avicenna	Averroes	1
Avicenna	Dante_Alighieri	1
Avicenna	Fakhr_al-Din_al-Razi	1
Avicenna	Hunayn_ibn_Ishaq	1
Avicenna	Ibn_Taymiyya	1
Avicenna	Ibn_al-Haytham	1
Avicenna	Ibn_al-Khammar	1
Avicenna	Jean_Buridan	1
Avicenna	Johannes_Kepler	1
Avicenna	John_Philoponus	1
Avicenna	Martin_Heidegger	1
Avicenna	Nasir_al-Din_al-Tusi	1
Avicenna	Omar_Khayyam	1
Avicenna	Plato	2
Avicenna	Porphyry_of_Tyre	1
Avicenna	Ptolemy	2
Avicenna	René_Descartes	1
Avicenna	Roger_Bacon	1
Avicenna	Socrates	2
Avicenna	Thomas_Aquinas	1
Avicenna	Vincent_of_Beauvais	1
Avicenna	William_of_Auvergne	1
Avicenna	William_of_Ockham	1
Axel_Hägerström	Alf_Ross	1
Axel_Hägerström	C._D._Broad	1
Axel_Hägerström	Karl_Olivecrona	2
B._R._Ambedkar	Friedrich_Hayek	1
B._R._Ambedkar	John_Dewey	3
B._R._Ambedkar	Ludwig_von_Mises	1
B._R._Ambedkar	Mahatma_Gandhi	2
B._R._Ambedkar	Sarvepalli_Radhakrishnan	1
B._R._Ambedkar	The_Buddha	1
Baltasar_Gracián	Arthur_Schopenhauer	3
Baltasar_Gracián	Benedetto_Croce	1
Baltasar_Gracián	Friedrich_Nietzsche	2
Baron_d'Holbach	Adam_Smith	1
Baron_d'Holbach	Benjamin_Franklin	1
Baron_d'Holbach	Cesare_Beccaria	1
Baron_d'Holbach	Claude_Adrien_Helvétius	1
Baron_d'Holbach	David_Hume	3
Baron_d'Holbach	Denis_Diderot	5
Baron_d'Holbach	Ibn_al-Rawandi	1
Baron_d'Holbach	Immanuel_Kant	1
Baron_d'Holbach	Jean-Jacques_Rousseau	4
Baron_d'Holbach	Jean_Le_Rond_d'Alembert	1
Baron_d'Holbach	John_Locke	1
Baron_d'Holbach	Joseph_Priestley	1
Baron_d'Holbach	Karl_Marx	1
Baron_d'Holbach	Marquis_de_Condorcet	1
Baron_d'Holbach	Thomas_Hobbes	1
Baron_d'Holbach	Voltaire	2
Baron_d'Holbach	William_Godwin	1
Baron_d'Holbach	Étienne_Bonnot_de_Condillac	1
Bartolomé_de_Medina_(theologian)	Domingo_Báñez	1
Bartolomé_de_Medina_(theologian)	Francisco_de_Vitoria	2
Bartolomé_de_Medina_(theologian)	Thomas_Aquinas	1
Bartolus_de_Saxoferrato	Friedrich_Carl_von_Savigny	1
Bartolus_de_Saxoferrato	Lorenzo_Valla	1
Baruch_Spinoza	Albert_Einstein	1
Baruch_Spinoza	Arthur_Schopenhauer	1
Baruch_Spinoza	Charles_Hartshorne	2
Baruch_Spinoza	Christiaan_Huygens	1
Baruch_Spinoza	David_Hume	1
Baruch_Spinoza	Edmund_Husserl	1
Baruch_Spinoza	Euclid	1
Baruch_Spinoza	Friedrich_Heinrich_Jacobi	1
Baruch_Spinoza	Friedrich_Nietzsche	1
Baruch_Spinoza	Friedrich_Wilhelm_Joseph_Schelling	1
Baruch_Spinoza	G._E._Moore	1
Baruch_Spinoza	Galileo_Galilei	1
Baruch_Spinoza	Georg_Wilhelm_Friedrich_Hegel	4
Baruch_Spinoza	George_Eliot	2
Baruch_Spinoza	George_Santayana	1
Baruch_Spinoza	Gersonides	1
Baruch_Spinoza	Gottfried_Wilhelm_Leibniz	4
Baruch_Spinoza	Gotthold_Ephraim_Lessing	2
Baruch_Spinoza	Immanuel_Kant	2
Baruch_Spinoza	Isaac_Newton	1
Baruch_Spinoza	Johann_Gottlieb_Fichte	1
Baruch_Spinoza	Johann_Wolfgang_von_Goethe	2
Baruch_Spinoza	John_Locke	1
Baruch_Spinoza	Julien_Offray_de_La_Mettrie	1
Baruch_Spinoza	Karl_Jaspers	1
Baruch_Spinoza	Karl_Marx	1
Baruch_Spinoza	Laozi	1
Baruch_Spinoza	Leo_Strauss	1
Baruch_Spinoza	Ludwig_Wittgenstein	1
Baruch_Spinoza	Maimonides	2
Baruch_Spinoza	Martin_Heidegger	1
Baruch_Spinoza	Max_Müller	1
Baruch_Spinoza	Moses_Hess	1
Baruch_Spinoza	Moses_Mendelssohn	2
Baruch_Spinoza	Novalis	1
Baruch_Spinoza	Pierre_Bayle	1
Baruch_Spinoza	René_Descartes	4
Baruch_Spinoza	Sigmund_Freud	2
Baruch_Spinoza	Thomas_Hobbes	2
Baruch_Spinoza	Uriel_da_Costa	2
Basava	Adi_Shankara	2
Basava	Ramanuja	1
Basilides	Ambrose	1
Basilides	Clement_of_Alexandria	3
Basilides	Eusebius	1
Basilides	Origen	2
Basilides	Pherecydes_of_Syros	1
Basilides	Tertullian	1
Basilides	Valentinus_(Gnostic)	1
Bede	Alcuin	1
Bede	Ambrose	2
Bede	Anselm_of_Canterbury	1
Bede	Athanasius_of_Alexandria	1
Bede	Augustine_of_Hippo	2
Bede	Cicero	1
Bede	Cyril_of_Alexandria	1
Bede	Dante_Alighieri	1
Bede	Eusebius	1
Bede	Isidore_of_Seville	3
Bede	John_Henry_Newman	1
Bede	Lucretius	1
Bede	Origen	2
Bede	Pope_Gregory_I	3
Bede	Richard_of_Saint_Victor	1
Bede	Thomas_Carlyle	1
Benedetto_Croce	Antonio_Gramsci	1
Benedetto_Croce	Antonio_Labriola	1
Benedetto_Croce	Aristotle	1
Benedetto_Croce	Arthur_Schopenhauer	1
Benedetto_Croce	Friedrich_Engels	1
Benedetto_Croce	Friedrich_Wilhelm_Joseph_Schelling	1
Benedetto_Croce	Georg_Wilhelm_Friedrich_Hegel	2
Benedetto_Croce	Giambattista_Vico	3
Benedetto_Croce	Giovanni_Gentile	2
Benedetto_Croce	Immanuel_Kant	1
Benedetto_Croce	John_Locke	1
Benedetto_Croce	Karl_Kautsky	1
Benedetto_Croce	R._G._Collingwood	2
Benjamin_Constant	Friedrich_Schiller	1
Benjamin_Constant	Friedrich_Schlegel	1
Benjamin_Constant	Gabriel_Bonnot_de_Mably	1
Benjamin_Constant	Germaine_de_Staël	3
Benjamin_Constant	Immanuel_Kant	1
Benjamin_Constant	Jean-Jacques_Rousseau	1
Benjamin_Constant	Johann_Wolfgang_von_Goethe	1
Benjamin_Constant	Montesquieu	1
Benjamin_Constant	Novalis	1
Benjamin_Constant	William_Blackstone	1
Benjamin_Franklin	Adam_Smith	1
Benjamin_Franklin	Christiaan_Huygens	1
Benjamin_Franklin	David_Hume	1
Benjamin_Franklin	Henry_Home,_Lord_Kames	1
Benjamin_Franklin	Isaac_Newton	1
Benjamin_Franklin	Jesus	1
Benjamin_Franklin	John_Adams	1
Benjamin_Franklin	Joseph_Priestley	4
Benjamin_Franklin	Max_Weber	1
Benjamin_Franklin	Richard_Price	2
Benjamin_Franklin	Socrates	1
Benjamin_Franklin	Thomas_Jefferson	3
Benjamin_Franklin	Thomas_Percival	1
Benjamin_Franklin	Voltaire	1
Benjamin_Paul_Blood	James_Hutchison_Stirling	1
Benjamin_Paul_Blood	Ralph_Barton_Perry	1
Benjamin_Paul_Blood	William_James	1
Benjamin_Peirce	Bertrand_Russell	1
Benjamin_Peirce	Charles_Sanders_Peirce	7
Benjamin_Peirce	George_Boole	1
Benjamin_Peirce	Gottlob_Frege	1
Benjamin_Tucker	Herbert_Spencer	1
Benjamin_Tucker	Karl_Marx	2
Benjamin_Tucker	Lysander_Spooner	2
Benjamin_Tucker	Max_Stirner	1
Benjamin_Tucker	Pierre-Joseph_Proudhon	5
Bernard_Bolzano	Alexius_Meinong	1
Bernard_Bolzano	Charles_Sanders_Peirce	1
Bernard_Bolzano	Edmund_Husserl	1
Bernard_Bolzano	Franz_Brentano	1
Bernard_Bolzano	Georg_Cantor	1
Bernard_Bolzano	Gottfried_Wilhelm_Leibniz	1
Bernard_Bolzano	Immanuel_Kant	1
Bernard_Bolzano	Kazimierz_Twardowski	1
Bernard_Bolzano	Richard_Dedekind	1
Bernard_Bosanquet_(philosopher)	Aristotle	1
Bernard_Bosanquet_(philosopher)	Bertrand_Russell	1
Bernard_Bosanquet_(philosopher)	F._H._Bradley	1
Bernard_Bosanquet_(philosopher)	Georg_Wilhelm_Friedrich_Hegel	2
Bernard_Bosanquet_(philosopher)	Immanuel_Kant	1
Bernard_Bosanquet_(philosopher)	John_Dewey	1
Bernard_Bosanquet_(philosopher)	Ludwig_Wittgenstein	1
Bernard_Bosanquet_(philosopher)	Plato	1
Bernard_Bosanquet_(philosopher)	T._H._Green	1
Bernard_Bosanquet_(philosopher)	William_James	1
Bernard_Le_Bovier_de_Fontenelle	Blaise_Pascal	1
Bernard_Le_Bovier_de_Fontenelle	Denis_Diderot	1
Bernard_Le_Bovier_de_Fontenelle	Isaac_Newton	1
Bernard_Le_Bovier_de_Fontenelle	Jean-Jacques_Rousseau	1
Bernard_Le_Bovier_de_Fontenelle	Jean_Le_Rond_d'Alembert	1
Bernard_Le_Bovier_de_Fontenelle	Marin_Mersenne	1
Bernard_Le_Bovier_de_Fontenelle	Michel_de_Montaigne	1
Bernard_Le_Bovier_de_Fontenelle	Nicolas_Malebranche	1
Bernard_Le_Bovier_de_Fontenelle	Pierre_Gassendi	1
Bernard_Le_Bovier_de_Fontenelle	René_Descartes	3
Bernard_Le_Bovier_de_Fontenelle	Socrates	1
Bernard_Le_Bovier_de_Fontenelle	Thomas_Hobbes	1
Bernard_Le_Bovier_de_Fontenelle	Voltaire	1
Bernard_Mandeville	Adam_Smith	2
Bernard_Mandeville	Alexander_Bain_(philosopher)	1
Bernard_Mandeville	Anthony_Ashley-Cooper,_3rd_Earl_of_Shaftesbury	1
Bernard_Mandeville	Claude_Adrien_Helvétius	1
Bernard_Mandeville	Erasmus	1
Bernard_Mandeville	Friedrich_Hayek	1
Bernard_Mandeville	George_Berkeley	1
Bernard_Mandeville	John_Locke	1
Bernard_Mandeville	John_Maynard_Keynes	1
Bernard_Mandeville	Karl_Marx	1
Bernard_Mandeville	Samuel_Johnson	1
Bernard_Mandeville	Thomas_Hobbes	1
Bernard_Mandeville	Wilhelm_Windelband	1
Bernard_Mandeville	William_Law	1
Bernard_of_Chartres	Aristotle	2
Bernard_of_Chartres	Bernardus_Silvestris	1
Bernard_of_Chartres	Boethius	1
Bernard_of_Chartres	Gilbert_de_la_Porrée	1
Bernard_of_Chartres	John_of_Salisbury	2
Bernard_of_Chartres	Thierry_of_Chartres	1
Bernard_of_Chartres	William_of_Conches	1
Bernard_of_Clairvaux	Dante_Alighieri	2
Bernard_of_Clairvaux	Gilbert_de_la_Porrée	1
Bernard_of_Clairvaux	William_of_Champeaux	1
Bernard_of_Clairvaux	William_of_Saint-Thierry	2
Bernardino_Telesio	Averroes	1
Bernardino_Telesio	Francis_Bacon	1
Bernardino_Telesio	Franciscus_Patricius	1
Bernardino_Telesio	Giordano_Bruno	1
Bernardino_Telesio	Nicolaus_Copernicus	1
Bernardino_Telesio	René_Descartes	1
Bernardino_Telesio	Thomas_Aquinas	1
Bernardino_Telesio	Tommaso_Campanella	1
Bernardus_Silvestris	Bernard_of_Chartres	2
Bernardus_Silvestris	Bonaventure	1
Bernardus_Silvestris	Dante_Alighieri	1
Bernardus_Silvestris	Hildegard_of_Bingen	1
Bernardus_Silvestris	John_Scotus_Eriugena	1
Bernardus_Silvestris	John_of_Salisbury	1
Bernardus_Silvestris	Nicholas_of_Cusa	1
Bernardus_Silvestris	Thierry_of_Chartres	1
Bernardus_Silvestris	Vincent_of_Beauvais	1
Bernhard_Riemann	Albert_Einstein	1
Bernhard_Riemann	David_Hilbert	1
Bernhard_Riemann	Georg_Cantor	1
Bernhard_Riemann	Henri_Poincaré	1
Bernhard_Riemann	Hermann_von_Helmholtz	1
Bernhard_Riemann	William_Kingdon_Clifford	1
Bertrand_Russell	Albert_Einstein	3
Bertrand_Russell	Alexius_Meinong	2
Bertrand_Russell	Alfred_North_Whitehead	9
Bertrand_Russell	Augustus_De_Morgan	1
Bertrand_Russell	Baruch_Spinoza	1
Bertrand_Russell	Brand_Blanshard	1
Bertrand_Russell	C._D._Broad	1
Bertrand_Russell	Charles_Sanders_Peirce	1
Bertrand_Russell	David_Hume	1
Bertrand_Russell	Eduard_Bernstein	1
Bertrand_Russell	Euclid	1
Bertrand_Russell	F._H._Bradley	1
Bertrand_Russell	G._E._Moore	6
Bertrand_Russell	Georg_Cantor	2
Bertrand_Russell	Georg_Wilhelm_Friedrich_Hegel	3
Bertrand_Russell	George_Boole	1
Bertrand_Russell	George_Santayana	1
Bertrand_Russell	Giuseppe_Peano	2
Bertrand_Russell	Gottfried_Wilhelm_Leibniz	1
Bertrand_Russell	Gottlob_Frege	3
Bertrand_Russell	Immanuel_Kant	2
Bertrand_Russell	J._M._E._McTaggart	1
Bertrand_Russell	James_Ward_(psychologist)	1
Bertrand_Russell	John_Dewey	2
Bertrand_Russell	John_Lewis_(philosopher)	1
Bertrand_Russell	John_Stuart_Mill	2
Bertrand_Russell	Karl_Marx	1
Bertrand_Russell	Ludwig_Wittgenstein	5
Bertrand_Russell	Mary_Baker_Eddy	1
Bertrand_Russell	Mikhail_Bakunin	1
Bertrand_Russell	Parmenides	1
Bertrand_Russell	Peter_Kropotkin	1
Bertrand_Russell	Rabindranath_Tagore	1
Bertrand_Russell	The_Buddha	1
Bertrand_Russell	Vladimir_Lenin	2
Bertrand_Russell	William_James	1
Bertrand_Russell	William_of_Ockham	1
Bessarion	Aristotle	1
Bessarion	Gemistos_Plethon	4
Bessarion	George_of_Trebizond	2
Bessarion	Nicholas_of_Cusa	1
Bessarion	Plato	1
Bessarion	Xenophon	1
Bhartṛhari	Abhinavagupta	1
Bhartṛhari	Dignāga	1
Bhartṛhari	Patanjali	2
Bhartṛhari	Pāṇini	1
Bhoja	Hemachandra	1
Blaise_Pascal	Aristotle	1
Blaise_Pascal	Christiaan_Huygens	1
Blaise_Pascal	Epictetus	1
Blaise_Pascal	Euclid	1
Blaise_Pascal	Galileo_Galilei	1
Blaise_Pascal	Gottfried_Wilhelm_Leibniz	1
Blaise_Pascal	Jean-Jacques_Rousseau	1
Blaise_Pascal	Marin_Mersenne	1
Blaise_Pascal	Michel_de_Montaigne	2
Blaise_Pascal	Pierre-Simon_Laplace	1
Blaise_Pascal	René_Descartes	4
Blaise_Pascal	Voltaire	1
Blasius_of_Parma	Aristotle	1
Blasius_of_Parma	Ibn_al-Haytham	1
Blasius_of_Parma	John_Peckham	1
Blasius_of_Parma	Thomas_Bradwardine	1
Blasius_of_Parma	Vitello	1
Bodhidharma	Dōgen	2
Bodhidharma	The_Buddha	1
Boethius	Albert_of_Saxony_(philosopher)	1
Boethius	Ammonius_Hermiae	1
Boethius	Aristotle	4
Boethius	Augustine_of_Hippo	1
Boethius	C._S._Lewis	1
Boethius	Cicero	2
Boethius	Dante_Alighieri	1
Boethius	Euclid	1
Boethius	Iamblichus	1
Boethius	Jean_Buridan	1
Boethius	Jesus	1
Boethius	Plato	3
Boethius	Porphyry_of_Tyre	4
Boethius	Ptolemy	2
Boethius	Thomas_Aquinas	1
Boethius	William_of_Ockham	1
Boetius_of_Dacia	Aristotle	1
Boetius_of_Dacia	Averroes	1
Boetius_of_Dacia	Boethius	1
Boetius_of_Dacia	Jean_Buridan	1
Boetius_of_Dacia	Roger_Bacon	1
Boetius_of_Dacia	Siger_of_Brabant	1
Bonaventure	Albertus_Magnus	2
Bonaventure	Alexander_of_Hales	3
Bonaventure	Anselm_of_Canterbury	4
Bonaventure	Aristotle	2
Bonaventure	Augustine_of_Hippo	2
Bonaventure	Bernard_of_Clairvaux	1
Bonaventure	C._S._Lewis	1
Bonaventure	Cicero	1
Bonaventure	Dante_Alighieri	1
Bonaventure	Duns_Scotus	1
Bonaventure	Edmund_Burke	1
Bonaventure	Francis_of_Assisi	2
Bonaventure	Hugh_of_Saint_Victor	1
Bonaventure	John_of_La_Rochelle	1
Bonaventure	Joseph_de_Maistre	1
Bonaventure	Martin_Heidegger	1
Bonaventure	Maurice_Blondel	1
Bonaventure	Nicholas_of_Cusa	1
Bonaventure	Peter_John_Olivi	1
Bonaventure	Peter_Lombard	1
Bonaventure	Plato	1
Bonaventure	Pseudo-Dionysius_the_Areopagite	2
Bonaventure	Richard_of_Saint_Victor	1
Bonaventure	Roger_Bacon	2
Bonaventure	Solomon_ibn_Gabirol	1
Bonaventure	Søren_Kierkegaard	1
Bonaventure	Thomas_Aquinas	2
Borden_Parker_Bowne	Edgar_S._Brightman	3
Borden_Parker_Bowne	George_Berkeley	2
Borden_Parker_Bowne	Gottfried_Wilhelm_Leibniz	1
Borden_Parker_Bowne	Hermann_Lotze	2
Borden_Parker_Bowne	Immanuel_Kant	2
Borden_Parker_Bowne	Max_Scheler	1
Borden_Parker_Bowne	René_Descartes	1
Brand_Blanshard	Baruch_Spinoza	1
Brand_Blanshard	Bernard_Bosanquet_(philosopher)	2
Brand_Blanshard	Bertrand_Russell	2
Brand_Blanshard	C._I._Lewis	2
Brand_Blanshard	F._H._Bradley	2
Brand_Blanshard	G._E._Moore	1
Brand_Blanshard	Georg_Wilhelm_Friedrich_Hegel	1
Brand_Blanshard	George_Berkeley	1
Brand_Blanshard	Henry_Sidgwick	2
Brand_Blanshard	Jean-Jacques_Rousseau	1
Brand_Blanshard	John_Dewey	1
Brand_Blanshard	John_Stuart_Mill	1
Brand_Blanshard	Josiah_Royce	1
Brand_Blanshard	Marcus_Aurelius	1
Brand_Blanshard	T._H._Green	1
Brand_Blanshard	W._D._Ross	1
Branislav_Petronijević	Aristotle	1
Branislav_Petronijević	Arthur_Schopenhauer	1
Branislav_Petronijević	Baruch_Spinoza	3
Branislav_Petronijević	Bertrand_Russell	1
Branislav_Petronijević	Eduard_von_Hartmann	2
Branislav_Petronijević	Ernst_Mach	2
Branislav_Petronijević	Friedrich_Nietzsche	2
Branislav_Petronijević	Georg_Wilhelm_Friedrich_Hegel	3
Branislav_Petronijević	Gottfried_Wilhelm_Leibniz	4
Branislav_Petronijević	Herbert_Spencer	1
Branislav_Petronijević	Hermann_Lotze	2
Branislav_Petronijević	Immanuel_Kant	2
Branislav_Petronijević	Leo_Tolstoy	1
Branislav_Petronijević	Ludwig_Boltzmann	3
Branislav_Petronijević	Roger_Joseph_Boscovich	3
Branislav_Petronijević	Thomas_Carlyle	1
Branislav_Petronijević	Wilhelm_Wundt	2
Bruno_Bauer	Albert_Schweitzer	1
Bruno_Bauer	Arnold_Ruge	1
Bruno_Bauer	David_Strauss	1
Bruno_Bauer	Ernst_Bloch	1
Bruno_Bauer	Friedrich_Engels	3
Bruno_Bauer	Friedrich_Nietzsche	2
Bruno_Bauer	Friedrich_Schleiermacher	1
Bruno_Bauer	Georg_Wilhelm_Friedrich_Hegel	3
Bruno_Bauer	György_Lukács	1
Bruno_Bauer	Immanuel_Kant	1
Bruno_Bauer	Karl_Kautsky	2
Bruno_Bauer	Karl_Marx	4
Bruno_Bauer	Karl_Rosenkranz	1
Buddhaghosa	Dignāga	1
Burchard_of_Worms	Augustine_of_Hippo	1
Burchard_of_Worms	Isidore_of_Seville	1
Burchard_of_Worms	Pope_Gregory_I	1
Burchard_of_Worms	Rabanus_Maurus	1
Béla_Hamvas	György_Lukács	1
Béla_Hamvas	Heraclitus	1
Béla_Hamvas	Julius_Evola	1
Béla_Hamvas	Karl_Jaspers	1
Béla_Hamvas	Laozi	1
C._D._Broad	Bertrand_Russell	2
C._D._Broad	J._M._E._McTaggart	1
C._E._M._Joad	Bertrand_Russell	2
C._E._M._Joad	C._S._Lewis	1
C._E._M._Joad	John_Locke	1
C._E._M._Joad	Ludwig_Wittgenstein	1
C._I._Lewis	Anaxagoras	1
C._I._Lewis	Bertrand_Russell	1
C._I._Lewis	Brand_Blanshard	2
C._I._Lewis	Charles_Hartshorne	1
C._I._Lewis	Charles_Sanders_Peirce	2
C._I._Lewis	Gottfried_Wilhelm_Leibniz	1
C._I._Lewis	Heraclitus	1
C._I._Lewis	Immanuel_Kant	1
C._I._Lewis	Josiah_Royce	2
C._I._Lewis	Rudolf_Carnap	1
C._I._Lewis	William_James	1
C._S._Lewis	Dante_Alighieri	2
C._S._Lewis	Lucretius	1
C._S._Lewis	Sigmund_Freud	1
C._S._Lewis	William_Blake	1
Cai_Yuanpei	Hu_Shih	2
Cai_Yuanpei	Liang_Qichao	1
Cai_Yuanpei	Liang_Shuming	1
Cai_Yuanpei	Mikhail_Bakunin	1
Cai_Yuanpei	Peter_Kropotkin	1
Cai_Yuanpei	Pierre-Joseph_Proudhon	1
Cai_Yuanpei	Wilhelm_Wundt	1
Cai_Yuanpei	Wu_Zhihui	2
Calcidius	Alcinous_(philosopher)	1
Calcidius	Numenius_of_Apamea	1
Calcidius	Origen	1
Calcidius	Philo	1
Calcidius	Plato	1
Calcidius	Porphyry_of_Tyre	1
Calcidius	Thierry_of_Chartres	1
Calcidius	William_of_Conches	1
Callicles	Friedrich_Nietzsche	1
Callicles	Gorgias	1
Callicles	Niccolò_Machiavelli	1
Callicles	Plato	1
Callicles	Plutarch	1
Callicles	Socrates	1
Candidus_(fl._793–802)	Alcuin	1
Candidus_(fl._793–802)	Augustine_of_Hippo	1
Candidus_(fl._793–802)	Fridugisus	1
Carl_Jung	Arthur_Schopenhauer	1
Carl_Jung	Empedocles	1
Carl_Jung	Ernst_Haeckel	1
Carl_Jung	Hans_Driesch	1
Carl_Jung	Heraclitus	1
Carl_Jung	Immanuel_Kant	1
Carl_Jung	Johann_Wolfgang_von_Goethe	3
Carl_Jung	Meister_Eckhart	1
Carl_Jung	Plato	2
Carl_Jung	Pythagoras	1
Carl_Jung	Rudolf_Otto	1
Carl_Jung	Sigmund_Freud	3
Carl_Jung	William_James	1
Carl_Linnaeus	Baruch_Spinoza	1
Carl_Linnaeus	Charles_Darwin	1
Carl_Linnaeus	Ernst_Haeckel	1
Carl_Linnaeus	Jean-Jacques_Rousseau	1
Carl_Linnaeus	Johann_Wolfgang_von_Goethe	1
Carl_Linnaeus	John_Ray	1
Carl_Schmitt	Ernst_Jünger	2
Carl_Schmitt	Friedrich_Hayek	1
Carl_Schmitt	Georg_Wilhelm_Friedrich_Hegel	1
Carl_Schmitt	Giambattista_Vico	1
Carl_Schmitt	György_Lukács	1
Carl_Schmitt	Hans_Kelsen	1
Carl_Schmitt	John_Calvin	1
Carl_Schmitt	Joseph_de_Maistre	1
Carl_Schmitt	Juan_Donoso_Cortés	2
Carl_Schmitt	Leo_Strauss	3
Carl_Schmitt	Mao_Zedong	1
Carl_Schmitt	Martin_Luther	1
Carl_Schmitt	Max_Weber	1
Carl_Schmitt	Niccolò_Machiavelli	1
Carl_Schmitt	René_Descartes	1
Carl_Schmitt	Søren_Kierkegaard	1
Carl_Schmitt	Thomas_Hobbes	2
Carl_Schmitt	Vladimir_Lenin	1
Carl_Schmitt	Walter_Benjamin	4
Carl_Stumpf	Edmund_Husserl	2
Carl_Stumpf	Franz_Brentano	3
Carl_Stumpf	Friedrich_Wilhelm_Joseph_Schelling	1
Carl_Stumpf	Gustav_Fechner	1
Carl_Stumpf	Hermann_Lotze	3
Carl_Stumpf	Immanuel_Kant	1
Carl_Stumpf	Kurt_Lewin	2
Carl_Stumpf	Max_Scheler	1
Carl_Stumpf	Plato	1
Carl_Stumpf	Wolfgang_Köhler	3
Carlo_Cattaneo	Francesco_de_Sanctis	1
Carlo_Cattaneo	Giacomo_Leopardi	1
Carlo_Michelstaedter	Arthur_Schopenhauer	1
Carlo_Michelstaedter	Georg_Wilhelm_Friedrich_Hegel	1
Carlo_Michelstaedter	Giacomo_Leopardi	1
Carlo_Michelstaedter	Karl_Marx	1
Carlo_Michelstaedter	Ludwig_Wittgenstein	1
Carlo_Michelstaedter	Martin_Heidegger	1
Carneades	Arcesilaus	1
Carneades	Chrysippus	2
Carneades	Cicero	2
Carneades	Clitomachus_(philosopher)	3
Carneades	Diogenes_Laertius	1
Carneades	Philo_of_Larissa	1
Carneades	Plato	1
Carneades	Sextus_Empiricus	2
Cassius_Longinus_(philosopher)	Ammonius_Saccas	2
Cassius_Longinus_(philosopher)	Plotinus	2
Cassius_Longinus_(philosopher)	Porphyry_of_Tyre	3
Cassius_Longinus_(philosopher)	Socrates	1
Catharine_Trotter_Cockburn	Damaris_Cudworth_Masham	1
Catharine_Trotter_Cockburn	Francis_Bacon	1
Catharine_Trotter_Cockburn	John_Locke	1
Catharine_Trotter_Cockburn	Richard_Cumberland_(philosopher)	1
Cavalcante_de'_Cavalcanti	Dante_Alighieri	2
Cavalcante_de'_Cavalcanti	Epicurus	1
Cebes	Diogenes	1
Cebes	Diogenes_Laertius	1
Cebes	Eduard_Zeller	1
Cebes	Lucian	1
Cebes	Philolaus	1
Cebes	Plato	1
Cebes	Socrates	1
Cebes	Xenophon	1
Celsus	Aristides_of_Athens	1
Celsus	Lucian	1
Celsus	Origen	2
Celsus	Plato	1
Celsus	Porphyry_of_Tyre	1
Cesare_Beccaria	Adam_Smith	1
Cesare_Beccaria	Claude_Adrien_Helvétius	1
Cesare_Beccaria	David_Hume	1
Cesare_Beccaria	Denis_Diderot	1
Cesare_Beccaria	Hugo_Grotius	1
Cesare_Beccaria	Jeremy_Bentham	2
Cesare_Beccaria	John_Adams	1
Cesare_Beccaria	Montesquieu	2
Cesare_Beccaria	Samuel_von_Pufendorf	1
Cesare_Beccaria	Thomas_Jefferson	1
Cesare_Beccaria	William_Blackstone	1
Cesare_Cremonini_(philosopher)	Alexander_of_Aphrodisias	1
Cesare_Cremonini_(philosopher)	Aristotle	1
Cesare_Cremonini_(philosopher)	Averroes	1
Cesare_Cremonini_(philosopher)	Galileo_Galilei	1
Cesare_Cremonini_(philosopher)	Gottfried_Wilhelm_Leibniz	2
Cesare_Cremonini_(philosopher)	Jacopo_Zabarella	2
Cesare_Cremonini_(philosopher)	Joachim_Jungius	1
Cesare_Cremonini_(philosopher)	John_Ray	1
Cesare_Cremonini_(philosopher)	Justus_Lipsius	1
Cesare_Cremonini_(philosopher)	Pierre_Bayle	2
Cesare_Cremonini_(philosopher)	Pietro_Pomponazzi	1
Chaerephon	Cebes	1
Chaerephon	Gorgias	1
Chaerephon	Plato	1
Chaerephon	Socrates	1
Chaerephon	Xenophon	1
Chaitanya_Mahaprabhu	Vallabha	1
Chanakya	Hemachandra	2
Chandrakirti	Atiśa	1
Chandrakirti	Dharmakirti	2
Chandrakirti	Dignāga	2
Chandrakirti	Je_Tsongkhapa	5
Chandrakirti	Nagarjuna	4
Chandrakirti	Paul_Tillich	1
Chandrakirti	Pāṇini	1
Chandrakirti	The_Buddha	1
Chao_Cuo	Jia_Yi	1
Chao_Cuo	Shang_Yang	1
Chao_Cuo	Shen_Buhai	1
Charles_Babbage	Adam_Smith	1
Charles_Babbage	Augustus_De_Morgan	1
Charles_Babbage	Charles_Fourier	1
Charles_Babbage	David_Brewster	2
Charles_Babbage	David_Hume	1
Charles_Babbage	George_Boole	1
Charles_Babbage	Hermann_von_Helmholtz	1
Charles_Babbage	John_Herschel	1
Charles_Babbage	John_Stuart_Mill	1
Charles_Babbage	Karl_Marx	1
Charles_Babbage	Pierre-Simon_Laplace	1
Charles_Babbage	Samuel_Clarke	1
Charles_Babbage	William_Stanley_Jevons	1
Charles_Babbage	William_Whewell	2
Charles_Bell	Dugald_Stewart	1
Charles_Bell	William_Paley	1
Charles_Bonnet	Gottfried_Wilhelm_Leibniz	1
Charles_Bonnet	James_Burnett,_Lord_Monboddo	2
Charles_Darwin	Alfred_Russel_Wallace	2
Charles_Darwin	Charles_Babbage	1
Charles_Darwin	Ernst_Haeckel	3
Charles_Darwin	Harriet_Martineau	1
Charles_Darwin	Herbert_Spencer	1
Charles_Darwin	Isaac_Newton	1
Charles_Darwin	Jean-Baptiste_Lamarck	1
Charles_Darwin	Johann_Wolfgang_von_Goethe	1
Charles_Darwin	John_Herschel	3
Charles_Darwin	Peter_Kropotkin	1
Charles_Darwin	Thomas_Henry_Huxley	1
Charles_Darwin	William_Paley	2
Charles_Darwin	William_Whewell	1
Charles_Fourier	Friedrich_Engels	1
Charles_Fourier	Fyodor_Dostoevsky	1
Charles_Fourier	Herbert_Marcuse	2
Charles_Fourier	Marquis_de_Sade	1
Charles_Fourier	Peter_Kropotkin	1
Charles_Fourier	Walter_Benjamin	1
Charles_Hartshorne	Alfred_North_Whitehead	5
Charles_Hartshorne	Anselm_of_Canterbury	2
Charles_Hartshorne	C._I._Lewis	1
Charles_Hartshorne	Charles_Sanders_Peirce	2
Charles_Hartshorne	Edgar_S._Brightman	1
Charles_Hartshorne	Edmund_Husserl	1
Charles_Hartshorne	Henri_Bergson	1
Charles_Hartshorne	Heraclitus	1
Charles_Hartshorne	Josiah_Royce	1
Charles_Hartshorne	Karl_Christian_Friedrich_Krause	1
Charles_Hartshorne	Martin_Heidegger	1
Charles_Hartshorne	Nikolai_Berdyaev	1
Charles_Hartshorne	Ralph_Barton_Perry	2
Charles_Hartshorne	Ralph_Waldo_Emerson	1
Charles_Hartshorne	William_Ernest_Hocking	1
Charles_Hartshorne	William_James	1
Charles_Renouvier	Auguste_Comte	1
Charles_Renouvier	Baruch_Spinoza	1
Charles_Renouvier	Emanuel_Swedenborg	1
Charles_Renouvier	Gottfried_Wilhelm_Leibniz	1
Charles_Renouvier	Immanuel_Kant	2
Charles_Renouvier	Nicolas_Malebranche	1
Charles_Renouvier	William_James	1
Charles_Renouvier	Émile_Durkheim	2
Charles_Sanders_Peirce	Alfred_North_Whitehead	2
Charles_Sanders_Peirce	Aristotle	3
Charles_Sanders_Peirce	Auguste_Comte	2
Charles_Sanders_Peirce	Augustine_of_Hippo	1
Charles_Sanders_Peirce	Augustus_De_Morgan	2
Charles_Sanders_Peirce	Benjamin_Peirce	4
Charles_Sanders_Peirce	Bernard_Bolzano	1
Charles_Sanders_Peirce	Bertrand_Russell	3
Charles_Sanders_Peirce	C._I._Lewis	2
Charles_Sanders_Peirce	Charles_Hartshorne	2
Charles_Sanders_Peirce	Chauncey_Wright	2
Charles_Sanders_Peirce	Duns_Scotus	1
Charles_Sanders_Peirce	Ernst_Zermelo	1
Charles_Sanders_Peirce	Euclid	1
Charles_Sanders_Peirce	F._C._S._Schiller	1
Charles_Sanders_Peirce	Galileo_Galilei	1
Charles_Sanders_Peirce	Georg_Cantor	2
Charles_Sanders_Peirce	Georg_Wilhelm_Friedrich_Hegel	1
Charles_Sanders_Peirce	George_Berkeley	1
Charles_Sanders_Peirce	George_Herbert_Mead	1
Charles_Sanders_Peirce	Giuseppe_Peano	2
Charles_Sanders_Peirce	Gottlob_Frege	1
Charles_Sanders_Peirce	Herbert_Spencer	1
Charles_Sanders_Peirce	Immanuel_Kant	3
Charles_Sanders_Peirce	James_Mark_Baldwin	1
Charles_Sanders_Peirce	John_Dewey	4
Charles_Sanders_Peirce	John_Fiske_(philosopher)	1
Charles_Sanders_Peirce	Josiah_Royce	3
Charles_Sanders_Peirce	Niccolò_Machiavelli	1
Charles_Sanders_Peirce	Oliver_Wendell_Holmes_Jr.	2
Charles_Sanders_Peirce	Paul_Carus	2
Charles_Sanders_Peirce	Peter_of_Spain	1
Charles_Sanders_Peirce	René_Descartes	2
Charles_Sanders_Peirce	Richard_Dedekind	1
Charles_Sanders_Peirce	Victoria,_Lady_Welby	1
Charles_Sanders_Peirce	William_Ernest_Johnson	1
Charles_Sanders_Peirce	William_James	5
Charles_Sanders_Peirce	William_Kingdon_Clifford	2
Charles_Sanders_Peirce	William_Stanley_Jevons	1
Charles_Secrétan	Friedrich_Wilhelm_Joseph_Schelling	1
Charlotte_Perkins_Gilman	Sigmund_Freud	1
Chauncey_Wright	Alfred_Russel_Wallace	1
Chauncey_Wright	Auguste_Comte	1
Chauncey_Wright	Charles_Darwin	1
Chauncey_Wright	Charles_Sanders_Peirce	2
Chauncey_Wright	Francis_Bacon	1
Chauncey_Wright	Herbert_Spencer	2
Chauncey_Wright	John_Dewey	1
Chauncey_Wright	John_Fiske_(philosopher)	1
Chauncey_Wright	John_Stuart_Mill	2
Chauncey_Wright	Oliver_Wendell_Holmes_Jr.	1
Chauncey_Wright	Ralph_Waldo_Emerson	1
Chauncey_Wright	Sir_William_Hamilton,_9th_Baronet	1
Chauncey_Wright	William_James	2
Cheng_Hao	Cheng_Yi_(philosopher)	2
Cheng_Hao	Mencius	1
Cheng_Hao	Shao_Yong	1
Cheng_Hao	Zengzi	1
Cheng_Hao	Zhang_Zai	1
Cheng_Hao	Zhou_Dunyi	2
Cheng_Hao	Zhu_Xi	2
Cheng_Yi_(philosopher)	Cheng_Hao	1
Cheng_Yi_(philosopher)	Mencius	1
Cheng_Yi_(philosopher)	Shao_Yong	1
Cheng_Yi_(philosopher)	Zengzi	1
Cheng_Yi_(philosopher)	Zhang_Zai	1
Cheng_Yi_(philosopher)	Zhou_Dunyi	2
Cheng_Yi_(philosopher)	Zhu_Xi	2
Christiaan_Huygens	Archimedes	2
Christiaan_Huygens	Baruch_Spinoza	2
Christiaan_Huygens	Blaise_Pascal	1
Christiaan_Huygens	Galileo_Galilei	2
Christiaan_Huygens	Gottfried_Wilhelm_Leibniz	3
Christiaan_Huygens	Isaac_Newton	3
Christiaan_Huygens	Jacques_Rohault	1
Christiaan_Huygens	James_Clerk_Maxwell	1
Christiaan_Huygens	Jean_Le_Rond_d'Alembert	1
Christiaan_Huygens	Johann_Heinrich_Lambert	1
Christiaan_Huygens	John_Locke	1
Christiaan_Huygens	Marin_Mersenne	2
Christiaan_Huygens	Nicolas_Malebranche	1
Christiaan_Huygens	René_Descartes	2
Christiaan_Huygens	Robert_Boyle	1
Christiaan_Huygens	Thomas_Hobbes	1
Christian_August_Crusius	Christian_Wolff_(philosopher)	1
Christian_August_Crusius	Gottfried_Wilhelm_Leibniz	1
Christian_August_Crusius	Immanuel_Kant	1
Christian_Hermann_Weisse	Friedrich_Wilhelm_Joseph_Schelling	1
Christian_Hermann_Weisse	Georg_Wilhelm_Friedrich_Hegel	1
Christian_Hermann_Weisse	Hermann_Lotze	1
Christian_Hermann_Weisse	Immanuel_Hermann_Fichte	2
Christian_Thomasius	Hugo_Grotius	1
Christian_Thomasius	John_Calvin	1
Christian_Thomasius	Martin_Luther	1
Christian_Thomasius	Samuel_von_Pufendorf	2
Christian_Wolff_(philosopher)	Alexander_Gottlieb_Baumgarten	1
Christian_Wolff_(philosopher)	Confucius	1
Christian_Wolff_(philosopher)	Ehrenfried_Walther_von_Tschirnhaus	1
Christian_Wolff_(philosopher)	Gottfried_Wilhelm_Leibniz	4
Christian_Wolff_(philosopher)	Immanuel_Kant	2
Christian_Wolff_(philosopher)	Jesus	1
Christian_Wolff_(philosopher)	Søren_Kierkegaard	1
Christian_Wolff_(philosopher)	Voltaire	2
Christian_von_Ehrenfels	Alexius_Meinong	2
Christian_von_Ehrenfels	Aristotle	1
Christian_von_Ehrenfels	Edmund_Husserl	1
Christian_von_Ehrenfels	Emil_du_Bois-Reymond	1
Christian_von_Ehrenfels	Ernst_Mach	1
Christian_von_Ehrenfels	Felix_Weltsch	2
Christian_von_Ehrenfels	Franz_Brentano	2
Christian_von_Ehrenfels	Johann_Wolfgang_von_Goethe	1
Christian_von_Ehrenfels	Sigmund_Freud	1
Christine_de_Pizan	Augustine_of_Hippo	1
Christine_de_Pizan	Bede	1
Christine_de_Pizan	Cicero	1
Christine_de_Pizan	Dante_Alighieri	1
Christine_de_Pizan	Denis_Diderot	1
Christoph_Gottfried_Bardili	Friedrich_Wilhelm_Joseph_Schelling	2
Christoph_Gottfried_Bardili	Immanuel_Kant	2
Christoph_Gottfried_Bardili	Johann_Gottlieb_Fichte	1
Christoph_Gottfried_Bardili	Karl_Leonhard_Reinhold	1
Chrysanthius	Aedesius	1
Chrysanthius	Iamblichus	1
Chrysippus	Arcesilaus	1
Chrysippus	Aristotle	3
Chrysippus	Cicero	4
Chrysippus	Cleanthes	3
Chrysippus	Clement_of_Alexandria	2
Chrysippus	Democritus	1
Chrysippus	Diodorus_Cronus	2
Chrysippus	Diogenes_Laertius	3
Chrysippus	Epictetus	1
Chrysippus	Eusebius	1
Chrysippus	Galen	2
Chrysippus	Iamblichus	2
Chrysippus	Lucian	1
Chrysippus	Philo_the_Dialectician	2
Chrysippus	Plato	1
Chrysippus	Plutarch	2
Chrysippus	Seneca_the_Younger	1
Chrysippus	Sextus_Empiricus	2
Chrysippus	Syrianus	1
Chrysippus	Theophrastus	1
Chrysippus	Zeno_of_Citium	1
Chrysippus	Zeno_of_Tarsus	2
Cicero	Antiochus_of_Ascalon	1
Cicero	Archimedes	1
Cicero	Augustine_of_Hippo	1
Cicero	Carneades	1
Cicero	Dante_Alighieri	1
Cicero	David_Hume	2
Cicero	Denis_Diderot	1
Cicero	Edmund_Burke	1
Cicero	Erasmus	2
Cicero	Hicetas	1
Cicero	John_Adams	1
Cicero	John_Locke	2
Cicero	Martin_Luther	1
Cicero	Montesquieu	2
Cicero	Nicolaus_Copernicus	1
Cicero	Petrarch	2
Cicero	Philo_of_Larissa	1
Cicero	Plato	1
Cicero	Plutarch	2
Cicero	Thomas_Jefferson	1
Cicero	Titus_Pomponius_Atticus	2
Cicero	Voltaire	1
Clarembald_of_Arras	Bernardus_Silvestris	1
Clarembald_of_Arras	Boethius	2
Clarembald_of_Arras	Gilbert_de_la_Porrée	1
Clarembald_of_Arras	Hugh_of_Saint_Victor	1
Clarembald_of_Arras	Thierry_of_Chartres	1
Clarembald_of_Arras	Walter_of_Mortagne	1
Clarembald_of_Arras	William_of_Conches	1
Claude_Adrien_Helvétius	Baron_d'Holbach	1
Claude_Adrien_Helvétius	Cesare_Beccaria	1
Claude_Adrien_Helvétius	Denis_Diderot	3
Claude_Adrien_Helvétius	Georg_Wilhelm_Friedrich_Hegel	1
Claude_Adrien_Helvétius	Georgi_Plekhanov	1
Claude_Adrien_Helvétius	Henri_de_Saint-Simon	1
Claude_Adrien_Helvétius	Jean-Jacques_Rousseau	2
Claude_Adrien_Helvétius	Jeremy_Bentham	1
Claude_Adrien_Helvétius	Johann_Georg_Hamann	1
Claude_Adrien_Helvétius	Johann_Gottlieb_Fichte	1
Claude_Adrien_Helvétius	John_Locke	1
Claude_Adrien_Helvétius	John_Stuart_Mill	1
Claude_Adrien_Helvétius	Joseph_de_Maistre	1
Claude_Adrien_Helvétius	Karl_Marx	1
Claude_Adrien_Helvétius	Montesquieu	2
Claude_Adrien_Helvétius	Thomas_Hobbes	1
Claude_Adrien_Helvétius	Victor_Cousin	1
Claude_Adrien_Helvétius	Voltaire	1
Claude_Buffier	John_Locke	1
Claude_Buffier	René_Descartes	1
Claude_Buffier	Thomas_Reid	1
Claude_Buffier	Voltaire	1
Cleanthes	Chrysippus	3
Cleanthes	Cicero	1
Cleanthes	Crates_of_Thebes	1
Cleanthes	David_Hume	2
Cleanthes	Diogenes_Laertius	3
Cleanthes	Lucian	1
Cleanthes	Philodemus	1
Cleanthes	Plutarch	1
Cleanthes	Seneca_the_Younger	1
Cleanthes	Simplicius_of_Cilicia	1
Cleanthes	Zeno_of_Citium	4
Clement_of_Alexandria	Augustine_of_Hippo	1
Clement_of_Alexandria	Cyril_of_Alexandria	1
Clement_of_Alexandria	Epicurus	1
Clement_of_Alexandria	Eusebius	3
Clement_of_Alexandria	Heraclitus	1
Clement_of_Alexandria	Origen	5
Clement_of_Alexandria	Philo	1
Clement_of_Alexandria	Photios_I_of_Constantinople	3
Clement_of_Alexandria	Plato	3
Clement_of_Alexandria	Pythagoras	1
Clement_of_Alexandria	Socrates	1
Clement_of_Alexandria	Xenophanes	1
Cleobulus	Clement_of_Alexandria	1
Cleobulus	Diogenes_Laertius	1
Cleobulus	Plutarch	1
Cleomedes	Aristotle	1
Cleomedes	Posidonius	2
Cleomedes	Ptolemy	1
Clitomachus_(philosopher)	Carneades	3
Clitomachus_(philosopher)	Cicero	3
Clitomachus_(philosopher)	Philo_of_Larissa	1
Clitomachus_(philosopher)	Sextus_Empiricus	1
Confucius	Benjamin_Franklin	1
Confucius	Christian_Wolff_(philosopher)	1
Confucius	Friedrich_Schiller	1
Confucius	Gottfried_Wilhelm_Leibniz	1
Confucius	Laozi	4
Confucius	Li_Si	1
Confucius	Mao_Zedong	1
Confucius	Mencius	3
Confucius	Niels_Bohr	1
Confucius	Thomas_Jefferson	1
Confucius	Voltaire	1
Confucius	Xunzi_(philosopher)	1
Confucius	Zengzi	2
Confucius	Zhu_Xi	1
Confucius	Zisi	1
Constantin_Brunner	Albert_Einstein	1
Constantin_Brunner	Baruch_Spinoza	2
Constantin_Brunner	Immanuel_Kant	2
Constantin_Brunner	Jesus	1
Constantin_Brunner	Martin_Buber	1
Crantor	Arcesilaus	2
Crantor	Chrysippus	1
Crantor	Cicero	2
Crantor	Diogenes_Laertius	2
Crantor	Panaetius	1
Crantor	Plutarch	1
Crantor	Proclus	1
Crantor	Xenocrates	1
Crates_of_Thebes	Cleanthes	1
Crates_of_Thebes	Diogenes	3
Crates_of_Thebes	Diogenes_Laertius	3
Crates_of_Thebes	Hipparchia_of_Maroneia	3
Crates_of_Thebes	Metrocles	2
Crates_of_Thebes	Plato	1
Crates_of_Thebes	Plutarch	1
Crates_of_Thebes	Sextus_Empiricus	1
Crates_of_Thebes	Stilpo	1
Crates_of_Thebes	Zeno_of_Citium	2
Cratylus	Aristotle	1
Cratylus	Heraclitus	2
Cratylus	Plato	3
Cratylus	Socrates	1
Curt_John_Ducasse	Arthur_Schopenhauer	1
Curt_John_Ducasse	H._H._Price	1
Curt_John_Ducasse	Josiah_Royce	3
Curt_John_Ducasse	William_James	2
Cyril_of_Alexandria	Athanasius_of_Alexandria	1
Cyril_of_Alexandria	Damascius	2
Cyril_of_Alexandria	Eusebius	1
Cyril_of_Alexandria	Hypatia	3
Cyril_of_Alexandria	Jesus	1
Cyril_of_Alexandria	Origen	2
Cyril_of_Alexandria	Photios_I_of_Constantinople	1
Damaris_Cudworth_Masham	Benjamin_Whichcote	1
Damaris_Cudworth_Masham	Franciscus_Mercurius_van_Helmont	1
Damaris_Cudworth_Masham	Gottfried_Wilhelm_Leibniz	1
Damaris_Cudworth_Masham	Isaac_Newton	1
Damaris_Cudworth_Masham	John_Locke	4
Damaris_Cudworth_Masham	John_Norris_(philosopher)	1
Damaris_Cudworth_Masham	Pierre_Bayle	1
Damaris_Cudworth_Masham	Ralph_Cudworth	4
Damaris_Cudworth_Masham	René_Descartes	1
Damaris_Cudworth_Masham	Thomas_Hobbes	1
Damascius	Ammonius_Hermiae	1
Damascius	Ammonius_Saccas	1
Damascius	Aristotle	1
Damascius	Hypatia	1
Damascius	Iamblichus	1
Damascius	Justinian_I	3
Damascius	Olympiodorus_the_Younger	2
Damascius	Photios_I_of_Constantinople	3
Damascius	Plato	2
Damascius	Plotinus	1
Damascius	Proclus	1
Damascius	Pseudo-Dionysius_the_Areopagite	1
Damascius	Simplicius_of_Cilicia	2
Daniel_Raymond	Adam_Smith	3
Dante_Alighieri	Albertus_Magnus	1
Dante_Alighieri	Boethius	1
Dante_Alighieri	Bonaventure	1
Dante_Alighieri	Cicero	1
Dante_Alighieri	Petrarch	2
Dante_Alighieri	Thomas_Aquinas	3
Dante_Alighieri	Thomas_Carlyle	1
David_Brewster	Charles_Babbage	1
David_Brewster	Henry_Brougham,_1st_Baron_Brougham_and_Vaux	1
David_Brewster	Isaac_Newton	2
David_Brewster	Johannes_Kepler	1
David_Brewster	John_Herschel	1
David_Brewster	William_Whewell	2
David_Hartley_(philosopher)	Benjamin_Franklin	2
David_Hartley_(philosopher)	Isaac_Newton	1
David_Hartley_(philosopher)	John_Locke	2
David_Hartley_(philosopher)	Jonathan_Edwards_(theologian)	1
David_Hartley_(philosopher)	Joseph_Priestley	2
David_Hartley_(philosopher)	René_Descartes	1
David_Hartley_(philosopher)	William_Blake	1
David_Hilbert	Albert_Einstein	2
David_Hilbert	Emil_du_Bois-Reymond	1
David_Hilbert	Ernst_Zermelo	2
David_Hilbert	Erwin_Schrödinger	1
David_Hilbert	Euclid	1
David_Hilbert	Galileo_Galilei	1
David_Hilbert	Georg_Cantor	1
David_Hilbert	Giuseppe_Peano	2
David_Hilbert	Hans_Reichenbach	1
David_Hilbert	Hermann_Weyl	7
David_Hilbert	Immanuel_Kant	1
David_Hilbert	Kurt_Grelling	2
David_Hilbert	L._E._J._Brouwer	1
David_Hilbert	Leopold_Kronecker	2
David_Hume	Adam_Ferguson	1
David_Hume	Adam_Smith	5
David_Hume	Albert_Einstein	2
David_Hume	Arthur_Schopenhauer	2
David_Hume	Benjamin_Franklin	1
David_Hume	Charles_Sanders_Peirce	1
David_Hume	Cicero	1
David_Hume	Francis_Bacon	2
David_Hume	Francis_Hutcheson_(philosopher)	3
David_Hume	Friedrich_Schleiermacher	1
David_Hume	Georg_Wilhelm_Friedrich_Hegel	1
David_Hume	George_Berkeley	2
David_Hume	Immanuel_Kant	3
David_Hume	Isaac_Newton	2
David_Hume	Isaac_de_Pinto	1
David_Hume	James_Burnett,_Lord_Monboddo	1
David_Hume	James_Harrington_(author)	1
David_Hume	Jean-Jacques_Rousseau	3
David_Hume	Jean_Buridan	1
David_Hume	Johann_Friedrich_Herbart	1
David_Hume	John_Locke	1
David_Hume	Joseph_Butler	1
David_Hume	Leo_Strauss	1
David_Hume	Mencius	1
David_Hume	Moritz_Schlick	1
David_Hume	Norman_Kemp_Smith	1
David_Hume	Robert_Boyle	1
David_Hume	Samuel_Johnson	1
David_Hume	Søren_Kierkegaard	1
David_Hume	Thomas_Hobbes	2
David_Hume	Thomas_Jefferson	1
David_Hume	Thomas_Reid	1
David_Hume	Voltaire	1
David_Hume	William_Paley	1
David_Ricardo	Adam_Smith	4
David_Ricardo	Henry_George	2
David_Ricardo	James_Mill	3
David_Ricardo	Jeremy_Bentham	3
David_Ricardo	John_Stuart_Mill	1
David_Ricardo	Thomas_Hodgskin	1
David_Ricardo	William_Thompson_(philosopher)	1
David_Strauss	Albert_Schweitzer	1
David_Strauss	Bruno_Bauer	1
David_Strauss	Eduard_Zeller	1
David_Strauss	Friedrich_Nietzsche	2
David_Strauss	Friedrich_Schleiermacher	1
David_Strauss	Friedrich_Wilhelm_Joseph_Schelling	1
David_Strauss	Georg_Wilhelm_Friedrich_Hegel	1
David_Strauss	George_Eliot	1
David_Strauss	Hermann_Samuel_Reimarus	1
David_Strauss	Jakob_Böhme	1
David_Strauss	Johann_Wolfgang_von_Goethe	1
David_Strauss	Plato	1
David_Strauss	Voltaire	1
David_ibn_Merwan_al-Mukkamas	Bahya_ibn_Paquda	1
David_ibn_Merwan_al-Mukkamas	Saadia_Gaon	1
David_of_Dinant	Albertus_Magnus	1
David_of_Dinant	Aristotle	1
David_of_Dinant	Baruch_Spinoza	3
David_of_Dinant	Dominicus_Gundissalinus	1
David_of_Dinant	Joachim_of_Fiore	1
David_of_Dinant	John_Scotus_Eriugena	2
David_of_Dinant	Solomon_ibn_Gabirol	1
David_of_Dinant	Thomas_Aquinas	1
David_the_Invincible	Olympiodorus_the_Younger	1
Dawud_al-Zahiri	Abu_Hanifa	1
Dawud_al-Zahiri	Ahmad_ibn_Hanbal	4
Dawud_al-Zahiri	Al-Juwayni	1
Dawud_al-Zahiri	Al-Mawardi	1
Dawud_al-Zahiri	Al-Shafi'i	2
Dawud_al-Zahiri	Ibn_Hazm	6
Dawud_al-Zahiri	Ibn_Khaldun	1
Dawud_al-Zahiri	Ibn_Taymiyya	8
Dawud_al-Zahiri	Ibrahim_al-Nazzam	1
Debendranath_Tagore	Rabindranath_Tagore	2
Demetrius_the_Cynic	Gaius_Musonius_Rufus	1
Demetrius_the_Cynic	Lucian	1
Demetrius_the_Cynic	Seneca_the_Younger	1
Democritus	Anaxagoras	1
Democritus	Archimedes	1
Democritus	Aristotle	5
Democritus	Aristoxenus	1
Democritus	Cicero	1
Democritus	Diogenes_Laertius	4
Democritus	Epicurus	1
Democritus	Euclid	2
Democritus	Eudoxus_of_Cnidus	1
Democritus	Hippocrates	1
Democritus	Kaṇāda	1
Democritus	Leucippus	4
Democritus	Parmenides	1
Democritus	Plato	1
Democritus	Plutarch	2
Democritus	Protagoras	1
Democritus	Pyrrho	1
Democritus	Samuel_Johnson	1
Democritus	Sextus_Empiricus	3
Democritus	Simplicius_of_Cilicia	1
Democritus	Socrates	1
Democritus	Theophrastus	2
Democritus	Timon_of_Phlius	1
Democritus	Zeno_of_Elea	1
Deng_Xi	Confucius	1
Deng_Xi	Han_Fei	1
Deng_Xi	Hui_Shi	2
Deng_Xi	Mozi	1
Deng_Xi	Shen_Buhai	1
Deng_Xi	Xunzi_(philosopher)	1
Deng_Xi	Zichan	1
Denis_Diderot	Anthony_Ashley-Cooper,_3rd_Earl_of_Shaftesbury	2
Denis_Diderot	Arthur_Schopenhauer	1
Denis_Diderot	Auguste_Comte	1
Denis_Diderot	Baron_d'Holbach	2
Denis_Diderot	Baruch_Spinoza	1
Denis_Diderot	Charles_Darwin	1
Denis_Diderot	Friedrich_Schiller	2
Denis_Diderot	Germaine_de_Staël	1
Denis_Diderot	Jean-Jacques_Rousseau	4
Denis_Diderot	Jean_Le_Rond_d'Alembert	3
Denis_Diderot	Johann_Wolfgang_von_Goethe	3
Denis_Diderot	Julien_Offray_de_La_Mettrie	1
Denis_Diderot	Karl_Marx	1
Denis_Diderot	Karl_Rosenkranz	1
Denis_Diderot	Paracelsus	1
Denis_Diderot	Socrates	1
Denis_Diderot	Voltaire	1
Denis_Diderot	Émilie_du_Châtelet	1
Denis_the_Carthusian	Aristotle	1
Denis_the_Carthusian	Augustine_of_Hippo	1
Denis_the_Carthusian	Boethius	1
Denis_the_Carthusian	Bonaventure	1
Denis_the_Carthusian	Henry_Suso	1
Denis_the_Carthusian	Hugh_of_Saint_Victor	1
Denis_the_Carthusian	John_of_Ruusbroec	1
Denis_the_Carthusian	Meister_Eckhart	1
Denis_the_Carthusian	Nicholas_of_Cusa	1
Denis_the_Carthusian	Peter_Lombard	1
Denis_the_Carthusian	Pseudo-Dionysius_the_Areopagite	1
Denis_the_Carthusian	Richard_of_Saint_Victor	1
Denis_the_Carthusian	Thomas_Aquinas	1
Dharmakirti	Adi_Shankara	1
Dharmakirti	Dignāga	5
Dharmakirti	Kumārila_Bhaṭṭa	1
Dharmakirti	Ludwig_Wittgenstein	1
Dharmakirti	William_of_Ockham	1
Diagoras_of_Melos	Alcibiades	2
Diagoras_of_Melos	Aristotle	1
Diagoras_of_Melos	Cicero	1
Diagoras_of_Melos	Democritus	2
Diagoras_of_Melos	Theodorus_the_Atheist	1
Dietrich_von_Hildebrand	Adolf_Reinach	2
Dietrich_von_Hildebrand	Edmund_Husserl	2
Dietrich_von_Hildebrand	Francis_of_Assisi	1
Dietrich_von_Hildebrand	Max_Scheler	2
Dietrich_von_Hildebrand	Roman_Ingarden	1
Dignāga	Bhartṛhari	1
Dignāga	Dharmakirti	2
Dignāga	Kumārila_Bhaṭṭa	1
Dignāga	Vasubandhu	1
Dimitrije_Mitrinović	Carl_Jung	1
Dimitrije_Mitrinović	Clement_of_Alexandria	1
Dimitrije_Mitrinović	Edmund_Husserl	1
Dimitrije_Mitrinović	Friedrich_Nietzsche	1
Dimitrije_Mitrinović	George_Gurdjieff	1
Dimitrije_Mitrinović	Jakob_Böhme	1
Dimitrije_Mitrinović	José_Ortega_y_Gasset	1
Dimitrije_Mitrinović	Karl_Marx	1
Dimitrije_Mitrinović	Laozi	1
Dimitrije_Mitrinović	P._D._Ouspensky	1
Dimitrije_Mitrinović	Plotinus	1
Dimitrije_Mitrinović	Sigmund_Freud	1
Diodorus_Cronus	Alexander_of_Aphrodisias	1
Diodorus_Cronus	Aristotle	4
Diodorus_Cronus	Chrysippus	1
Diodorus_Cronus	Cleanthes	1
Diodorus_Cronus	Diogenes_Laertius	1
Diodorus_Cronus	Epictetus	1
Diodorus_Cronus	Eubulides	1
Diodorus_Cronus	George_Berkeley	1
Diodorus_Cronus	George_Grote	1
Diodorus_Cronus	Philo_the_Dialectician	1
Diodorus_Cronus	Stilpo	1
Diodorus_Cronus	Zeno_of_Citium	1
Diogenes	Antisthenes	1
Diogenes	Aristippus	1
Diogenes	Aristotle	1
Diogenes	Clement_of_Alexandria	1
Diogenes	Crates_of_Thebes	2
Diogenes	Diogenes_Laertius	4
Diogenes	Epictetus	1
Diogenes	Euclid	1
Diogenes	Favorinus	1
Diogenes	Heraclitus	1
Diogenes	Lucian	1
Diogenes	Metrocles	1
Diogenes	Philodemus	1
Diogenes	Plato	1
Diogenes	Plutarch	1
Diogenes	Seneca_the_Younger	1
Diogenes	Socrates	1
Diogenes	Xenophon	1
Diogenes	Zeno_of_Citium	1
Diogenes	Zeno_of_Elea	1
Diogenes_Laertius	Alcmaeon_of_Croton	1
Diogenes_Laertius	Anacharsis	1
Diogenes_Laertius	Anaxagoras	1
Diogenes_Laertius	Anaxarchus	1
Diogenes_Laertius	Anaximander	2
Diogenes_Laertius	Anaximenes_of_Miletus	1
Diogenes_Laertius	Anniceris	1
Diogenes_Laertius	Antisthenes	1
Diogenes_Laertius	Arcesilaus	1
Diogenes_Laertius	Archytas	1
Diogenes_Laertius	Aristippus	2
Diogenes_Laertius	Aristo_of_Chios	1
Diogenes_Laertius	Aristotle	1
Diogenes_Laertius	Carneades	1
Diogenes_Laertius	Cebes	1
Diogenes_Laertius	Chrysippus	3
Diogenes_Laertius	Cleanthes	1
Diogenes_Laertius	Cleobulus	1
Diogenes_Laertius	Clitomachus_(philosopher)	2
Diogenes_Laertius	Crantor	1
Diogenes_Laertius	Crates_of_Thebes	1
Diogenes_Laertius	Democritus	1
Diogenes_Laertius	Diodorus_Cronus	1
Diogenes_Laertius	Diogenes	1
Diogenes_Laertius	Diogenes_of_Apollonia	1
Diogenes_Laertius	Empedocles	1
Diogenes_Laertius	Epicharmus_of_Cos	1
Diogenes_Laertius	Epicurus	2
Diogenes_Laertius	Epimenides	1
Diogenes_Laertius	Eubulides	1
Diogenes_Laertius	Euclid_of_Megara	1
Diogenes_Laertius	Eudoxus_of_Cnidus	1
Diogenes_Laertius	Favorinus	1
Diogenes_Laertius	Friedrich_Nietzsche	1
Diogenes_Laertius	Georg_Wilhelm_Friedrich_Hegel	1
Diogenes_Laertius	Hecato_of_Rhodes	1
Diogenes_Laertius	Hegesias_of_Cyrene	1
Diogenes_Laertius	Heraclides_Ponticus	1
Diogenes_Laertius	Heraclitus	1
Diogenes_Laertius	Hipparchia_of_Maroneia	1
Diogenes_Laertius	Hippasus	1
Diogenes_Laertius	Leon_Battista_Alberti	2
Diogenes_Laertius	Leucippus	1
Diogenes_Laertius	Lucius_Annaeus_Cornutus	1
Diogenes_Laertius	Melissus_of_Samos	1
Diogenes_Laertius	Menedemus	1
Diogenes_Laertius	Metrocles	1
Diogenes_Laertius	Metrodorus_of_Lampsacus_(the_younger)	1
Diogenes_Laertius	Michel_de_Montaigne	2
Diogenes_Laertius	Panaetius	2
Diogenes_Laertius	Parmenides	1
Diogenes_Laertius	Pherecydes_of_Syros	1
Diogenes_Laertius	Philolaus	1
Diogenes_Laertius	Photios_I_of_Constantinople	1
Diogenes_Laertius	Plato	1
Diogenes_Laertius	Plutarch	1
Diogenes_Laertius	Posidonius	1
Diogenes_Laertius	Protagoras	1
Diogenes_Laertius	Pyrrho	1
Diogenes_Laertius	Pythagoras	2
Diogenes_Laertius	Sextus_Empiricus	1
Diogenes_Laertius	Socrates	2
Diogenes_Laertius	Speusippus	1
Diogenes_Laertius	Stilpo	1
Diogenes_Laertius	Strato_of_Lampsacus	1
Diogenes_Laertius	Thales_of_Miletus	1
Diogenes_Laertius	Theano_(philosopher)	1
Diogenes_Laertius	Theodorus_the_Atheist	1
Diogenes_Laertius	Theophrastus	2
Diogenes_Laertius	Timon_of_Phlius	1
Diogenes_Laertius	Walter_Burley	2
Diogenes_Laertius	Xenocrates	1
Diogenes_Laertius	Xenophanes	1
Diogenes_Laertius	Xenophon	1
Diogenes_Laertius	Zeno_of_Citium	1
Diogenes_Laertius	Zeno_of_Elea	1
Diogenes_Laertius	Zeno_of_Tarsus	1
Diogenes_of_Apollonia	Anaxagoras	4
Diogenes_of_Apollonia	Anaximenes_of_Miletus	2
Diogenes_of_Apollonia	Aristotle	3
Diogenes_of_Apollonia	Diogenes_Laertius	1
Diogenes_of_Apollonia	Empedocles	1
Diogenes_of_Apollonia	Galen	1
Diogenes_of_Apollonia	Heraclitus	1
Diogenes_of_Apollonia	Hippocrates	4
Diogenes_of_Apollonia	Simplicius_of_Cilicia	10
Diogenes_of_Apollonia	Socrates	1
Diogenes_of_Apollonia	Theophrastus	2
Diogenes_of_Oenoanda	Epicurus	3
Diogenes_of_Oenoanda	Lucretius	1
Diogenes_of_Oenoanda	Plato	1
Dnyaneshwar	Dante_Alighieri	1
Dnyaneshwar	Immanuel_Kant	1
Domingo_Báñez	Bartolomé_de_Medina_(theologian)	1
Domingo_Báñez	Domingo_de_Soto	1
Domingo_Báñez	Duns_Scotus	1
Domingo_Báñez	Francesco_Silvestri_(theologian)	1
Domingo_Báñez	Francisco_Suárez	1
Domingo_Báñez	Francisco_de_Toledo_(Jesuit)	1
Domingo_Báñez	Francisco_de_Vitoria	1
Domingo_Báñez	John_Capreolus	1
Domingo_Báñez	Luis_de_Molina	1
Domingo_Báñez	Teresa_of_Ávila	1
Domingo_Báñez	Thomas_Aquinas	2
Domingo_Báñez	Thomas_Cajetan	1
Domingo_de_Soto	Aristotle	1
Domingo_de_Soto	Francisco_de_Vitoria	3
Domingo_de_Soto	Galileo_Galilei	3
Domingo_de_Soto	Isaac_Newton	3
Domingo_de_Soto	Juan_Luis_Vives	1
Domingo_de_Soto	Luis_de_Molina	1
Domingo_de_Soto	Peter_Lombard	1
Domingo_de_Soto	Pierre_Duhem	1
Dominicus_Gundissalinus	Abraham_ibn_Daud	3
Dominicus_Gundissalinus	Al-Ghazali	1
Dominicus_Gundissalinus	Avicenna	4
Dominicus_Gundissalinus	Boethius	1
Dominicus_Gundissalinus	Judah_ben_Moses_Romano	1
Dominicus_Gundissalinus	Solomon_ibn_Gabirol	2
Dominicus_Gundissalinus	Thierry_of_Chartres	1
Dominicus_Gundissalinus	William_of_Conches	1
Dong_Zhongshu	Kang_Youwei	1
Dong_Zhongshu	Zhu_Xi	1
Dorothy_Maud_Wrinch	Bertrand_Russell	3
Dorothy_Maud_Wrinch	Hermann_Weyl	1
Dorothy_Maud_Wrinch	Ludwig_Wittgenstein	1
Dugald_Stewart	Adam_Ferguson	2
Dugald_Stewart	Adam_Smith	3
Dugald_Stewart	Archibald_Alison_(author)	2
Dugald_Stewart	Francis_Hutcheson_(philosopher)	2
Dugald_Stewart	Henry_Brougham,_1st_Baron_Brougham_and_Vaux	1
Dugald_Stewart	Immanuel_Kant	1
Dugald_Stewart	James_Burnett,_Lord_Monboddo	1
Dugald_Stewart	James_Mill	2
Dugald_Stewart	John_Locke	1
Dugald_Stewart	John_Stuart_Mill	1
Dugald_Stewart	John_Veitch_(poet)	1
Dugald_Stewart	Joseph_Priestley	1
Dugald_Stewart	Pierre_Jean_Georges_Cabanis	1
Dugald_Stewart	Pierre_Laromiguière	1
Dugald_Stewart	Richard_Price	1
Dugald_Stewart	Sir_William_Hamilton,_9th_Baronet	1
Dugald_Stewart	Thomas_Brown_(philosopher)	2
Dugald_Stewart	Thomas_Reid	1
Dugald_Stewart	Étienne_Bonnot_de_Condillac	1
Dunash_ibn_Tamim	Abraham_ibn_Ezra	1
Dunash_ibn_Tamim	Isaac_Israeli_ben_Solomon	1
Dunash_ibn_Tamim	Moses_ibn_Ezra	1
Dunash_ibn_Tamim	Saadia_Gaon	2
Duns_Scotus	Alexander_of_Hales	1
Duns_Scotus	Anselm_of_Canterbury	1
Duns_Scotus	Aristotle	1
Duns_Scotus	Bonaventure	3
Duns_Scotus	Francis_Bacon	1
Duns_Scotus	Francis_of_Meyronnes	1
Duns_Scotus	Francisco_Suárez	1
Duns_Scotus	Henry_of_Ghent	2
Duns_Scotus	Jesus	1
Duns_Scotus	John_Peckham	1
Duns_Scotus	John_of_La_Rochelle	1
Duns_Scotus	Martin_Heidegger	3
Duns_Scotus	Matthew_of_Aquasparta	1
Duns_Scotus	Peter_Lombard	3
Duns_Scotus	Plato	1
Duns_Scotus	Plutarch	1
Duns_Scotus	Porphyry_of_Tyre	1
Duns_Scotus	René_Descartes	1
Duns_Scotus	Richard_of_Middleton	1
Duns_Scotus	Socrates	1
Duns_Scotus	Thomas_Aquinas	4
Duns_Scotus	Thomas_of_Erfurt	1
Duns_Scotus	William_of_Alnwick	1
Duns_Scotus	William_of_Ockham	3
Durandus_of_Saint-Pourçain	Bonaventure	1
Durandus_of_Saint-Pourçain	Hervaeus_Natalis	1
Durandus_of_Saint-Pourçain	Peter_Lombard	1
Désiré-Joseph_Mercier	Albert_Einstein	1
Désiré-Joseph_Mercier	Thomas_Aquinas	1
Dōgen	Linji_Yixuan	1
Dōgen	The_Buddha	1
Edgar_S._Brightman	Albert_Einstein	1
Edgar_S._Brightman	Alfred_North_Whitehead	1
Edgar_S._Brightman	Borden_Parker_Bowne	2
Edgar_S._Brightman	Charles_Hartshorne	1
Edgar_S._Brightman	Sigmund_Freud	1
Edith_Stein	Duns_Scotus	1
Edith_Stein	Edmund_Husserl	3
Edith_Stein	Martin_Heidegger	1
Edith_Stein	Teresa_of_Ávila	2
Edith_Stein	Thomas_Aquinas	2
Edmund_Burke	Adam_Smith	1
Edmund_Burke	David_Hume	2
Edmund_Burke	Denis_Diderot	1
Edmund_Burke	Henry_Brougham,_1st_Baron_Brougham_and_Vaux	1
Edmund_Burke	Immanuel_Kant	1
Edmund_Burke	Jean-Jacques_Rousseau	1
Edmund_Burke	John_Stuart_Mill	1
Edmund_Burke	Joseph_de_Maistre	2
Edmund_Burke	Karl_Marx	1
Edmund_Burke	Leo_Strauss	1
Edmund_Burke	Mary_Wollstonecraft	1
Edmund_Burke	Richard_Price	2
Edmund_Burke	Samuel_Johnson	3
Edmund_Burke	Samuel_Taylor_Coleridge	1
Edmund_Burke	Thomas_Paine	1
Edmund_Burke	William_Blackstone	1
Edmund_Burke	William_Hazlitt	1
Edmund_Gurney	George_Croom_Robertson	1
Edmund_Gurney	William_James	1
Edmund_Husserl	Adolf_Reinach	3
Edmund_Husserl	Alexandre_Koyré	1
Edmund_Husserl	Alfred_Schütz	1
Edmund_Husserl	Aristotle	1
Edmund_Husserl	Avicenna	2
Edmund_Husserl	Bernard_Bolzano	2
Edmund_Husserl	Carl_Stumpf	3
Edmund_Husserl	David_Hume	2
Edmund_Husserl	Dietrich_von_Hildebrand	1
Edmund_Husserl	Edith_Stein	4
Edmund_Husserl	Franz_Brentano	5
Edmund_Husserl	Gabriel_Marcel	1
Edmund_Husserl	Galileo_Galilei	1
Edmund_Husserl	Georg_Cantor	2
Edmund_Husserl	Gottfried_Wilhelm_Leibniz	1
Edmund_Husserl	Gottlob_Frege	2
Edmund_Husserl	Hans_Reichenbach	1
Edmund_Husserl	Hermann_Lotze	2
Edmund_Husserl	Hermann_Weyl	2
Edmund_Husserl	Immanuel_Kant	2
Edmund_Husserl	Ivan_Ilyin	1
Edmund_Husserl	John_Stuart_Mill	2
Edmund_Husserl	José_Ortega_y_Gasset	1
Edmund_Husserl	Karl_Jaspers	1
Edmund_Husserl	Kazimierz_Ajdukiewicz	1
Edmund_Husserl	Leo_Strauss	1
Edmund_Husserl	Leopold_Kronecker	1
Edmund_Husserl	Martin_Heidegger	5
Edmund_Husserl	Max_Scheler	2
Edmund_Husserl	Max_Weber	1
Edmund_Husserl	Nicolai_Hartmann	1
Edmund_Husserl	René_Descartes	1
Edmund_Husserl	Richard_Dedekind	1
Edmund_Husserl	Roman_Ingarden	2
Edmund_Husserl	Rudolf_Carnap	1
Edmund_Husserl	Stanisław_Leśniewski	2
Edmund_Husserl	Tomáš_Masaryk	1
Edmund_Husserl	Wilhelm_Dilthey	1
Edmund_Husserl	Wilhelm_Wundt	1
Edmund_Husserl	William_Ernest_Hocking	1
Eduard_Bernstein	Eugen_Dühring	1
Eduard_Bernstein	Ferdinand_Lassalle	2
Eduard_Bernstein	Friedrich_Engels	3
Eduard_Bernstein	Gerrard_Winstanley	1
Eduard_Bernstein	Herbert_Spencer	1
Eduard_Bernstein	Immanuel_Kant	1
Eduard_Bernstein	Karl_Christian_Friedrich_Krause	1
Eduard_Bernstein	Karl_Kautsky	2
Eduard_Bernstein	Karl_Marx	2
Eduard_Bernstein	Rosa_Luxemburg	2
Eduard_Zeller	David_Strauss	1
Eduard_Zeller	Friedrich_Nietzsche	1
Eduard_Zeller	Georg_Simmel	1
Eduard_Zeller	Georg_Wilhelm_Friedrich_Hegel	4
Eduard_Zeller	Hermann_von_Helmholtz	1
Eduard_Zeller	Immanuel_Kant	1
Eduard_Zeller	Plato	1
Eduard_von_Hartmann	Arthur_Schopenhauer	2
Eduard_von_Hartmann	Carl_Jung	1
Eduard_von_Hartmann	Friedrich_Nietzsche	1
Eduard_von_Hartmann	Friedrich_Wilhelm_Joseph_Schelling	1
Eduard_von_Hartmann	Georg_Wilhelm_Friedrich_Hegel	1
Eduard_von_Hartmann	Hermann_Lotze	1
Eduard_von_Hartmann	Immanuel_Kant	1
Eduard_von_Hartmann	Philipp_Mainländer	1
Eduard_von_Hartmann	Rudolf_Steiner	1
Eduard_von_Hartmann	Sigmund_Freud	2
Edvard_Westermarck	Bertrand_Russell	1
Edvard_Westermarck	Charles_Darwin	1
Edvard_Westermarck	Herbert_Spencer	1
Edvard_Westermarck	Leonard_Hobhouse	2
Edward_Caird	Georg_Wilhelm_Friedrich_Hegel	1
Edward_Caird	J._H._Muirhead	1
Edward_Herbert,_1st_Baron_Herbert_of_Cherbury	David_Hume	1
Edward_Herbert,_1st_Baron_Herbert_of_Cherbury	Hugo_Grotius	1
Edward_Herbert,_1st_Baron_Herbert_of_Cherbury	John_Selden	1
Edward_Herbert,_1st_Baron_Herbert_of_Cherbury	Marin_Mersenne	1
Edward_Herbert,_1st_Baron_Herbert_of_Cherbury	Pierre_Gassendi	1
Edward_Stillingfleet	Baruch_Spinoza	1
Edward_Stillingfleet	Catharine_Trotter_Cockburn	1
Edward_Stillingfleet	Isaac_La_Peyrère	1
Edward_Stillingfleet	John_Locke	1
Edward_Stillingfleet	John_Selden	1
Edward_Stillingfleet	Richard_Bentley	1
Edward_Stillingfleet	Thomas_Hobbes	2
Ehrenfried_Walther_von_Tschirnhaus	Arnold_Geulincx	1
Ehrenfried_Walther_von_Tschirnhaus	Baruch_Spinoza	1
Ehrenfried_Walther_von_Tschirnhaus	Christiaan_Huygens	1
Ehrenfried_Walther_von_Tschirnhaus	Christian_Wolff_(philosopher)	1
Ehrenfried_Walther_von_Tschirnhaus	Gottfried_Wilhelm_Leibniz	1
Ehrenfried_Walther_von_Tschirnhaus	Isaac_Newton	1
Elbert_Hubbard	Henry_David_Thoreau	1
Elbert_Hubbard	Leo_Tolstoy	1
Elia_del_Medigo	Averroes	4
Elia_del_Medigo	Giovanni_Pico_della_Mirandola	3
Elia_del_Medigo	Joseph_Solomon_Delmedigo	1
Elia_del_Medigo	Maimonides	1
Elia_del_Medigo	Marsilio_Ficino	1
Elia_del_Medigo	Plato	1
Elias_(Greek_scholar)	Aristotle	1
Elias_(Greek_scholar)	Olympiodorus_the_Younger	1
Elias_(Greek_scholar)	Porphyry_of_Tyre	1
Elisabeth_of_the_Palatinate	Anna_Maria_van_Schurman	3
Elisabeth_of_the_Palatinate	Gottfried_Wilhelm_Leibniz	1
Elisabeth_of_the_Palatinate	Nicolas_Malebranche	1
Elisabeth_of_the_Palatinate	René_Descartes	1
Ellopion_of_Peparethus	Plato	1
Ellopion_of_Peparethus	Plutarch	2
Ellopion_of_Peparethus	Socrates	2
Emanuel_Swedenborg	Aristotle	1
Emanuel_Swedenborg	Athanasius_of_Alexandria	1
Emanuel_Swedenborg	Augustine_of_Hippo	1
Emanuel_Swedenborg	Blaise_Pascal	1
Emanuel_Swedenborg	Carl_Jung	1
Emanuel_Swedenborg	Carl_Linnaeus	1
Emanuel_Swedenborg	Christian_Wolff_(philosopher)	1
Emanuel_Swedenborg	Gottfried_Wilhelm_Leibniz	1
Emanuel_Swedenborg	Henry_James_Sr.	1
Emanuel_Swedenborg	Immanuel_Kant	6
Emanuel_Swedenborg	Jesus	4
Emanuel_Swedenborg	Johann_Gottfried_Herder	1
Emanuel_Swedenborg	John_Calvin	1
Emanuel_Swedenborg	John_Locke	1
Emanuel_Swedenborg	Martin_Luther	1
Emanuel_Swedenborg	Moses_Mendelssohn	1
Emanuel_Swedenborg	Philipp_Melanchthon	1
Emanuel_Swedenborg	Plato	1
Emanuel_Swedenborg	Plotinus	3
Emanuel_Swedenborg	Ralph_Waldo_Emerson	2
Emanuel_Swedenborg	René_Descartes	1
Emanuel_Swedenborg	William_Blake	1
Emer_de_Vattel	Benjamin_Franklin	1
Emer_de_Vattel	Christian_Wolff_(philosopher)	3
Emer_de_Vattel	Gottfried_Wilhelm_Leibniz	2
Emer_de_Vattel	Hugo_Grotius	3
Emer_de_Vattel	Jean-Pierre_de_Crousaz	1
Emer_de_Vattel	Lysander_Spooner	1
Emer_de_Vattel	Niccolò_Machiavelli	1
Emer_de_Vattel	Samuel_von_Pufendorf	2
Emil_Brunner	Augustine_of_Hippo	1
Emil_Brunner	Edmund_Husserl	1
Emil_Brunner	Friedrich_Schleiermacher	1
Emil_Brunner	Immanuel_Kant	1
Emil_Brunner	Jesus	1
Emil_Brunner	John_Calvin	1
Emil_Brunner	Karl_Barth	2
Emil_Brunner	Martin_Buber	1
Emil_Brunner	Martin_Luther	2
Emil_Brunner	Paul_Tillich	1
Emil_Brunner	Søren_Kierkegaard	1
Emil_Leon_Post	Charles_Sanders_Peirce	1
Emil_Leon_Post	Ludwig_Wittgenstein	1
Emil_du_Bois-Reymond	Charles_Darwin	1
Emil_du_Bois-Reymond	Ernst_Haeckel	1
Emil_du_Bois-Reymond	Hermann_von_Helmholtz	1
Emil_du_Bois-Reymond	William_James	1
Empedocles	Anaxagoras	1
Empedocles	Aristotle	3
Empedocles	Diogenes_Laertius	1
Empedocles	Euclid	1
Empedocles	Friedrich_Hölderlin	1
Empedocles	Galen	1
Empedocles	Heraclides_Ponticus	1
Empedocles	Lucian	1
Empedocles	Lucretius	1
Empedocles	Parmenides	1
Empedocles	Plato	1
Empedocles	Pythagoras	2
Empedocles	Simplicius_of_Cilicia	1
Epicharmus_of_Cos	Aristotle	1
Epicharmus_of_Cos	Diogenes_Laertius	5
Epicharmus_of_Cos	Friedrich_Schiller	1
Epicharmus_of_Cos	Heraclitus	1
Epicharmus_of_Cos	Lucian	1
Epicharmus_of_Cos	Plato	1
Epicharmus_of_Cos	Pythagoras	1
Epictetus	Baron_d'Holbach	1
Epictetus	Blaise_Pascal	2
Epictetus	Celsus	1
Epictetus	Denis_Diderot	2
Epictetus	François_Rabelais	1
Epictetus	Gaius_Musonius_Rufus	2
Epictetus	Lucian	1
Epictetus	Marcus_Aurelius	3
Epictetus	Montesquieu	2
Epictetus	Origen	1
Epictetus	Photios_I_of_Constantinople	1
Epictetus	Plato	1
Epictetus	Samuel_Johnson	1
Epictetus	Simplicius_of_Cilicia	3
Epictetus	Socrates	1
Epictetus	Voltaire	1
Epicurus	Abraham_ibn_Daud	1
Epicurus	Abraham_ibn_Ezra	1
Epicurus	Alexander_of_Aphrodisias	1
Epicurus	Anaxagoras	1
Epicurus	Aristotle	1
Epicurus	Augustine_of_Hippo	1
Epicurus	Cicero	2
Epicurus	Clement_of_Alexandria	1
Epicurus	Crates_of_Thebes	1
Epicurus	Dante_Alighieri	1
Epicurus	Democritus	5
Epicurus	Diogenes	1
Epicurus	Diogenes_Laertius	3
Epicurus	Diogenes_of_Oenoanda	6
Epicurus	Euclid	1
Epicurus	François_Rabelais	1
Epicurus	Friedrich_Nietzsche	1
Epicurus	Henry_Sidgwick	1
Epicurus	Isidore_of_Seville	1
Epicurus	Isocrates	1
Epicurus	Jeremy_Bentham	1
Epicurus	John_Locke	2
Epicurus	John_Stuart_Mill	1
Epicurus	John_of_Salisbury	1
Epicurus	Judah_Halevi	1
Epicurus	Karl_Marx	2
Epicurus	Lorenzo_Valla	1
Epicurus	Lucretius	2
Epicurus	Maimonides	1
Epicurus	Metrodorus_of_Lampsacus_(the_younger)	5
Epicurus	Michel_de_Montaigne	1
Epicurus	Philodemus	5
Epicurus	Pierre_Gassendi	3
Epicurus	Plato	3
Epicurus	Plutarch	2
Epicurus	Polyaenus_of_Lampsacus	1
Epicurus	Rabanus_Maurus	1
Epicurus	Robert_Boyle	2
Epicurus	Saadia_Gaon	1
Epicurus	Seneca_the_Younger	1
Epicurus	Tertullian	1
Epicurus	Theophrastus	1
Epicurus	Walter_Charleton	2
Epicurus	Zeno_of_Citium	1
Epicurus	Zeno_of_Sidon	1
Epimenides	Aristotle	1
Epimenides	Clement_of_Alexandria	1
Epimenides	Diogenes_Laertius	2
Epimenides	Plutarch	1
Epimenides	Pythagoras	1
Erasmus	Alexander_of_Hales	1
Erasmus	Aristotle	1
Erasmus	Augustine_of_Hippo	5
Erasmus	Bonaventure	1
Erasmus	Cicero	4
Erasmus	Duns_Scotus	2
Erasmus	Francis_of_Assisi	1
Erasmus	François_Rabelais	1
Erasmus	Gabriel_Biel	1
Erasmus	Giovanni_Pico_della_Mirandola	1
Erasmus	Isocrates	1
Erasmus	Jean_Gerson	4
Erasmus	John_Calvin	2
Erasmus	John_Henry_Newman	1
Erasmus	John_Wycliffe	1
Erasmus	John_of_Salisbury	1
Erasmus	Juan_Luis_Vives	3
Erasmus	Karl_Barth	1
Erasmus	Lorenzo_Valla	5
Erasmus	Lucian	2
Erasmus	Martin_Luther	6
Erasmus	Niccolò_Machiavelli	1
Erasmus	Nicholas_of_Autrecourt	1
Erasmus	Origen	4
Erasmus	Petrarch	2
Erasmus	Philipp_Melanchthon	5
Erasmus	Plato	1
Erasmus	Plutarch	2
Erasmus	Ptolemy	1
Erasmus	Rodolphus_Agricola	1
Erasmus	Seneca_the_Younger	1
Erasmus	Socrates	1
Erasmus	Tertullian	1
Erasmus	Thomas_Aquinas	4
Erasmus	Thomas_Cajetan	3
Erasmus	Thomas_More	18
Erasmus	Thomas_à_Kempis	1
Eric_Hoffer	Ivan_Ilyin	1
Eric_Hoffer	Michel_de_Montaigne	1
Ernst_Bloch	Avicenna	1
Ernst_Bloch	Christian_Thomasius	1
Ernst_Bloch	Georg_Wilhelm_Friedrich_Hegel	1
Ernst_Bloch	György_Lukács	1
Ernst_Bloch	Heinrich_Rickert	1
Ernst_Bloch	Jakob_Böhme	1
Ernst_Bloch	Karl_Marx	1
Ernst_Bloch	Paracelsus	1
Ernst_Bloch	Walter_Benjamin	2
Ernst_Cassirer	Alexandre_Koyré	1
Ernst_Cassirer	Arthur_de_Gobineau	1
Ernst_Cassirer	Georg_Wilhelm_Friedrich_Hegel	1
Ernst_Cassirer	Hans_Reichenbach	1
Ernst_Cassirer	Hermann_Cohen	3
Ernst_Cassirer	Immanuel_Kant	2
Ernst_Cassirer	Johann_Gottfried_Herder	1
Ernst_Cassirer	Johann_Wolfgang_von_Goethe	1
Ernst_Cassirer	Leo_Strauss	1
Ernst_Cassirer	Martin_Heidegger	2
Ernst_Cassirer	Niccolò_Machiavelli	1
Ernst_Cassirer	Paul_Natorp	2
Ernst_Cassirer	Plato	2
Ernst_Cassirer	René_Descartes	1
Ernst_Cassirer	Susanne_Langer	1
Ernst_Cassirer	Thomas_Carlyle	1
Ernst_Cassirer	Wilhelm_von_Humboldt	1
Ernst_Haeckel	Carl_Jung	1
Ernst_Haeckel	Charles_Darwin	3
Ernst_Haeckel	Friedrich_Engels	1
Ernst_Haeckel	Johann_Wolfgang_von_Goethe	1
Ernst_Haeckel	Sigmund_Freud	1
Ernst_Haeckel	Thomas_Henry_Huxley	1
Ernst_Jünger	Arthur_Schopenhauer	1
Ernst_Jünger	Carl_Schmitt	1
Ernst_Jünger	Friedrich_Nietzsche	1
Ernst_Jünger	Johann_Wolfgang_von_Goethe	1
Ernst_Jünger	Martin_Heidegger	2
Ernst_Jünger	Max_Stirner	1
Ernst_Jünger	Walter_Benjamin	1
Ernst_Mach	Albert_Einstein	1
Ernst_Mach	Alexander_Bogdanov	1
Ernst_Mach	David_Hume	1
Ernst_Mach	Friedrich_Hayek	1
Ernst_Mach	George_Berkeley	1
Ernst_Mach	Isaac_Newton	2
Ernst_Mach	Ludwig_Boltzmann	2
Ernst_Mach	Philipp_Frank	1
Ernst_Mach	Richard_Avenarius	1
Ernst_Mach	Vladimir_Lenin	1
Ernst_Mally	Alexius_Meinong	3
Ernst_Troeltsch	Friedrich_Meinecke	1
Ernst_Troeltsch	Karl_Barth	1
Ernst_Troeltsch	Max_Weber	2
Ernst_Zermelo	David_Hilbert	1
Ernst_Zermelo	Georg_Cantor	1
Ernst_Zermelo	Max_Planck	1
Ernst_Zermelo	Thoralf_Skolem	1
Erwin_Rohde	Friedrich_Nietzsche	1
Erwin_Rohde	Mikhail_Bakhtin	1
Erwin_Schrödinger	Albert_Einstein	1
Erwin_Schrödinger	Arthur_Schopenhauer	1
Erwin_Schrödinger	Baruch_Spinoza	1
Erwin_Schrödinger	Ernst_Mach	1
Erwin_Schrödinger	Galileo_Galilei	1
Erwin_Schrödinger	Hermann_Weyl	2
Erwin_Schrödinger	Hermann_von_Helmholtz	1
Erwin_Schrödinger	Isaac_Newton	1
Erwin_Schrödinger	James_Clerk_Maxwell	1
Erwin_Schrödinger	Max_Planck	2
Erwin_Schrödinger	Niels_Bohr	1
Eubulides	Aristotle	2
Eubulides	Chrysippus	1
Eubulides	Diodorus_Cronus	2
Eubulides	Diogenes_Laertius	1
Eubulides	Euclid_of_Megara	1
Eubulides	Plato	1
Eubulides	Seneca_the_Younger	1
Euclid	Alexander_of_Aphrodisias	1
Euclid	Archimedes	2
Euclid	David_Hilbert	1
Euclid	Euclid_of_Megara	4
Euclid	Eudoxus_of_Cnidus	3
Euclid	Galen	1
Euclid	Petrus_Ramus	1
Euclid	Plato	2
Euclid	Proclus	5
Euclid	Socrates	1
Euclid	Thales_of_Miletus	2
Euclid	Theodore_Metochites	1
Euclid	Theophrastus	1
Euclid_of_Megara	Aristotle	1
Euclid_of_Megara	Diogenes_Laertius	1
Euclid_of_Megara	Eubulides	1
Euclid_of_Megara	Euclid	1
Euclid_of_Megara	Plato	1
Euclid_of_Megara	Socrates	3
Euclid_of_Megara	Stilpo	1
Euclid_of_Megara	Zeno_of_Citium	1
Eudoxus_of_Cnidus	Archimedes	1
Eudoxus_of_Cnidus	Archytas	3
Eudoxus_of_Cnidus	Aristotle	3
Eudoxus_of_Cnidus	Diogenes_Laertius	1
Eudoxus_of_Cnidus	Euclid	1
Eudoxus_of_Cnidus	Plato	1
Eudoxus_of_Cnidus	Richard_Dedekind	1
Eudoxus_of_Cnidus	Simplicius_of_Cilicia	1
Eudoxus_of_Cnidus	Socrates	1
Eudoxus_of_Cnidus	Speusippus	1
Eugen_Dühring	Adam_Smith	2
Eugen_Dühring	Arthur_Schopenhauer	1
Eugen_Dühring	Auguste_Comte	2
Eugen_Dühring	Eduard_Bernstein	2
Eugen_Dühring	Friedrich_Adolf_Trendelenburg	1
Eugen_Dühring	Friedrich_Carl_von_Savigny	1
Eugen_Dühring	Friedrich_Engels	3
Eugen_Dühring	Friedrich_Nietzsche	1
Eugen_Dühring	Georg_Wilhelm_Friedrich_Hegel	1
Eugen_Dühring	Giordano_Bruno	1
Eugen_Dühring	Hermann_Lotze	1
Eugen_Dühring	Hermann_von_Helmholtz	3
Eugen_Dühring	Immanuel_Kant	1
Eugen_Dühring	Jean-Jacques_Rousseau	1
Eugen_Dühring	Johann_Wolfgang_von_Goethe	1
Eugen_Dühring	John_Locke	1
Eugen_Dühring	Karl_Marx	1
Eugen_Dühring	Ludwig_Feuerbach	1
Eugen_Dühring	Plato	1
Eusebius	Apollonius_of_Tyana	1
Eusebius	Arius	3
Eusebius	Athanasius_of_Alexandria	2
Eusebius	Jacob_Burckhardt	1
Eusebius	John_Henry_Newman	1
Eusebius	Origen	5
Eusebius	Philo	2
Eusebius	Plato	2
Eusebius	Pyrrho	1
Eusebius	Theodore_Metochites	1
F._C._S._Schiller	Bertrand_Russell	1
F._C._S._Schiller	Charles_Sanders_Peirce	1
F._C._S._Schiller	F._H._Bradley	1
F._C._S._Schiller	Georg_Wilhelm_Friedrich_Hegel	1
F._C._S._Schiller	Immanuel_Kant	1
F._C._S._Schiller	John_Stuart_Mill	1
F._C._S._Schiller	Plato	1
F._C._S._Schiller	William_James	1
F._C._S._Schiller	Zeno_of_Elea	1
F._H._Bradley	Bertrand_Russell	1
F._H._Bradley	David_Hume	1
F._H._Bradley	Friedrich_Wilhelm_Joseph_Schelling	1
F._H._Bradley	G._E._Moore	1
F._H._Bradley	Georg_Wilhelm_Friedrich_Hegel	2
F._H._Bradley	George_Herbert_Mead	1
F._H._Bradley	Immanuel_Kant	1
F._H._Bradley	Jeremy_Bentham	1
F._H._Bradley	Johann_Gottlieb_Fichte	1
F._H._Bradley	John_Locke	1
F._H._Bradley	John_Stuart_Mill	1
F._H._Bradley	Samuel_Alexander	1
F._H._Bradley	T._H._Green	1
Fakhr_al-Din_al-Razi	Abu_al-Hasan_al-Ash'ari	1
Fakhr_al-Din_al-Razi	Al-Ghazali	3
Fakhr_al-Din_al-Razi	Al-Juwayni	1
Fakhr_al-Din_al-Razi	Al-Shafi'i	1
Fakhr_al-Din_al-Razi	Avicenna	3
Fakhr_al-Din_al-Razi	Ibn_Furak	1
Fakhr_al-Din_al-Razi	Ibn_Malka_al-Baghdadi	1
Favorinus	Aenesidemus	1
Favorinus	Demetrius_the_Cynic	1
Favorinus	Diogenes_Laertius	1
Favorinus	Galen	1
Favorinus	Lucian	1
Favorinus	Marcus_Aurelius	1
Favorinus	Philostratus	2
Favorinus	Plutarch	2
Favorinus	Socrates	1
Fazang	Nagarjuna	1
Fazang	The_Buddha	1
Fazang	Uisang	3
Feliks_Koneczny	Francis_Bacon	1
Feliks_Koneczny	Hippolyte_Taine	1
Feliks_Koneczny	Hugo_Kołłątaj	1
Feliks_Koneczny	Ibn_Khaldun	1
Feliks_Koneczny	Montesquieu	1
Feliks_Koneczny	Oswald_Spengler	1
Felix_Weltsch	Martin_Buber	1
Feng_Youlan	Cheng_Yi_(philosopher)	1
Feng_Youlan	Guo_Xiang	1
Feng_Youlan	John_Dewey	1
Feng_Youlan	Zhang_Dongsun	1
Feng_Youlan	Zhu_Xi	1
Ferdinand_Lassalle	Arnold_Ruge	1
Ferdinand_Lassalle	Eduard_Bernstein	3
Ferdinand_Lassalle	Friedrich_Carl_von_Savigny	1
Ferdinand_Lassalle	Friedrich_Engels	2
Ferdinand_Lassalle	Friedrich_Schiller	1
Ferdinand_Lassalle	Georg_Wilhelm_Friedrich_Hegel	3
Ferdinand_Lassalle	Heraclitus	2
Ferdinand_Lassalle	Johann_Wolfgang_von_Goethe	1
Ferdinand_Lassalle	Karl_Kautsky	1
Ferdinand_Lassalle	Karl_Marx	2
Ferdinand_Lassalle	Ludwig_Feuerbach	1
Ferdinand_Lassalle	Pierre-Joseph_Proudhon	1
Ferdinand_de_Saussure	Charles_Sanders_Peirce	1
Ferdinand_de_Saussure	John_Locke	1
Ferdinand_de_Saussure	Sigmund_Freud	1
Ferdinand_de_Saussure	Wilhelm_Wundt	1
Firmin_Abauzit	Denis_Diderot	2
Firmin_Abauzit	Gottfried_Wilhelm_Leibniz	1
Firmin_Abauzit	Isaac_Newton	3
Firmin_Abauzit	Jean-Jacques_Rousseau	1
Firmin_Abauzit	Pierre_Bayle	1
Firmin_Abauzit	Voltaire	1
Florian_Znaniecki	Georg_Simmel	1
Florian_Znaniecki	Henri_Bergson	1
Florian_Znaniecki	Kazimierz_Ajdukiewicz	1
Florian_Znaniecki	Kazimierz_Twardowski	1
Florian_Znaniecki	Max_Weber	2
Florian_Znaniecki	Tadeusz_Kotarbiński	1
Florian_Znaniecki	Vilfredo_Pareto	1
Florian_Znaniecki	Émile_Durkheim	2
Francesco_Algarotti	Bernard_Le_Bovier_de_Fontenelle	1
Francesco_Algarotti	Julien_Offray_de_La_Mettrie	2
Francesco_Algarotti	Voltaire	3
Francesco_Silvestri_(theologian)	Aristotle	1
Francesco_Silvestri_(theologian)	Martin_Luther	1
Francesco_Silvestri_(theologian)	Thomas_Aquinas	3
Francesco_de_Sanctis	Benedetto_Croce	2
Francesco_de_Sanctis	Dante_Alighieri	1
Francis_Bacon	Aristotle	1
Francis_Bacon	Isaac_Newton	1
Francis_Bacon	John_Locke	1
Francis_Bacon	Kuno_Fischer	1
Francis_Bacon	René_Descartes	1
Francis_Bacon	Thomas_Browne	1
Francis_Bacon	Thomas_Hobbes	1
Francis_Bacon	Thomas_Jefferson	1
Francis_Bacon	Voltaire	1
Francis_Bacon	William_Whewell	1
Francis_Haywood	Arthur_Schopenhauer	1
Francis_Haywood	Immanuel_Kant	2
Francis_Hutcheson_(philosopher)	Adam_Smith	3
Francis_Hutcheson_(philosopher)	Alexander_Bain_(philosopher)	1
Francis_Hutcheson_(philosopher)	Anthony_Ashley-Cooper,_3rd_Earl_of_Shaftesbury	2
Francis_Hutcheson_(philosopher)	Baruch_Spinoza	1
Francis_Hutcheson_(philosopher)	Bernard_Mandeville	1
Francis_Hutcheson_(philosopher)	David_Hume	3
Francis_Hutcheson_(philosopher)	Dugald_Stewart	1
Francis_Hutcheson_(philosopher)	Gershom_Carmichael	1
Francis_Hutcheson_(philosopher)	James_Martineau	1
Francis_Hutcheson_(philosopher)	James_McCosh	1
Francis_Hutcheson_(philosopher)	Jeremy_Bentham	4
Francis_Hutcheson_(philosopher)	John_Adams	1
Francis_Hutcheson_(philosopher)	John_Locke	3
Francis_Hutcheson_(philosopher)	John_Veitch_(poet)	1
Francis_Hutcheson_(philosopher)	John_Witherspoon	1
Francis_Hutcheson_(philosopher)	Joseph_Butler	2
Francis_Hutcheson_(philosopher)	Joseph_Priestley	1
Francis_Hutcheson_(philosopher)	Leslie_Stephen	1
Francis_Hutcheson_(philosopher)	Nicolas_Malebranche	1
Francis_Hutcheson_(philosopher)	Richard_Cumberland_(philosopher)	1
Francis_Hutcheson_(philosopher)	Richard_Price	1
Francis_Hutcheson_(philosopher)	Samuel_von_Pufendorf	1
Francis_Hutcheson_(philosopher)	Thomas_Hobbes	3
Francis_Hutcheson_(philosopher)	Thomas_Reid	2
Francis_Hutcheson_(philosopher)	Victor_Cousin	1
Francis_Hutcheson_(philosopher)	William_Paley	1
Francis_Hutcheson_(philosopher)	William_Whewell	1
Francis_of_Assisi	Bonaventure	2
Francis_of_Assisi	Fyodor_Dostoevsky	1
Francis_of_Marchia	Gerardus_Odonis	1
Francis_of_Marchia	Jean_Buridan	1
Francis_of_Marchia	Peter_Lombard	1
Francis_of_Marchia	Richard_Rufus_of_Cornwall	2
Francis_of_Marchia	William_of_Ockham	1
Francis_of_Meyronnes	Aristotle	1
Francis_of_Meyronnes	Duns_Scotus	1
Francis_of_Meyronnes	William_of_Ockham	1
Francisco_Romero_(philosopher)	Alejandro_Korn	1
Francisco_Romero_(philosopher)	David_Hume	1
Francisco_Sanches	Marin_Mersenne	1
Francisco_Sanches	Pierre_Gassendi	1
Francisco_Sanches	Sextus_Empiricus	1
Francisco_Suárez	Arthur_Schopenhauer	1
Francisco_Suárez	Bartholomäus_Keckermann	1
Francisco_Suárez	Duns_Scotus	1
Francisco_Suárez	Giovanni_Botero	1
Francisco_Suárez	Gottfried_Wilhelm_Leibniz	2
Francisco_Suárez	Hugo_Grotius	3
Francisco_Suárez	John_Locke	1
Francisco_Suárez	John_Norris_(philosopher)	1
Francisco_Suárez	Juan_de_Mariana	1
Francisco_Suárez	Luis_de_Molina	1
Francisco_Suárez	Martin_Heidegger	1
Francisco_Suárez	René_Descartes	1
Francisco_Suárez	Robert_Filmer	1
Francisco_Suárez	Samuel_von_Pufendorf	2
Francisco_Suárez	Thomas_Aquinas	1
Francisco_Suárez	Thomas_Hobbes	1
Francisco_Suárez	William_of_Ockham	1
Francisco_de_Toledo_(Jesuit)	Aristotle	1
Francisco_de_Toledo_(Jesuit)	Domingo_de_Soto	1
Francisco_de_Vitoria	Erasmus	1
Francisco_de_Vitoria	Hugo_Grotius	2
Francisco_de_Vitoria	Thomas_Aquinas	1
Francisco_de_Vitoria	Thomas_Cajetan	1
Franciscus_Mercurius_van_Helmont	Anne_Conway_(philosopher)	1
Franciscus_Mercurius_van_Helmont	Anthony_Ashley-Cooper,_3rd_Earl_of_Shaftesbury	2
Franciscus_Mercurius_van_Helmont	Aristotle	1
Franciscus_Mercurius_van_Helmont	Elisabeth_of_the_Palatinate	1
Franciscus_Mercurius_van_Helmont	Gottfried_Wilhelm_Leibniz	1
Franciscus_Mercurius_van_Helmont	Henry_More	1
Franciscus_Mercurius_van_Helmont	John_Locke	1
Franciscus_Mercurius_van_Helmont	Paracelsus	1
Franciscus_Mercurius_van_Helmont	Robert_Boyle	1
Franciscus_Patricius	Al-Farabi	1
Franciscus_Patricius	Alexander_of_Aphrodisias	1
Franciscus_Patricius	Avempace	1
Franciscus_Patricius	Averroes	1
Franciscus_Patricius	Avicenna	1
Franciscus_Patricius	Benedetto_Croce	1
Franciscus_Patricius	Bernardino_Telesio	2
Franciscus_Patricius	Cicero	1
Franciscus_Patricius	Damascius	1
Franciscus_Patricius	Ernst_Cassirer	1
Franciscus_Patricius	Francis_Bacon	1
Franciscus_Patricius	Francisco_de_Toledo_(Jesuit)	1
Franciscus_Patricius	Gemistos_Plethon	1
Franciscus_Patricius	Giordano_Bruno	1
Franciscus_Patricius	Gottfried_Wilhelm_Leibniz	1
Franciscus_Patricius	Henry_More	1
Franciscus_Patricius	Jacopo_Mazzoni	1
Franciscus_Patricius	Johannes_Kepler	1
Franciscus_Patricius	John_Amos_Comenius	1
Franciscus_Patricius	John_Philoponus	1
Franciscus_Patricius	Marsilio_Ficino	2
Franciscus_Patricius	Niccolò_Machiavelli	1
Franciscus_Patricius	Olympiodorus_the_Younger	1
Franciscus_Patricius	Petrarch	1
Franciscus_Patricius	Pierre_Bayle	1
Franciscus_Patricius	Pierre_Gassendi	1
Franciscus_Patricius	Plato	2
Franciscus_Patricius	Plotinus	1
Franciscus_Patricius	Proclus	3
Franciscus_Patricius	Simplicius_of_Cilicia	1
Franciscus_Patricius	Thucydides	1
Franciscus_Patricius	Tommaso_Campanella	1
Franciscus_Patricius	Zoroaster	1
Franklin_Merrell-Wolff	Adi_Shankara	1
Franklin_Merrell-Wolff	Jinul	1
Franz_Brentano	Alexius_Meinong	3
Franz_Brentano	Aristotle	1
Franz_Brentano	Bertrand_Russell	1
Franz_Brentano	Carl_Stumpf	5
Franz_Brentano	Christian_von_Ehrenfels	2
Franz_Brentano	Edmund_Husserl	4
Franz_Brentano	Friedrich_Adolf_Trendelenburg	2
Franz_Brentano	Friedrich_Carl_von_Savigny	1
Franz_Brentano	G._E._Moore	1
Franz_Brentano	George_Stout	2
Franz_Brentano	Gottlob_Frege	1
Franz_Brentano	Kazimierz_Twardowski	4
Franz_Brentano	Martin_Heidegger	1
Franz_Brentano	Plotinus	1
Franz_Brentano	Rudolf_Steiner	2
Franz_Brentano	Sigmund_Freud	2
Franz_Brentano	Tomáš_Masaryk	2
Franz_Brentano	Wilhelm_Dilthey	1
Franz_Rosenzweig	Friedrich_Hölderlin	1
Franz_Rosenzweig	Friedrich_Wilhelm_Joseph_Schelling	1
Franz_Rosenzweig	Georg_Wilhelm_Friedrich_Hegel	1
Franz_Rosenzweig	Hermann_Cohen	2
Franz_Rosenzweig	Martin_Buber	1
Franz_Xaver_von_Baader	David_Hartley_(philosopher)	1
Franz_Xaver_von_Baader	David_Hume	1
Franz_Xaver_von_Baader	Friedrich_Heinrich_Jacobi	1
Franz_Xaver_von_Baader	Friedrich_Wilhelm_Joseph_Schelling	1
Franz_Xaver_von_Baader	Immanuel_Kant	1
Franz_Xaver_von_Baader	Jakob_Böhme	1
Franz_Xaver_von_Baader	Jesus	1
Franz_Xaver_von_Baader	Meister_Eckhart	3
Franz_Xaver_von_Baader	Paracelsus	1
Franz_Xaver_von_Baader	René_Descartes	2
Franz_Xaver_von_Baader	William_Godwin	1
François_Bernier	Avicenna	1
François_Bernier	Pierre_Bayle	1
François_Bernier	Pierre_Gassendi	3
François_Bernier	René_Descartes	2
François_Fénelon	Nicolas_Malebranche	1
François_Fénelon	William_Godwin	1
François_Rabelais	Alfred_Jarry	1
François_Rabelais	Dante_Alighieri	1
François_Rabelais	Erasmus	3
François_Rabelais	Galen	1
François_Rabelais	Heinrich_Cornelius_Agrippa	1
François_Rabelais	Hippocrates	1
François_Rabelais	Jean_Anthelme_Brillat-Savarin	1
François_Rabelais	John_Calvin	2
François_Rabelais	Lucian	1
François_Rabelais	Mikhail_Bakhtin	2
Fridugisus	Alcuin	2
Fridugisus	Alexander_of_Hales	1
Fridugisus	Friedrich_Albert_Lange	1
Fridugisus	Thomas_Aquinas	1
Friedrich_Adolf_Trendelenburg	Aristotle	1
Friedrich_Adolf_Trendelenburg	Baruch_Spinoza	1
Friedrich_Adolf_Trendelenburg	Democritus	1
Friedrich_Adolf_Trendelenburg	Franz_Brentano	2
Friedrich_Adolf_Trendelenburg	Friedrich_Schleiermacher	1
Friedrich_Adolf_Trendelenburg	Georg_Wilhelm_Friedrich_Hegel	1
Friedrich_Adolf_Trendelenburg	Gustav_Teichmüller	1
Friedrich_Adolf_Trendelenburg	Hermann_Cohen	1
Friedrich_Adolf_Trendelenburg	Hermann_Lotze	1
Friedrich_Adolf_Trendelenburg	Immanuel_Kant	4
Friedrich_Adolf_Trendelenburg	Karl_Leonhard_Reinhold	1
Friedrich_Adolf_Trendelenburg	Karl_von_Prantl	1
Friedrich_Adolf_Trendelenburg	Kuno_Fischer	1
Friedrich_Adolf_Trendelenburg	Plato	2
Friedrich_Adolf_Trendelenburg	Rudolf_Christoph_Eucken	1
Friedrich_Adolf_Trendelenburg	Søren_Kierkegaard	1
Friedrich_Adolf_Trendelenburg	Wilhelm_Dilthey	2
Friedrich_Albert_Lange	Eduard_Bernstein	1
Friedrich_Albert_Lange	Ferdinand_Lassalle	2
Friedrich_Albert_Lange	Hermann_Cohen	2
Friedrich_Albert_Lange	Immanuel_Kant	1
Friedrich_Albert_Lange	Johann_Friedrich_Herbart	1
Friedrich_Albert_Lange	John_Stuart_Mill	1
Friedrich_Albert_Lange	Paul_Natorp	1
Friedrich_Carl_von_Savigny	Christian_Wolff_(philosopher)	1
Friedrich_Carl_von_Savigny	Rudolf_von_Jhering	2
Friedrich_Carl_von_Savigny	Wilhelm_von_Humboldt	1
Friedrich_Eduard_Beneke	Arthur_Schopenhauer	1
Friedrich_Eduard_Beneke	Friedrich_Heinrich_Jacobi	1
Friedrich_Eduard_Beneke	Friedrich_Schleiermacher	2
Friedrich_Eduard_Beneke	Georg_Wilhelm_Friedrich_Hegel	1
Friedrich_Eduard_Beneke	Immanuel_Kant	2
Friedrich_Eduard_Beneke	Jakob_Friedrich_Fries	1
Friedrich_Eduard_Beneke	Johann_Friedrich_Herbart	1
Friedrich_Eduard_Beneke	John_Locke	1
Friedrich_Engels	Bruno_Bauer	1
Friedrich_Engels	Charles_Darwin	2
Friedrich_Engels	Charles_Fourier	1
Friedrich_Engels	David_Strauss	1
Friedrich_Engels	Eduard_Bernstein	4
Friedrich_Engels	Eugen_Dühring	1
Friedrich_Engels	Friedrich_Wilhelm_Joseph_Schelling	1
Friedrich_Engels	Georg_Wilhelm_Friedrich_Hegel	1
Friedrich_Engels	Georges_Sorel	1
Friedrich_Engels	Georgi_Plekhanov	1
Friedrich_Engels	György_Lukács	1
Friedrich_Engels	Johann_Wolfgang_von_Goethe	1
Friedrich_Engels	Karl_Kautsky	3
Friedrich_Engels	Karl_Marx	4
Friedrich_Engels	Ludwig_Feuerbach	1
Friedrich_Engels	Max_Stirner	1
Friedrich_Engels	Mikhail_Bakunin	1
Friedrich_Engels	Moses_Hess	1
Friedrich_Engels	Rosa_Luxemburg	1
Friedrich_Engels	Vladimir_Lenin	2
Friedrich_Harms	Friedrich_Heinrich_Jacobi	1
Friedrich_Harms	Heinrich_Moritz_Chalybäus	1
Friedrich_Harms	Immanuel_Kant	1
Friedrich_Harms	Johann_Gottlieb_Fichte	1
Friedrich_Hayek	Adam_Ferguson	2
Friedrich_Hayek	Adam_Smith	1
Friedrich_Hayek	Alexis_de_Tocqueville	2
Friedrich_Hayek	Alfred_Schütz	1
Friedrich_Hayek	Algernon_Sidney	1
Friedrich_Hayek	Benjamin_Franklin	1
Friedrich_Hayek	Bernard_Mandeville	1
Friedrich_Hayek	C._S._Lewis	1
Friedrich_Hayek	Carl_Schmitt	1
Friedrich_Hayek	Charles_Darwin	1
Friedrich_Hayek	David_Hume	1
Friedrich_Hayek	Edmund_Burke	2
Friedrich_Hayek	Ernst_Mach	2
Friedrich_Hayek	Friedrich_Nietzsche	1
Friedrich_Hayek	Jean-Jacques_Rousseau	1
Friedrich_Hayek	Johann_Wolfgang_von_Goethe	1
Friedrich_Hayek	John_Henry_Newman	1
Friedrich_Hayek	John_Locke	1
Friedrich_Hayek	John_Maynard_Keynes	3
Friedrich_Hayek	John_Stuart_Mill	2
Friedrich_Hayek	Joseph_Schumpeter	1
Friedrich_Hayek	Joseph_de_Maistre	1
Friedrich_Hayek	Karl_Marx	1
Friedrich_Hayek	Leo_Strauss	1
Friedrich_Hayek	Ludwig_Feuerbach	1
Friedrich_Hayek	Ludwig_Wittgenstein	3
Friedrich_Hayek	Ludwig_von_Mises	6
Friedrich_Hayek	Max_Weber	1
Friedrich_Hayek	Othmar_Spann	1
Friedrich_Hayek	Sigmund_Freud	1
Friedrich_Hayek	Thomas_Carlyle	1
Friedrich_Hayek	Thomas_Hobbes	1
Friedrich_Hayek	Thomas_Jefferson	1
Friedrich_Hayek	Thomas_Paine	1
Friedrich_Hayek	Voltaire	1
Friedrich_Heinrich_Jacobi	Adam_Smith	1
Friedrich_Heinrich_Jacobi	Arthur_Schopenhauer	1
Friedrich_Heinrich_Jacobi	Baruch_Spinoza	3
Friedrich_Heinrich_Jacobi	Charles_Bonnet	1
Friedrich_Heinrich_Jacobi	Franz_Xaver_von_Baader	1
Friedrich_Heinrich_Jacobi	Friedrich_Wilhelm_Joseph_Schelling	2
Friedrich_Heinrich_Jacobi	Gotthold_Ephraim_Lessing	1
Friedrich_Heinrich_Jacobi	Gottlob_Ernst_Schulze	1
Friedrich_Heinrich_Jacobi	Immanuel_Kant	2
Friedrich_Heinrich_Jacobi	Jakob_Friedrich_Fries	1
Friedrich_Heinrich_Jacobi	Jean-Jacques_Rousseau	1
Friedrich_Heinrich_Jacobi	Johann_Gottlieb_Fichte	3
Friedrich_Heinrich_Jacobi	Johann_Wolfgang_von_Goethe	1
Friedrich_Heinrich_Jacobi	Karl_Leonhard_Reinhold	1
Friedrich_Heinrich_Jacobi	Karl_von_Prantl	1
Friedrich_Heinrich_Jacobi	Moses_Mendelssohn	1
Friedrich_Heinrich_Jacobi	Salomon_Maimon	1
Friedrich_Heinrich_Jacobi	Voltaire	1
Friedrich_Hölderlin	Friedrich_Nietzsche	1
Friedrich_Hölderlin	Friedrich_Schiller	2
Friedrich_Hölderlin	Friedrich_Wilhelm_Joseph_Schelling	2
Friedrich_Hölderlin	Georg_Wilhelm_Friedrich_Hegel	2
Friedrich_Hölderlin	Heraclitus	1
Friedrich_Hölderlin	Johann_Gottlieb_Fichte	1
Friedrich_Hölderlin	Johann_Wolfgang_von_Goethe	1
Friedrich_Hölderlin	Martin_Heidegger	4
Friedrich_Hölderlin	Novalis	1
Friedrich_Hölderlin	Walter_Benjamin	1
Friedrich_Nietzsche	Afrikan_Spir	3
Friedrich_Nietzsche	Ahad_Ha'am	1
Friedrich_Nietzsche	Alexander_Bogdanov	1
Friedrich_Nietzsche	Alfred_Baeumler	1
Friedrich_Nietzsche	Arthur_Schopenhauer	7
Friedrich_Nietzsche	Baruch_Spinoza	3
Friedrich_Nietzsche	Bertrand_Russell	1
Friedrich_Nietzsche	Carl_Jung	2
Friedrich_Nietzsche	Charles_Darwin	1
Friedrich_Nietzsche	David_Hume	1
Friedrich_Nietzsche	David_Strauss	3
Friedrich_Nietzsche	Diogenes_Laertius	1
Friedrich_Nietzsche	Empedocles	1
Friedrich_Nietzsche	Epicurus	1
Friedrich_Nietzsche	Erwin_Rohde	2
Friedrich_Nietzsche	Eugen_Dühring	1
Friedrich_Nietzsche	Friedrich_Albert_Lange	2
Friedrich_Nietzsche	Friedrich_Hölderlin	3
Friedrich_Nietzsche	Fyodor_Dostoevsky	2
Friedrich_Nietzsche	Georg_Christoph_Lichtenberg	1
Friedrich_Nietzsche	Georg_Simmel	1
Friedrich_Nietzsche	George_Eliot	1
Friedrich_Nietzsche	George_Santayana	1
Friedrich_Nietzsche	Georges_Bataille	3
Friedrich_Nietzsche	Gotthold_Ephraim_Lessing	1
Friedrich_Nietzsche	Henri_Bergson	1
Friedrich_Nietzsche	Heraclitus	2
Friedrich_Nietzsche	Hippolyte_Taine	2
Friedrich_Nietzsche	Immanuel_Kant	4
Friedrich_Nietzsche	Jacob_Burckhardt	2
Friedrich_Nietzsche	Jean-Jacques_Rousseau	1
Friedrich_Nietzsche	Johann_Wolfgang_von_Goethe	1
Friedrich_Nietzsche	John_Stuart_Mill	1
Friedrich_Nietzsche	Karl_Marx	2
Friedrich_Nietzsche	Kuno_Fischer	1
Friedrich_Nietzsche	Leo_Strauss	1
Friedrich_Nietzsche	Leo_Tolstoy	1
Friedrich_Nietzsche	Lev_Shestov	1
Friedrich_Nietzsche	Luc_de_Clapiers,_marquis_de_Vauvenargues	1
Friedrich_Nietzsche	Ludwig_Feuerbach	1
Friedrich_Nietzsche	Martin_Buber	1
Friedrich_Nietzsche	Martin_Heidegger	5
Friedrich_Nietzsche	Max_Horkheimer	1
Friedrich_Nietzsche	Max_Scheler	1
Friedrich_Nietzsche	Max_Stirner	1
Friedrich_Nietzsche	Max_Weber	1
Friedrich_Nietzsche	Meister_Eckhart	1
Friedrich_Nietzsche	Muhammad_Iqbal	1
Friedrich_Nietzsche	Nicolaus_Copernicus	1
Friedrich_Nietzsche	Novalis	1
Friedrich_Nietzsche	Olaf_Stapledon	1
Friedrich_Nietzsche	Oswald_Spengler	1
Friedrich_Nietzsche	Parmenides	1
Friedrich_Nietzsche	Paul_Deussen	2
Friedrich_Nietzsche	Paul_Rée	6
Friedrich_Nietzsche	Plato	3
Friedrich_Nietzsche	Ralph_Waldo_Emerson	2
Friedrich_Nietzsche	René_Descartes	1
Friedrich_Nietzsche	Roger_Joseph_Boscovich	1
Friedrich_Nietzsche	Rudolf_Steiner	1
Friedrich_Nietzsche	Sigmund_Freud	1
Friedrich_Nietzsche	Socrates	1
Friedrich_Nietzsche	Søren_Kierkegaard	1
Friedrich_Nietzsche	Thomas_Carlyle	1
Friedrich_Nietzsche	William_Blake	1
Friedrich_Nietzsche	Zoroaster	1
Friedrich_Schiller	Herbert_Marcuse	2
Friedrich_Schiller	Immanuel_Kant	2
Friedrich_Schiller	Jean-Jacques_Rousseau	1
Friedrich_Schiller	Johann_Wolfgang_von_Goethe	1
Friedrich_Schiller	Karl_Leonhard_Reinhold	1
Friedrich_Schiller	Samuel_Taylor_Coleridge	1
Friedrich_Schlegel	Baron_d'Holbach	1
Friedrich_Schlegel	Dante_Alighieri	1
Friedrich_Schlegel	Friedrich_Schiller	2
Friedrich_Schlegel	Friedrich_Schleiermacher	1
Friedrich_Schlegel	Germaine_de_Staël	1
Friedrich_Schlegel	Johann_Gottlieb_Fichte	1
Friedrich_Schlegel	Johann_Wolfgang_von_Goethe	1
Friedrich_Schlegel	Moses_Mendelssohn	2
Friedrich_Schlegel	Novalis	1
Friedrich_Schlegel	Samuel_Taylor_Coleridge	1
Friedrich_Schleiermacher	Aristotle	1
Friedrich_Schleiermacher	Baruch_Spinoza	2
Friedrich_Schleiermacher	Christian_Wolff_(philosopher)	1
Friedrich_Schleiermacher	Friedrich_Adolf_Trendelenburg	1
Friedrich_Schleiermacher	Friedrich_Eduard_Beneke	2
Friedrich_Schleiermacher	Friedrich_Heinrich_Jacobi	2
Friedrich_Schleiermacher	Friedrich_Schlegel	1
Friedrich_Schleiermacher	Friedrich_Wilhelm_Joseph_Schelling	1
Friedrich_Schleiermacher	Gottfried_Wilhelm_Leibniz	1
Friedrich_Schleiermacher	Gotthold_Ephraim_Lessing	1
Friedrich_Schleiermacher	Immanuel_Kant	4
Friedrich_Schleiermacher	Jesus	1
Friedrich_Schleiermacher	Johann_Augustus_Eberhard	2
Friedrich_Schleiermacher	Johann_Gottlieb_Fichte	4
Friedrich_Schleiermacher	Karl_Barth	1
Friedrich_Schleiermacher	Martin_Heidegger	1
Friedrich_Schleiermacher	Plato	3
Friedrich_Schleiermacher	Wilhelm_Dilthey	1
Friedrich_Waismann	Ludwig_Wittgenstein	1
Friedrich_Waismann	Moritz_Schlick	2
Friedrich_Waismann	Rudolf_Carnap	1
Friedrich_Wilhelm_Joseph_Schelling	Baruch_Spinoza	1
Friedrich_Wilhelm_Joseph_Schelling	Bruno_Bauer	1
Friedrich_Wilhelm_Joseph_Schelling	Christoph_Gottfried_Bardili	1
Friedrich_Wilhelm_Joseph_Schelling	David_Strauss	1
Friedrich_Wilhelm_Joseph_Schelling	Franz_Rosenzweig	1
Friedrich_Wilhelm_Joseph_Schelling	Friedrich_Engels	1
Friedrich_Wilhelm_Joseph_Schelling	Friedrich_Heinrich_Jacobi	1
Friedrich_Wilhelm_Joseph_Schelling	Friedrich_Hölderlin	2
Friedrich_Wilhelm_Joseph_Schelling	Friedrich_Schiller	1
Friedrich_Wilhelm_Joseph_Schelling	Friedrich_Schlegel	1
Friedrich_Wilhelm_Joseph_Schelling	Georg_Wilhelm_Friedrich_Hegel	2
Friedrich_Wilhelm_Joseph_Schelling	Gottfried_Wilhelm_Leibniz	2
Friedrich_Wilhelm_Joseph_Schelling	György_Lukács	1
Friedrich_Wilhelm_Joseph_Schelling	Immanuel_Kant	1
Friedrich_Wilhelm_Joseph_Schelling	Jacob_Burckhardt	1
Friedrich_Wilhelm_Joseph_Schelling	Jakob_Böhme	1
Friedrich_Wilhelm_Joseph_Schelling	Johann_Gottlieb_Fichte	2
Friedrich_Wilhelm_Joseph_Schelling	Johann_Wolfgang_von_Goethe	1
Friedrich_Wilhelm_Joseph_Schelling	Karl_Jaspers	1
Friedrich_Wilhelm_Joseph_Schelling	Karl_Leonhard_Reinhold	1
Friedrich_Wilhelm_Joseph_Schelling	Kuno_Fischer	1
Friedrich_Wilhelm_Joseph_Schelling	Ludwig_Feuerbach	1
Friedrich_Wilhelm_Joseph_Schelling	Martin_Heidegger	1
Friedrich_Wilhelm_Joseph_Schelling	Mikhail_Bakunin	1
Friedrich_Wilhelm_Joseph_Schelling	Novalis	1
Friedrich_Wilhelm_Joseph_Schelling	Paul_Tillich	1
Friedrich_Wilhelm_Joseph_Schelling	Richard_Kroner	1
Friedrich_Wilhelm_Joseph_Schelling	Samuel_Taylor_Coleridge	1
Friedrich_Wilhelm_Joseph_Schelling	Sigmund_Freud	1
Friedrich_Wilhelm_Joseph_Schelling	Søren_Kierkegaard	1
Friedrich_Wilhelm_Joseph_Schelling	Victor_Cousin	1
Friedrich_Wilhelm_Joseph_Schelling	Wilhelm_Windelband	1
Fritz_Mauthner	Aristotle	1
Fritz_Mauthner	Arthur_Schopenhauer	1
Fritz_Mauthner	Baruch_Spinoza	1
Fritz_Mauthner	Ernst_Mach	1
Fritz_Mauthner	I._A._Richards	1
Fritz_Mauthner	Immanuel_Kant	1
Fritz_Mauthner	Ludwig_Wittgenstein	1
Fritz_Mauthner	Martin_Buber	1
Fritz_Mauthner	René_Descartes	1
Fritz_Mauthner	The_Buddha	1
Fulbert_of_Chartres	Pope_Sylvester_II	2
Fyodor_Dostoevsky	Albert_Einstein	1
Fyodor_Dostoevsky	Alexander_Herzen	2
Fyodor_Dostoevsky	Charles_Fourier	1
Fyodor_Dostoevsky	Friedrich_Nietzsche	2
Fyodor_Dostoevsky	Friedrich_Schiller	2
Fyodor_Dostoevsky	Georg_Wilhelm_Friedrich_Hegel	1
Fyodor_Dostoevsky	Giambattista_Vico	1
Fyodor_Dostoevsky	Henri_de_Saint-Simon	1
Fyodor_Dostoevsky	Immanuel_Kant	1
Fyodor_Dostoevsky	Johann_Wolfgang_von_Goethe	2
Fyodor_Dostoevsky	Konstantin_Leontiev	1
Fyodor_Dostoevsky	Konstantin_Pobedonostsev	1
Fyodor_Dostoevsky	Leo_Tolstoy	2
Fyodor_Dostoevsky	Mikhail_Bakhtin	1
Fyodor_Dostoevsky	Mikhail_Bakunin	1
Fyodor_Dostoevsky	Nikolai_Berdyaev	1
Fyodor_Dostoevsky	Nikolay_Mikhaylovsky	1
Fyodor_Dostoevsky	Pierre-Joseph_Proudhon	1
Fyodor_Dostoevsky	Ralph_Waldo_Emerson	1
Fyodor_Dostoevsky	Sigmund_Freud	3
Fyodor_Dostoevsky	Vissarion_Belinsky	1
Fyodor_Dostoevsky	Vladimir_Solovyov_(philosopher)	1
Félicité_de_La_Mennais	Blaise_Pascal	1
Félicité_de_La_Mennais	Gottfried_Wilhelm_Leibniz	1
Félicité_de_La_Mennais	Jean-Jacques_Rousseau	2
Félicité_de_La_Mennais	Martin_Luther	1
Félicité_de_La_Mennais	René_Descartes	1
Félix_Ravaisson-Mollien	Aristotle	1
Félix_Ravaisson-Mollien	Friedrich_Wilhelm_Joseph_Schelling	1
Félix_Ravaisson-Mollien	Henri_Bergson	1
Félix_Ravaisson-Mollien	Jules_Lachelier	2
Félix_Ravaisson-Mollien	Maine_de_Biran	1
Félix_Ravaisson-Mollien	Victor_Cousin	2
Félix_Ravaisson-Mollien	William_of_Champeaux	1
Félix_Ravaisson-Mollien	Émile_Boutroux	1
G._E._Moore	Baruch_Spinoza	2
G._E._Moore	Bertrand_Russell	1
G._E._Moore	F._H._Bradley	1
G._E._Moore	Gottlob_Frege	2
G._E._Moore	Henry_Sidgwick	1
G._E._Moore	J._M._E._McTaggart	2
G._E._Moore	James_Ward_(psychologist)	1
G._E._Moore	Ludwig_Wittgenstein	4
Gabriel_Biel	Bernard_of_Clairvaux	1
Gabriel_Biel	Duns_Scotus	1
Gabriel_Biel	Juan_de_Mariana	1
Gabriel_Biel	Martin_Luther	1
Gabriel_Biel	Peter_Lombard	1
Gabriel_Biel	Thomas_Aquinas	2
Gabriel_Biel	William_of_Ockham	2
Gabriel_Bonnot_de_Mably	Jean-Jacques_Rousseau	1
Gabriel_Bonnot_de_Mably	Peter_Kropotkin	1
Gabriel_Bonnot_de_Mably	Plato	1
Gabriel_Bonnot_de_Mably	Étienne_Bonnot_de_Condillac	1
Gabriel_Marcel	Friedrich_Wilhelm_Joseph_Schelling	2
Gabriel_Marcel	Henri_Bergson	1
Gabriel_Marcel	Jean_Wahl	1
Gabriel_Marcel	Josiah_Royce	2
Gabriel_Marcel	Samuel_Taylor_Coleridge	2
Gabriel_Marcel	Socrates	1
Gabriel_Marcel	Søren_Kierkegaard	1
Gabriel_Marcel	William_James	1
Gabriel_Vásquez	Anselm_of_Canterbury	1
Gabriel_Vásquez	Aristotle	1
Gabriel_Vásquez	Augustine_of_Hippo	1
Gabriel_Vásquez	Boethius	1
Gabriel_Vásquez	Domingo_Báñez	1
Gabriel_Vásquez	Francisco_Suárez	1
Gabriel_Vásquez	Immanuel_Kant	1
Gabriel_Vásquez	John_of_St._Thomas	1
Gabriel_Vásquez	Luis_de_Molina	1
Gabriel_Vásquez	René_Descartes	1
Gabriel_Vásquez	Thomas_Aquinas	2
Gabrielle_Suchon	Aristotle	1
Gabrielle_Suchon	Cicero	1
Gabrielle_Suchon	Plato	1
Gabrielle_Suchon	Plutarch	1
Gabrielle_Suchon	Seneca_the_Younger	1
Gabrielle_Suchon	Socrates	1
Gaetano_Mosca	Karl_Marx	1
Gaetano_Mosca	Niccolò_Machiavelli	1
Gaetano_Mosca	Vilfredo_Pareto	2
Gaius_Blossius	Plutarch	2
Gaius_Marius_Victorinus	Aristotle	1
Gaius_Marius_Victorinus	Arius	1
Gaius_Marius_Victorinus	Augustine_of_Hippo	2
Gaius_Marius_Victorinus	Boethius	1
Gaius_Marius_Victorinus	Cicero	1
Gaius_Marius_Victorinus	Plotinus	1
Gaius_Marius_Victorinus	Porphyry_of_Tyre	1
Gaius_Musonius_Rufus	Epictetus	3
Galen	'Ali_ibn_al-'Abbas_al-Majusi	1
Galen	Abu_Bakr_al-Razi	1
Galen	Alexander_of_Aphrodisias	1
Galen	Andrea_Cesalpino	1
Galen	Aristotle	4
Galen	Augustine_of_Hippo	1
Galen	Avicenna	1
Galen	Empedocles	1
Galen	Hunayn_ibn_Ishaq	2
Galen	Maimonides	1
Galen	Marcus_Aurelius	1
Galen	Paracelsus	1
Galen	Plato	1
Galen	Socrates	1
Galen	Thucydides	1
Galileo_Galilei	Albert_Einstein	3
Galileo_Galilei	Archimedes	1
Galileo_Galilei	Aristotle	2
Galileo_Galilei	Cesare_Cremonini_(philosopher)	2
Galileo_Galilei	Christiaan_Huygens	3
Galileo_Galilei	Dante_Alighieri	3
Galileo_Galilei	Domingo_de_Soto	2
Galileo_Galilei	Euclid	1
Galileo_Galilei	Eudoxus_of_Cnidus	1
Galileo_Galilei	Isaac_Newton	1
Galileo_Galilei	Jean_Buridan	1
Galileo_Galilei	Johannes_Kepler	1
Galileo_Galilei	John_Philoponus	2
Galileo_Galilei	Lucretius	1
Galileo_Galilei	Nicolaus_Copernicus	1
Galileo_Galilei	Nicole_Oresme	1
Galileo_Galilei	Pythagoras	1
Galileo_Galilei	René_Descartes	2
Galileo_Galilei	Simplicius_of_Cilicia	1
Galvano_Della_Volpe	Antonio_Gramsci	1
Galvano_Della_Volpe	Benedetto_Croce	1
Galvano_Della_Volpe	Giovanni_Gentile	1
Galvano_Della_Volpe	Immanuel_Kant	2
Galvano_Della_Volpe	Jean-Jacques_Rousseau	1
Galvano_Della_Volpe	John_Locke	1
Galvano_Della_Volpe	Karl_Marx	1
Gaozi	Mencius	1
Gaozi	Xunzi_(philosopher)	1
Gaston_Bachelard	Albert_Einstein	1
Gaston_Bachelard	Aristotle	1
Gaston_Bachelard	Auguste_Comte	1
Gaston_Bachelard	Isaac_Newton	1
Gaston_Bachelard	Léon_Brunschvicg	3
Gaston_Bachelard	Plato	1
Gaston_Bachelard	René_Descartes	1
Gaston_Bachelard	Émile_Meyerson	1
Gaudapada	Adi_Shankara	4
Gaudapada	Asanga	1
Gaudapada	Madhvacharya	1
Gaudapada	Nagarjuna	1
Gaudapada	Ramanuja	1
Gaudapada	The_Buddha	2
Gaṅgeśa	Udayana	2
Geminus	Aristotle	1
Geminus	Posidonius	2
Geminus	Proclus	1
Geminus	Simplicius_of_Cilicia	1
Gemistos_Plethon	Aristotle	3
Gemistos_Plethon	Bessarion	3
Gemistos_Plethon	Calcidius	1
Gemistos_Plethon	Epicurus	1
Gemistos_Plethon	Gennadius_Scholarius	5
Gemistos_Plethon	George_of_Trebizond	1
Gemistos_Plethon	Marsilio_Ficino	1
Gemistos_Plethon	Plato	3
Gemistos_Plethon	Zoroaster	1
Gennadius_Scholarius	Aristotle	1
Gennadius_Scholarius	Duns_Scotus	1
Gennadius_Scholarius	Gemistos_Plethon	2
Gennadius_Scholarius	Gregory_Palamas	1
Gennadius_Scholarius	Hervaeus_Natalis	1
Gennadius_Scholarius	Peter_of_Spain	1
Gennadius_Scholarius	Porphyry_of_Tyre	1
Gennadius_Scholarius	Thomas_Aquinas	4
Georg_Anton_Friedrich_Ast	Aristotle	1
Georg_Anton_Friedrich_Ast	Friedrich_Schiller	1
Georg_Anton_Friedrich_Ast	Friedrich_Schleiermacher	1
Georg_Anton_Friedrich_Ast	Friedrich_Wilhelm_Joseph_Schelling	1
Georg_Anton_Friedrich_Ast	Gotthold_Ephraim_Lessing	1
Georg_Anton_Friedrich_Ast	Immanuel_Kant	1
Georg_Anton_Friedrich_Ast	Johann_Gottfried_Herder	1
Georg_Anton_Friedrich_Ast	Plato	1
Georg_Cantor	Aristotle	1
Georg_Cantor	Bernard_Bolzano	1
Georg_Cantor	Bernhard_Riemann	1
Georg_Cantor	Bertrand_Russell	2
Georg_Cantor	Charles_Sanders_Peirce	1
Georg_Cantor	David_Hilbert	2
Georg_Cantor	Duns_Scotus	1
Georg_Cantor	Edmund_Husserl	1
Georg_Cantor	Ernst_Zermelo	2
Georg_Cantor	Francis_Bacon	1
Georg_Cantor	Friedrich_Adolf_Trendelenburg	1
Georg_Cantor	Galileo_Galilei	1
Georg_Cantor	George_Berkeley	1
Georg_Cantor	Gottfried_Wilhelm_Leibniz	1
Georg_Cantor	Gottlob_Frege	1
Georg_Cantor	Henri_Poincaré	2
Georg_Cantor	Hermann_Weyl	1
Georg_Cantor	Immanuel_Kant	1
Georg_Cantor	Leopold_Kronecker	3
Georg_Cantor	Ludwig_Wittgenstein	2
Georg_Cantor	René_Descartes	1
Georg_Cantor	Richard_Dedekind	3
Georg_Cantor	Thomas_Aquinas	1
Georg_Christoph_Lichtenberg	Arthur_Schopenhauer	1
Georg_Christoph_Lichtenberg	Baruch_Spinoza	1
Georg_Christoph_Lichtenberg	Benjamin_Franklin	1
Georg_Christoph_Lichtenberg	Friedrich_Nietzsche	1
Georg_Christoph_Lichtenberg	Immanuel_Kant	2
Georg_Christoph_Lichtenberg	Johann_Wolfgang_von_Goethe	2
Georg_Christoph_Lichtenberg	Leo_Tolstoy	1
Georg_Christoph_Lichtenberg	Ludwig_Wittgenstein	1
Georg_Christoph_Lichtenberg	Sigmund_Freud	2
Georg_Mehlis	Heinrich_Rickert	1
Georg_Mehlis	Richard_Kroner	1
Georg_Mehlis	Susanne_Langer	1
Georg_Simmel	Arthur_Schopenhauer	1
Georg_Simmel	Edmund_Husserl	1
Georg_Simmel	Eduard_Zeller	1
Georg_Simmel	György_Lukács	1
Georg_Simmel	Heinrich_Rickert	1
Georg_Simmel	Immanuel_Kant	1
Georg_Simmel	Johann_Wolfgang_von_Goethe	1
Georg_Simmel	Karl_Mannheim	1
Georg_Simmel	Max_Scheler	1
Georg_Simmel	Max_Weber	4
Georg_Simmel	Walter_Benjamin	1
Georg_Wilhelm_Friedrich_Hegel	Adam_Smith	1
Georg_Wilhelm_Friedrich_Hegel	Alexander_Gottlieb_Baumgarten	1
Georg_Wilhelm_Friedrich_Hegel	Anselm_of_Canterbury	1
Georg_Wilhelm_Friedrich_Hegel	Aristotle	3
Georg_Wilhelm_Friedrich_Hegel	Arthur_Schopenhauer	1
Georg_Wilhelm_Friedrich_Hegel	Baruch_Spinoza	1
Georg_Wilhelm_Friedrich_Hegel	Benedetto_Croce	1
Georg_Wilhelm_Friedrich_Hegel	Bertrand_Russell	2
Georg_Wilhelm_Friedrich_Hegel	Charles_Sanders_Peirce	1
Georg_Wilhelm_Friedrich_Hegel	Christian_Wolff_(philosopher)	2
Georg_Wilhelm_Friedrich_Hegel	Friedrich_Engels	1
Georg_Wilhelm_Friedrich_Hegel	Friedrich_Hölderlin	2
Georg_Wilhelm_Friedrich_Hegel	Friedrich_Wilhelm_Joseph_Schelling	2
Georg_Wilhelm_Friedrich_Hegel	G._E._Moore	1
Georg_Wilhelm_Friedrich_Hegel	George_Berkeley	1
Georg_Wilhelm_Friedrich_Hegel	Georges_Bataille	1
Georg_Wilhelm_Friedrich_Hegel	Gottfried_Wilhelm_Leibniz	1
Georg_Wilhelm_Friedrich_Hegel	Gotthold_Ephraim_Lessing	2
Georg_Wilhelm_Friedrich_Hegel	Gottlob_Frege	1
Georg_Wilhelm_Friedrich_Hegel	György_Lukács	1
Georg_Wilhelm_Friedrich_Hegel	Heinrich_Moritz_Chalybäus	1
Georg_Wilhelm_Friedrich_Hegel	Herbert_Marcuse	1
Georg_Wilhelm_Friedrich_Hegel	Immanuel_Kant	6
Georg_Wilhelm_Friedrich_Hegel	J._M._E._McTaggart	1
Georg_Wilhelm_Friedrich_Hegel	Jakob_Böhme	1
Georg_Wilhelm_Friedrich_Hegel	Jakob_Friedrich_Fries	1
Georg_Wilhelm_Friedrich_Hegel	Jean-Jacques_Rousseau	2
Georg_Wilhelm_Friedrich_Hegel	Jean_Wahl	1
Georg_Wilhelm_Friedrich_Hegel	Johann_Gottfried_Herder	1
Georg_Wilhelm_Friedrich_Hegel	Johann_Gottlieb_Fichte	2
Georg_Wilhelm_Friedrich_Hegel	Johann_Wolfgang_von_Goethe	1
Georg_Wilhelm_Friedrich_Hegel	John_Dewey	2
Georg_Wilhelm_Friedrich_Hegel	Karl_Barth	1
Georg_Wilhelm_Friedrich_Hegel	Karl_Marx	5
Georg_Wilhelm_Friedrich_Hegel	Karl_Rosenkranz	3
Georg_Wilhelm_Friedrich_Hegel	Karl_Wilhelm_Ferdinand_Solger	1
Georg_Wilhelm_Friedrich_Hegel	Ludwig_Feuerbach	2
Georg_Wilhelm_Friedrich_Hegel	Martin_Luther	2
Georg_Wilhelm_Friedrich_Hegel	Plato	3
Georg_Wilhelm_Friedrich_Hegel	Plotinus	1
Georg_Wilhelm_Friedrich_Hegel	Proclus	1
Georg_Wilhelm_Friedrich_Hegel	R._G._Collingwood	1
Georg_Wilhelm_Friedrich_Hegel	Rudolf_Carnap	1
Georg_Wilhelm_Friedrich_Hegel	Søren_Kierkegaard	1
Georg_Wilhelm_Friedrich_Hegel	William_James	1
George_Berkeley	Albert_Einstein	1
George_Berkeley	Alfred_North_Whitehead	1
George_Berkeley	Arthur_Collier	1
George_Berkeley	Arthur_Schopenhauer	2
George_Berkeley	Bertrand_Russell	1
George_Berkeley	C._D._Broad	2
George_Berkeley	David_Hume	4
George_Berkeley	Edmund_Husserl	2
George_Berkeley	Ernst_Mach	2
George_Berkeley	Gottfried_Wilhelm_Leibniz	1
George_Berkeley	Ibn_al-Haytham	2
George_Berkeley	Immanuel_Kant	4
George_Berkeley	Isaac_Newton	3
George_Berkeley	John_Locke	2
George_Berkeley	Nicolas_Malebranche	1
George_Berkeley	Pierre_Duhem	1
George_Berkeley	René_Descartes	2
George_Berkeley	Samuel_Clarke	1
George_Berkeley	Thomas_Reid	1
George_Boas	Arthur_Oncken_Lovejoy	1
George_Boas	C._I._Lewis	1
George_Boas	Josiah_Royce	1
George_Boole	Aristotle	1
George_Boole	Augustus_De_Morgan	3
George_Boole	Baruch_Spinoza	1
George_Boole	C._I._Lewis	1
George_Boole	Charles_Babbage	1
George_Boole	Charles_Sanders_Peirce	2
George_Boole	Gottfried_Wilhelm_Leibniz	1
George_Boole	Gottlob_Frege	1
George_Boole	John_Maynard_Keynes	1
George_Boole	Louis_Couturat	1
George_Boole	Samuel_Clarke	1
George_Boole	Sir_William_Hamilton,_9th_Baronet	1
George_Boole	William_Ernest_Johnson	1
George_Boole	William_Stanley_Jevons	3
George_Croom_Robertson	Alexander_Bain_(philosopher)	2
George_Croom_Robertson	Aristotle	1
George_Croom_Robertson	Emil_du_Bois-Reymond	1
George_Croom_Robertson	Georg_Wilhelm_Friedrich_Hegel	1
George_Croom_Robertson	George_Grote	1
George_Croom_Robertson	Immanuel_Kant	1
George_Croom_Robertson	John_Stuart_Mill	1
George_Croom_Robertson	Thomas_Hobbes	1
George_Eliot	Baruch_Spinoza	3
George_Eliot	David_Strauss	5
George_Eliot	Friedrich_Nietzsche	1
George_Eliot	George_Henry_Lewes	4
George_Eliot	Harriet_Martineau	1
George_Eliot	Herbert_Spencer	1
George_Eliot	John_Stuart_Mill	1
George_Eliot	Karl_Marx	1
George_Eliot	Ludwig_Feuerbach	3
George_Eliot	Ralph_Waldo_Emerson	1
George_Eliot	Thomas_Carlyle	1
George_Grote	Alexander_Bain_(philosopher)	2
George_Grote	Alexis_de_Tocqueville	1
George_Grote	Aristotle	1
George_Grote	Auguste_Comte	1
George_Grote	David_Ricardo	1
George_Grote	George_Croom_Robertson	2
George_Grote	Henry_Brougham,_1st_Baron_Brougham_and_Vaux	1
George_Grote	James_Martineau	1
George_Grote	James_Mill	1
George_Grote	Jeremy_Bentham	1
George_Grote	John_Grote	1
George_Grote	John_Hoppus	2
George_Grote	John_Stuart_Mill	2
George_Grote	Plato	1
George_Grote	Thomas_Spencer_Baynes	1
George_Gurdjieff	Carl_Jung	1
George_Gurdjieff	P._D._Ouspensky	13
George_Henry_Lewes	Auguste_Comte	1
George_Henry_Lewes	G._E._Moore	1
George_Henry_Lewes	Georg_Wilhelm_Friedrich_Hegel	1
George_Henry_Lewes	George_Eliot	3
George_Henry_Lewes	Johann_Wolfgang_von_Goethe	1
George_Henry_Lewes	John_Stuart_Mill	2
George_Henry_Lewes	Shadworth_Hodgson	1
George_Henry_Lewes	Thomas_Carlyle	1
George_Henry_Lewes	Wilhelm_Wundt	1
George_Herbert_Mead	Adam_Smith	1
George_Herbert_Mead	Alfred_North_Whitehead	1
George_Herbert_Mead	Charles_Sanders_Peirce	1
George_Herbert_Mead	Georg_Wilhelm_Friedrich_Hegel	1
George_Herbert_Mead	James_Mark_Baldwin	1
George_Herbert_Mead	John_B._Watson	1
George_Herbert_Mead	John_Dewey	3
George_Herbert_Mead	Josiah_Royce	1
George_Herbert_Mead	Lev_Vygotsky	1
George_Herbert_Mead	William_James	2
George_Santayana	Alain_LeRoy_Locke	1
George_Santayana	Alexis_de_Tocqueville	1
George_Santayana	Alfred_North_Whitehead	1
George_Santayana	Baruch_Spinoza	1
George_Santayana	Bertrand_Russell	3
George_Santayana	Charles_Sanders_Peirce	1
George_Santayana	Democritus	1
George_Santayana	G._E._Moore	1
George_Santayana	Hermann_Lotze	1
George_Santayana	John_Dewey	1
George_Santayana	Josiah_Royce	3
George_Santayana	Lucretius	2
George_Santayana	Plato	1
George_Santayana	William_James	3
George_Stout	Alexius_Meinong	1
George_Stout	Bertrand_Russell	1
George_Stout	C._D._Broad	1
George_Stout	Carl_Stumpf	1
George_Stout	Christian_von_Ehrenfels	1
George_Stout	Franz_Brentano	2
George_Stout	James_Ward_(psychologist)	1
George_Stout	Jean_Piaget	1
George_Stout	Kazimierz_Twardowski	1
George_Stout	Wilhelm_Dilthey	1
George_of_Trebizond	Aristotle	1
George_of_Trebizond	Bessarion	1
George_of_Trebizond	Plato	1
George_of_Trebizond	Ptolemy	1
Georges-Louis_Leclerc,_Comte_de_Buffon	Aristotle	1
Georges-Louis_Leclerc,_Comte_de_Buffon	Carl_Linnaeus	1
Georges-Louis_Leclerc,_Comte_de_Buffon	Charles_Darwin	2
Georges-Louis_Leclerc,_Comte_de_Buffon	Isaac_Newton	1
Georges-Louis_Leclerc,_Comte_de_Buffon	Jean-Baptiste_Lamarck	1
Georges-Louis_Leclerc,_Comte_de_Buffon	Jean-Jacques_Rousseau	1
Georges-Louis_Leclerc,_Comte_de_Buffon	Jean_Le_Rond_d'Alembert	1
Georges-Louis_Leclerc,_Comte_de_Buffon	Montesquieu	1
Georges-Louis_Leclerc,_Comte_de_Buffon	Thomas_Jefferson	1
Georges-Louis_Leclerc,_Comte_de_Buffon	Voltaire	2
Georges_Bataille	Augustine_of_Hippo	1
Georges_Bataille	Friedrich_Nietzsche	1
Georges_Bataille	Gabriel_Marcel	1
Georges_Bataille	Georg_Wilhelm_Friedrich_Hegel	1
Georges_Bataille	Henri_Bergson	1
Georges_Bataille	Jean_Wahl	2
Georges_Bataille	Lev_Shestov	1
Georges_Bataille	Marquis_de_Sade	1
Georges_Bataille	Meister_Eckhart	1
Georges_Bataille	Nicholas_of_Cusa	1
Georges_Bataille	Pseudo-Dionysius_the_Areopagite	1
Georges_Bataille	Sigmund_Freud	1
Georges_Bataille	Teresa_of_Ávila	1
Georges_Bataille	Thomas_Aquinas	1
Georges_Bataille	Émile_Durkheim	1
Georges_Florovsky	Nikolai_Berdyaev	3
Georges_Florovsky	Nikolay_Lossky	1
Georges_Florovsky	Sergei_Bulgakov	2
Georges_Sorel	Antonio_Labriola	1
Georges_Sorel	Aristotle	1
Georges_Sorel	Benedetto_Croce	1
Georges_Sorel	Eduard_Bernstein	1
Georges_Sorel	Giambattista_Vico	3
Georges_Sorel	Henri_Bergson	3
Georges_Sorel	Hippolyte_Taine	1
Georges_Sorel	Karl_Marx	1
Georges_Sorel	Pierre-Joseph_Proudhon	2
Georges_Sorel	William_James	2
Georges_Sorel	Émile_Durkheim	1
Georgi_Plekhanov	Alexander_Herzen	1
Georgi_Plekhanov	Baron_d'Holbach	1
Georgi_Plekhanov	Claude_Adrien_Helvétius	1
Georgi_Plekhanov	Eduard_Bernstein	1
Georgi_Plekhanov	Friedrich_Engels	1
Georgi_Plekhanov	Georg_Wilhelm_Friedrich_Hegel	1
Georgi_Plekhanov	Hippolyte_Taine	1
Georgi_Plekhanov	Immanuel_Kant	1
Georgi_Plekhanov	Karl_Kautsky	1
Georgi_Plekhanov	Karl_Marx	1
Georgi_Plekhanov	Ludwig_Feuerbach	1
Georgi_Plekhanov	Mikhail_Bakunin	1
Georgi_Plekhanov	Nikolay_Chernyshevsky	1
Georgi_Plekhanov	Pyotr_Lavrov	1
Georgi_Plekhanov	Vissarion_Belinsky	2
Georgi_Plekhanov	Vladimir_Lenin	3
Gerard_of_Cremona	Abraham_ibn_Ezra	1
Gerard_of_Cremona	Abu_Bakr_al-Razi	4
Gerard_of_Cremona	Al-Farabi	1
Gerard_of_Cremona	Archimedes	1
Gerard_of_Cremona	Aristotle	2
Gerard_of_Cremona	Avicenna	2
Gerard_of_Cremona	Euclid	2
Gerard_of_Cremona	George_of_Trebizond	1
Gerard_of_Cremona	Nicolaus_Copernicus	1
Gerard_of_Cremona	Ptolemy	3
Germaine_de_Staël	Auguste_Comte	1
Germaine_de_Staël	Benjamin_Constant	3
Germaine_de_Staël	Denis_Diderot	1
Germaine_de_Staël	Friedrich_Schiller	1
Germaine_de_Staël	Friedrich_Schlegel	2
Germaine_de_Staël	Georges-Louis_Leclerc,_Comte_de_Buffon	1
Germaine_de_Staël	Immanuel_Kant	1
Germaine_de_Staël	Jean-Jacques_Rousseau	3
Germaine_de_Staël	Jean_Le_Rond_d'Alembert	1
Germaine_de_Staël	Johann_Wolfgang_von_Goethe	1
Germaine_de_Staël	Leo_Tolstoy	1
Germaine_de_Staël	Montesquieu	1
Germaine_de_Staël	Niccolò_Machiavelli	2
Germaine_de_Staël	Ralph_Waldo_Emerson	1
Germaine_de_Staël	Voltaire	1
Gerolamo_Cardano	Aristotle	1
Gerolamo_Cardano	Friedrich_Wilhelm_Joseph_Schelling	1
Gerolamo_Cardano	Galen	1
Gerolamo_Cardano	Jesus	1
Gerolamo_Cardano	Ptolemy	1
Gerolamo_Cardano	Rodolphus_Agricola	1
Gerolamo_Cardano	Thomas_Browne	1
Gershom_Carmichael	Antoine_Arnauld	1
Gershom_Carmichael	John_Locke	1
Gershom_Carmichael	Samuel_von_Pufendorf	1
Gershom_Carmichael	Sir_William_Hamilton,_9th_Baronet	1
Gersonides	Abraham_ibn_Daud	1
Gersonides	Abraham_ibn_Ezra	1
Gersonides	Alexander_of_Aphrodisias	1
Gersonides	Aristotle	1
Gersonides	Averroes	1
Gersonides	Hasdai_Crescas	1
Gersonides	Isaac_Abarbanel	1
Gersonides	Johannes_Kepler	1
Gersonides	Maimonides	1
Gersonides	Nicolaus_Copernicus	1
Gersonides	Pseudo-Dionysius_the_Areopagite	1
Gersonides	Solomon_ibn_Gabirol	1
Ghosha	Dirghatamas	1
Giacomo_Leopardi	Arthur_Schopenhauer	2
Giacomo_Leopardi	Baron_d'Holbach	1
Giacomo_Leopardi	Benedetto_Croce	1
Giacomo_Leopardi	Carlo_Michelstaedter	1
Giacomo_Leopardi	Cicero	2
Giacomo_Leopardi	Dante_Alighieri	4
Giacomo_Leopardi	David_Hume	1
Giacomo_Leopardi	Francesco_de_Sanctis	1
Giacomo_Leopardi	Friedrich_Nietzsche	1
Giacomo_Leopardi	Germaine_de_Staël	1
Giacomo_Leopardi	Jean-Jacques_Rousseau	1
Giacomo_Leopardi	John_Locke	1
Giacomo_Leopardi	Lucian	1
Giacomo_Leopardi	Lucretius	1
Giacomo_Leopardi	Miguel_de_Unamuno	1
Giacomo_Leopardi	Petrarch	3
Giacomo_Leopardi	Philipp_Mainländer	1
Giacomo_Leopardi	Plato	1
Giacomo_Leopardi	Voltaire	1
Giambattista_Vico	Antoine_Arnauld	1
Giambattista_Vico	Christian_Wolff_(philosopher)	1
Giambattista_Vico	Cicero	1
Giambattista_Vico	Friedrich_Nietzsche	1
Giambattista_Vico	Georges_Sorel	1
Giambattista_Vico	Johann_Gottfried_Herder	1
Giambattista_Vico	Johann_Wolfgang_von_Goethe	1
Giambattista_Vico	Karl_Marx	2
Giambattista_Vico	René_Descartes	2
Giambattista_Vico	Socrates	1
Giambattista_Vico	Wilhelm_Dilthey	1
Giambattista_Vico	Wilhelm_von_Humboldt	1
Gilbert_de_la_Porrée	Albertus_Magnus	1
Gilbert_de_la_Porrée	Aristotle	1
Gilbert_de_la_Porrée	Bernard_of_Chartres	2
Gilbert_de_la_Porrée	Bernard_of_Clairvaux	1
Gilbert_de_la_Porrée	Boethius	1
Gilbert_de_la_Porrée	Dante_Alighieri	1
Gilbert_de_la_Porrée	John_of_Salisbury	1
Gilbert_de_la_Porrée	Peter_Lombard	1
Giles_of_Rome	Aristotle	2
Giles_of_Rome	Augustine_of_Hippo	1
Giles_of_Rome	Godfrey_of_Fontaines	1
Giles_of_Rome	Henry_of_Ghent	1
Giles_of_Rome	James_of_Viterbo	1
Giles_of_Rome	Peter_Lombard	2
Giles_of_Rome	Thomas_Aquinas	1
Giles_of_Rome	William_de_la_Mare	1
Giordano_Bruno	Aristotle	3
Giordano_Bruno	Empedocles	1
Giordano_Bruno	Erasmus	2
Giordano_Bruno	Galileo_Galilei	2
Giordano_Bruno	Georg_Wilhelm_Friedrich_Hegel	2
Giordano_Bruno	Gotthold_Ephraim_Lessing	1
Giordano_Bruno	Isaac_Newton	1
Giordano_Bruno	Johannes_Kepler	1
Giordano_Bruno	John_Scotus_Eriugena	1
Giordano_Bruno	Lucretius	1
Giordano_Bruno	Margaret_Cavendish,_Duchess_of_Newcastle-upon-Tyne	1
Giordano_Bruno	Marsilio_Ficino	1
Giordano_Bruno	Moses_Mendelssohn	1
Giordano_Bruno	Nicholas_of_Cusa	3
Giordano_Bruno	Nicolaus_Copernicus	1
Giordano_Bruno	Petrus_Ramus	1
Giordano_Bruno	Ptolemy	1
Giovanni_Botero	Domingo_de_Soto	1
Giovanni_Botero	Francisco_de_Vitoria	1
Giovanni_Botero	Jean_Bodin	1
Giovanni_Botero	Juan_de_Mariana	1
Giovanni_Botero	Justus_Lipsius	1
Giovanni_Gentile	Antonio_Rosmini	2
Giovanni_Gentile	Arthur_Schopenhauer	1
Giovanni_Gentile	Benedetto_Croce	6
Giovanni_Gentile	Friedrich_Nietzsche	2
Giovanni_Gentile	Georg_Wilhelm_Friedrich_Hegel	1
Giovanni_Gentile	Johann_Gottlieb_Fichte	1
Giovanni_Gentile	Karl_Marx	1
Giovanni_Gentile	Vincenzo_Gioberti	2
Giovanni_Pico_della_Mirandola	Augustine_of_Hippo	1
Giovanni_Pico_della_Mirandola	Averroes	1
Giovanni_Pico_della_Mirandola	Avicenna	1
Giovanni_Pico_della_Mirandola	Edmund_Husserl	1
Giovanni_Pico_della_Mirandola	Elia_del_Medigo	1
Giovanni_Pico_della_Mirandola	Heinrich_Cornelius_Agrippa	1
Giovanni_Pico_della_Mirandola	Ibn_Tufayl	1
Giovanni_Pico_della_Mirandola	Marsilio_Ficino	3
Giovanni_Pico_della_Mirandola	Martin_Luther	1
Giovanni_Pico_della_Mirandola	Sigmund_Freud	1
Giovanni_Pico_della_Mirandola	Thomas_Hobbes	1
Giovanni_Pico_della_Mirandola	Yohanan_Alemanno	1
Giovanni_Pico_della_Mirandola	Zoroaster	1
Giuseppe_Ferrari_(philosopher)	Giambattista_Vico	1
Giuseppe_Peano	Bertrand_Russell	1
Giuseppe_Peano	Dante_Alighieri	1
Godfrey_of_Fontaines	Aristotle	1
Godfrey_of_Fontaines	Boetius_of_Dacia	1
Godfrey_of_Fontaines	Duns_Scotus	1
Godfrey_of_Fontaines	Henry_of_Ghent	1
Godfrey_of_Fontaines	John_Peckham	1
Godfrey_of_Fontaines	Plato	1
Godfrey_of_Fontaines	Siger_of_Brabant	1
Godfrey_of_Fontaines	Thomas_Aquinas	1
Gongsun_Long	Hui_Shi	1
Gorgias	Alcibiades	1
Gorgias	Antiphon_(orator)	1
Gorgias	Antisthenes	1
Gorgias	Aristotle	3
Gorgias	Diogenes_Laertius	1
Gorgias	Empedocles	2
Gorgias	Georg_Wilhelm_Friedrich_Hegel	1
Gorgias	George_Grote	1
Gorgias	Henry_Sidgwick	1
Gorgias	Hippias	1
Gorgias	Hippocrates	1
Gorgias	Isocrates	1
Gorgias	Ludwig_Wittgenstein	1
Gorgias	Martin_Heidegger	1
Gorgias	Parmenides	3
Gorgias	Philostratus	1
Gorgias	Plato	3
Gorgias	Prodicus	1
Gorgias	Protagoras	1
Gorgias	Sextus_Empiricus	3
Gorgias	Thucydides	2
Gottfried_Wilhelm_Leibniz	Albert_Einstein	1
Gottfried_Wilhelm_Leibniz	Antoine_Arnauld	3
Gottfried_Wilhelm_Leibniz	Augustus_De_Morgan	1
Gottfried_Wilhelm_Leibniz	Baruch_Spinoza	4
Gottfried_Wilhelm_Leibniz	Bernard_Le_Bovier_de_Fontenelle	1
Gottfried_Wilhelm_Leibniz	Bernhard_Riemann	1
Gottfried_Wilhelm_Leibniz	Bertrand_Russell	2
Gottfried_Wilhelm_Leibniz	Blaise_Pascal	1
Gottfried_Wilhelm_Leibniz	Charles_Babbage	1
Gottfried_Wilhelm_Leibniz	Charles_Sanders_Peirce	2
Gottfried_Wilhelm_Leibniz	Christiaan_Huygens	2
Gottfried_Wilhelm_Leibniz	Christian_Wolff_(philosopher)	2
Gottfried_Wilhelm_Leibniz	David_Hume	1
Gottfried_Wilhelm_Leibniz	Ehrenfried_Walther_von_Tschirnhaus	1
Gottfried_Wilhelm_Leibniz	Francisco_Suárez	1
Gottfried_Wilhelm_Leibniz	George_Berkeley	1
Gottfried_Wilhelm_Leibniz	Gottlob_Frege	2
Gottfried_Wilhelm_Leibniz	Hugo_Grotius	1
Gottfried_Wilhelm_Leibniz	Isaac_Newton	4
Gottfried_Wilhelm_Leibniz	John_Locke	4
Gottfried_Wilhelm_Leibniz	Louis_Couturat	3
Gottfried_Wilhelm_Leibniz	Martin_Heidegger	1
Gottfried_Wilhelm_Leibniz	Nicolas_Malebranche	2
Gottfried_Wilhelm_Leibniz	Ramon_Llull	3
Gottfried_Wilhelm_Leibniz	René_Descartes	5
Gottfried_Wilhelm_Leibniz	Robert_Boyle	1
Gottfried_Wilhelm_Leibniz	Samuel_Clarke	1
Gottfried_Wilhelm_Leibniz	Thomas_Hobbes	1
Gottfried_Wilhelm_Leibniz	Voltaire	3
Gottfried_Wilhelm_Leibniz	Wilhelm_Wundt	1
Gotthold_Ephraim_Lessing	Archimedes	1
Gotthold_Ephraim_Lessing	Baruch_Spinoza	1
Gotthold_Ephraim_Lessing	Hermann_Samuel_Reimarus	1
Gotthold_Ephraim_Lessing	Moses_Mendelssohn	1
Gottlob_Ernst_Schulze	Arthur_Schopenhauer	2
Gottlob_Ernst_Schulze	Friedrich_Heinrich_Jacobi	1
Gottlob_Ernst_Schulze	Immanuel_Kant	2
Gottlob_Ernst_Schulze	Karl_Leonhard_Reinhold	2
Gottlob_Ernst_Schulze	Plato	1
Gottlob_Ernst_Schulze	Salomon_Maimon	1
Gottlob_Frege	Alfred_North_Whitehead	1
Gottlob_Frege	Aristotle	1
Gottlob_Frege	Bertrand_Russell	2
Gottlob_Frege	George_Boole	1
Gottlob_Frege	Giuseppe_Peano	1
Gottlob_Frege	Hermann_Lotze	2
Gottlob_Frege	Immanuel_Kant	1
Gottlob_Frege	Kuno_Fischer	2
Gottlob_Frege	Ludwig_Wittgenstein	2
Gottlob_Frege	Philipp_Melanchthon	1
Gottlob_Frege	Rudolf_Carnap	2
Gottschalk_of_Orbais	Augustine_of_Hippo	1
Gottschalk_of_Orbais	Hincmar	1
Gottschalk_of_Orbais	John_Calvin	2
Gottschalk_of_Orbais	Martin_Luther	1
Gottschalk_of_Orbais	Rabanus_Maurus	1
Gottschalk_of_Orbais	Ratramnus	1
Gottschalk_of_Orbais	Walafrid_Strabo	1
Gregor_Mendel	Charles_Darwin	1
Gregory_Palamas	Gennadius_Scholarius	1
Gregory_Palamas	Pseudo-Dionysius_the_Areopagite	2
Gregory_Palamas	Theodore_Metochites	2
Gregory_of_Nyssa	Aristotle	1
Gregory_of_Nyssa	Augustine_of_Hippo	1
Gregory_of_Nyssa	Gaius_Blossius	1
Gregory_of_Nyssa	George_of_Trebizond	1
Gregory_of_Nyssa	Giovanni_Pico_della_Mirandola	1
Gregory_of_Nyssa	John_Scotus_Eriugena	1
Gregory_of_Nyssa	Nicholas_of_Cusa	1
Gregory_of_Nyssa	Origen	3
Gregory_of_Nyssa	Plato	1
Gregory_of_Nyssa	Plotinus	2
Gregory_of_Nyssa	Seneca_the_Younger	1
Gregory_of_Rimini	Adam_of_Wodeham	1
Gregory_of_Rimini	Augustine_of_Hippo	1
Gregory_of_Rimini	Peter_Lombard	1
Gregory_of_Rimini	Petrus_Aureoli	2
Gregory_of_Rimini	Walter_Chatton	1
Gregory_of_Rimini	William_of_Ockham	1
Guan_Zhong	Confucius	1
Guifeng_Zongmi	Bodhidharma	1
Guifeng_Zongmi	Confucius	1
Guifeng_Zongmi	Fazang	3
Guifeng_Zongmi	Han_Yu	1
Guifeng_Zongmi	Jinul	1
Guifeng_Zongmi	Laozi	2
Guifeng_Zongmi	Linji_Yixuan	2
Guifeng_Zongmi	The_Buddha	1
Guifeng_Zongmi	Zhiyi	1
Guifeng_Zongmi	Zhu_Xi	1
Guillaume_de_Pierre_Godin	Duns_Scotus	1
Guillaume_du_Vair	Blaise_Pascal	1
Guillaume_du_Vair	Pierre_Charron	1
Guo_Xiang	Laozi	1
Guo_Xiang	Zhuang_Zhou	1
Gustav_Fechner	Alfred_North_Whitehead	1
Gustav_Fechner	Arthur_Schopenhauer	1
Gustav_Fechner	Baruch_Spinoza	1
Gustav_Fechner	Carl_Stumpf	1
Gustav_Fechner	Charles_Hartshorne	1
Gustav_Fechner	Christian_Hermann_Weisse	1
Gustav_Fechner	Ernst_Mach	1
Gustav_Fechner	Friedrich_Wilhelm_Joseph_Schelling	1
Gustav_Fechner	Georg_Wilhelm_Friedrich_Hegel	1
Gustav_Fechner	Gottfried_Wilhelm_Leibniz	1
Gustav_Fechner	Hermann_Lotze	2
Gustav_Fechner	Hermann_von_Helmholtz	1
Gustav_Fechner	Immanuel_Kant	1
Gustav_Fechner	Johann_Friedrich_Herbart	1
Gustav_Fechner	Jules_Lequier	1
Gustav_Fechner	Sigmund_Freud	1
Gustav_Fechner	Wilhelm_Wundt	1
Gustav_Fechner	William_James	2
Gustav_Shpet	Edmund_Husserl	1
Gustav_Shpet	Georg_Wilhelm_Friedrich_Hegel	1
Gustav_Teichmüller	Aristotle	1
Gustav_Teichmüller	Friedrich_Adolf_Trendelenburg	1
Gustav_Teichmüller	Friedrich_Nietzsche	1
Gustav_Teichmüller	Gottfried_Wilhelm_Leibniz	2
Gustav_Teichmüller	Hermann_Lotze	1
Gustav_Teichmüller	Johann_Friedrich_Herbart	1
Gustav_Teichmüller	Rudolf_Christoph_Eucken	2
Gustave_Belot	Lucien_Lévy-Bruhl	1
Gustave_Belot	Émile_Durkheim	1
György_Lukács	Antonio_Gramsci	1
György_Lukács	Aristotle	1
György_Lukács	Béla_Hamvas	1
György_Lukács	Dante_Alighieri	1
György_Lukács	Ernst_Bloch	2
György_Lukács	Friedrich_Engels	2
György_Lukács	Fyodor_Dostoevsky	1
György_Lukács	Georg_Simmel	3
György_Lukács	Georg_Wilhelm_Friedrich_Hegel	1
György_Lukács	Georges_Sorel	1
György_Lukács	Immanuel_Kant	1
György_Lukács	Johann_Wolfgang_von_Goethe	1
György_Lukács	Karl_Mannheim	1
György_Lukács	Karl_Marx	1
György_Lukács	Leo_Tolstoy	2
György_Lukács	Martin_Heidegger	1
György_Lukács	Max_Weber	2
György_Lukács	Plato	1
György_Lukács	Søren_Kierkegaard	1
György_Lukács	Vladimir_Lenin	2
György_Lukács	Walter_Benjamin	1
György_Lukács	Wilhelm_Dilthey	1
Géraud_de_Cordemoy	Arnold_Geulincx	1
Géraud_de_Cordemoy	George_Boas	1
Géraud_de_Cordemoy	Jacques_Rohault	1
Géraud_de_Cordemoy	Louis_de_La_Forge	1
Géraud_de_Cordemoy	Pierre_Gassendi	1
Géraud_de_Cordemoy	René_Descartes	2
Géraud_de_Cordemoy	Voltaire	1
Gārgī_Vāchaknavī	Maitreyi	1
Gārgī_Vāchaknavī	Uddālaka_Āruṇi	1
Gārgī_Vāchaknavī	Yajnavalkya	6
H._A._Prichard	H._H._Price	2
H._A._Prichard	John_Cook_Wilson	1
H._H._Price	H._A._Prichard	2
H._Richard_Niebuhr	Ernst_Troeltsch	2
H._Richard_Niebuhr	Georg_Wilhelm_Friedrich_Hegel	1
H._Richard_Niebuhr	George_Herbert_Mead	1
H._Richard_Niebuhr	Jonathan_Edwards_(theologian)	1
H._Richard_Niebuhr	Josiah_Royce	1
H._Richard_Niebuhr	Karl_Barth	2
H._Richard_Niebuhr	Paul_Tillich	3
H._Richard_Niebuhr	Reinhold_Niebuhr	2
H._Richard_Niebuhr	Søren_Kierkegaard	1
Hadi_Sabzavari	Avicenna	2
Hadi_Sabzavari	Ibn_Arabi	1
Hadi_Sabzavari	Mulla_Sadra	7
Hadi_Sabzavari	Nasir_al-Din_al-Tusi	1
Hajime_Tanabe	Baruch_Spinoza	1
Hajime_Tanabe	Confucius	1
Hajime_Tanabe	Edmund_Husserl	2
Hajime_Tanabe	Ernst_Mach	1
Hajime_Tanabe	Friedrich_Nietzsche	1
Hajime_Tanabe	Georg_Wilhelm_Friedrich_Hegel	1
Hajime_Tanabe	Guifeng_Zongmi	1
Hajime_Tanabe	Henri_Poincaré	3
Hajime_Tanabe	Immanuel_Kant	1
Hajime_Tanabe	Jesus	2
Hajime_Tanabe	Kitarō_Nishida	3
Hajime_Tanabe	Martin_Heidegger	2
Hajime_Tanabe	Max_Planck	3
Hajime_Tanabe	Oskar_Becker	2
Hajime_Tanabe	Paul_Natorp	1
Hajime_Tanabe	Plato	1
Hajime_Tanabe	Plotinus	1
Hajime_Tanabe	René_Descartes	1
Hajime_Tanabe	Søren_Kierkegaard	1
Hajime_Tanabe	Émile_Boutroux	1
Hamid_al-Din_al-Kirmani	Abu_Bakr_al-Razi	1
Han_Fei	Li_Si	2
Han_Fei	Niccolò_Machiavelli	1
Han_Fei	Shang_Yang	2
Han_Fei	Shen_Buhai	2
Han_Fei	Shen_Dao	2
Han_Fei	Xunzi_(philosopher)	2
Han_Yu	Cheng_Yi_(philosopher)	1
Han_Yu	Dante_Alighieri	1
Han_Yu	Johann_Wolfgang_von_Goethe	1
Han_Yu	Li_Ao_(philosopher)	1
Han_Yu	Mencius	1
Han_Yu	Zhu_Xi	1
Hans_Cornelius	Max_Horkheimer	1
Hans_Cornelius	Stanisław_Ignacy_Witkiewicz	1
Hans_Driesch	Aristotle	2
Hans_Driesch	Ernst_Haeckel	3
Hans_Driesch	Roy_Wood_Sellars	1
Hans_Freyer	Ernst_Jünger	1
Hans_Freyer	Friedrich_Nietzsche	1
Hans_Freyer	Georg_Wilhelm_Friedrich_Hegel	1
Hans_Freyer	Martin_Heidegger	1
Hans_Freyer	Max_Weber	1
Hans_Freyer	Oswald_Spengler	1
Hans_Freyer	Wilhelm_Dilthey	1
Hans_Kelsen	Alfred_Schütz	1
Hans_Kelsen	Carl_Schmitt	4
Hans_Kelsen	Dante_Alighieri	1
Hans_Kelsen	Hans_Vaihinger	1
Hans_Kelsen	Hermann_Cohen	2
Hans_Kelsen	Jean_Bodin	1
Hans_Kelsen	Joseph_Schumpeter	1
Hans_Kelsen	Karl_Llewellyn	1
Hans_Kelsen	Karl_Renner	1
Hans_Kelsen	Niccolò_Machiavelli	1
Hans_Kelsen	Roscoe_Pound	1
Hans_Reichenbach	Albert_Einstein	3
Hans_Reichenbach	David_Hilbert	3
Hans_Reichenbach	Edmund_Husserl	2
Hans_Reichenbach	Ernst_Cassirer	2
Hans_Reichenbach	Immanuel_Kant	1
Hans_Reichenbach	Kurt_Grelling	2
Hans_Reichenbach	Max_Planck	2
Hans_Reichenbach	Rudolf_Carnap	2
Hans_Vaihinger	Eduard_Zeller	1
Hans_Vaihinger	Eduard_von_Hartmann	1
Hans_Vaihinger	Eugen_Dühring	1
Hans_Vaihinger	Friedrich_Albert_Lange	2
Hans_Vaihinger	Friedrich_Nietzsche	1
Hans_Vaihinger	Hermann_Lotze	1
Hans_Vaihinger	Hermann_von_Helmholtz	1
Hans_Vaihinger	Immanuel_Kant	1
Hans_Vaihinger	Jeremy_Bentham	1
Hans_Vaihinger	Oswald_Spengler	1
Harald_Høffding	Charles_Darwin	1
Harald_Høffding	Niels_Bohr	1
Harald_Høffding	Søren_Kierkegaard	1
Harriet_Martineau	Adam_Smith	1
Harriet_Martineau	Auguste_Comte	2
Harriet_Martineau	Charles_Darwin	1
Harriet_Martineau	David_Hartley_(philosopher)	1
Harriet_Martineau	David_Ricardo	1
Harriet_Martineau	George_Eliot	1
Harriet_Martineau	Harriet_Taylor_Mill	1
Harriet_Martineau	Henry_Brougham,_1st_Baron_Brougham_and_Vaux	1
Harriet_Martineau	James_Martineau	2
Harriet_Martineau	James_Mill	1
Harriet_Martineau	Jeremy_Bentham	1
Harriet_Martineau	John_Stuart_Mill	1
Harriet_Martineau	Mary_Wollstonecraft	1
Harriet_Martineau	Samuel_Taylor_Coleridge	1
Harriet_Martineau	Thomas_Carlyle	1
Harriet_Taylor_Mill	Jeremy_Bentham	1
Harriet_Taylor_Mill	John_Stuart_Mill	2
Harriet_Taylor_Mill	Thomas_Carlyle	1
Hasdai_Crescas	Baruch_Spinoza	1
Hasdai_Crescas	Gersonides	1
Hasdai_Crescas	Maimonides	1
Hastings_Rashdall	Anselm_of_Canterbury	1
Hastings_Rashdall	George_Berkeley	1
Hastings_Rashdall	Henry_Sidgwick	2
Hastings_Rashdall	Peter_Lombard	1
Hastings_Rashdall	William_Ralph_Inge	1
He_Yan	Confucius	1
He_Yan	Laozi	1
He_Yan	Sun_Tzu	1
He_Yan	Wang_Bi	2
He_Yan	Zhu_Xi	2
He_Yan	Zhuang_Zhou	1
Hecato_of_Rhodes	Chrysippus	1
Hecato_of_Rhodes	Cicero	1
Hecato_of_Rhodes	Cleanthes	1
Hecato_of_Rhodes	Diogenes_Laertius	1
Hecato_of_Rhodes	Panaetius	1
Hecato_of_Rhodes	Seneca_the_Younger	1
Hegesias_of_Cyrene	Anniceris	1
Hegesias_of_Cyrene	Aristippus	2
Hegesias_of_Cyrene	Cicero	2
Hegesias_of_Cyrene	Diogenes_Laertius	1
Heinrich_Cornelius_Agrippa	Albertus_Magnus	2
Heinrich_Cornelius_Agrippa	Giordano_Bruno	1
Heinrich_Cornelius_Agrippa	Giovanni_Pico_della_Mirandola	1
Heinrich_Cornelius_Agrippa	Johann_Wolfgang_von_Goethe	1
Heinrich_Cornelius_Agrippa	Marsilio_Ficino	1
Heinrich_Cornelius_Agrippa	Michel_de_Montaigne	1
Heinrich_Cornelius_Agrippa	René_Descartes	1
Heinrich_Hertz	Albert_Einstein	1
Heinrich_Hertz	Hermann_von_Helmholtz	5
Heinrich_Hertz	James_Clerk_Maxwell	2
Heinrich_Hertz	Ludwig_Wittgenstein	1
Heinrich_Moritz_Chalybäus	Georg_Wilhelm_Friedrich_Hegel	2
Heinrich_Moritz_Chalybäus	Johann_Friedrich_Herbart	1
Heinrich_Moritz_Chalybäus	Karl_von_Prantl	1
Heinrich_Rickert	Edmund_Husserl	1
Heinrich_Rickert	Georg_Simmel	1
Heinrich_Rickert	Martin_Heidegger	2
Heinrich_Rickert	Max_Weber	1
Heinrich_Rickert	Richard_Kroner	1
Heinrich_Rickert	Rudolf_Carnap	1
Heinrich_Rickert	Walter_Benjamin	1
Heinrich_Rickert	Wilhelm_Dilthey	1
Heinrich_Rickert	Wilhelm_Windelband	2
Heinrich_von_Kleist	Benedetto_Croce	1
Heinrich_von_Kleist	Carl_Schmitt	2
Heinrich_von_Kleist	Friedrich_Schiller	1
Heinrich_von_Kleist	Friedrich_Wilhelm_Joseph_Schelling	1
Heinrich_von_Kleist	Immanuel_Kant	1
Heinrich_von_Kleist	Johann_Gottlieb_Fichte	1
Heinrich_von_Kleist	Johann_Wolfgang_von_Goethe	1
Heinrich_von_Kleist	Martin_Luther	1
Heiric_of_Auxerre	John_Scotus_Eriugena	1
Heiric_of_Auxerre	Remigius_of_Auxerre	2
Hemachandra	Abhinavagupta	1
Hemachandra	Anandavardhana	1
Hemachandra	Bhoja	1
Hemachandra	Prabhācandra	1
Hemachandra	Pāṇini	1
Henri-Frédéric_Amiel	Erasmus	1
Henri-Frédéric_Amiel	Germaine_de_Staël	1
Henri_Bergson	Albert_Einstein	1
Henri_Bergson	Alexandre_Koyré	1
Henri_Bergson	Alfred_North_Whitehead	1
Henri_Bergson	Aristotle	1
Henri_Bergson	Arthur_Oncken_Lovejoy	1
Henri_Bergson	Bertrand_Russell	1
Henri_Bergson	Charles_Darwin	2
Henri_Bergson	Charles_Sanders_Peirce	1
Henri_Bergson	Ernst_Haeckel	1
Henri_Bergson	Félix_Ravaisson-Mollien	1
Henri_Bergson	G._E._Moore	1
Henri_Bergson	Gabriel_Marcel	1
Henri_Bergson	Gaston_Bachelard	2
Henri_Bergson	Georg_Wilhelm_Friedrich_Hegel	1
Henri_Bergson	George_Santayana	1
Henri_Bergson	Georges_Sorel	1
Henri_Bergson	Gottfried_Wilhelm_Leibniz	1
Henri_Bergson	György_Lukács	1
Henri_Bergson	Hans_Driesch	1
Henri_Bergson	Heraclitus	1
Henri_Bergson	Herbert_Spencer	3
Henri_Bergson	Hermann_Lotze	1
Henri_Bergson	Immanuel_Kant	2
Henri_Bergson	Jacques_Maritain	3
Henri_Bergson	Jean_Piaget	1
Henri_Bergson	Jean_Wahl	2
Henri_Bergson	Josiah_Royce	1
Henri_Bergson	Jules_Lachelier	1
Henri_Bergson	Julien_Benda	1
Henri_Bergson	Julius_Evola	1
Henri_Bergson	Lucretius	1
Henri_Bergson	Ludwig_Wittgenstein	1
Henri_Bergson	Martin_Heidegger	1
Henri_Bergson	Max_Horkheimer	1
Henri_Bergson	Niels_Bohr	1
Henri_Bergson	Pierre-Joseph_Proudhon	1
Henri_Bergson	Pierre_Teilhard_de_Chardin	2
Henri_Bergson	Plato	1
Henri_Bergson	Ralph_Barton_Perry	1
Henri_Bergson	Roy_Wood_Sellars	2
Henri_Bergson	Samuel_Alexander	1
Henri_Bergson	Sri_Aurobindo	1
Henri_Bergson	Thomas_Aquinas	1
Henri_Bergson	William_James	2
Henri_Bergson	Édouard_Le_Roy	2
Henri_Bergson	Étienne_Gilson	2
Henri_Poincaré	Albert_Einstein	1
Henri_Poincaré	Archimedes	1
Henri_Poincaré	Bernhard_Riemann	1
Henri_Poincaré	Bertrand_Russell	2
Henri_Poincaré	Georg_Cantor	1
Henri_Poincaré	Gottlob_Frege	1
Henri_Poincaré	Hans_Vaihinger	1
Henri_Poincaré	Immanuel_Kant	2
Henri_Poincaré	Isaac_Newton	3
Henri_Poincaré	Ludwig_Boltzmann	1
Henri_Poincaré	Édouard_Le_Roy	1
Henri_Poincaré	Émile_Boutroux	1
Henri_de_Saint-Simon	Adam_Smith	1
Henri_de_Saint-Simon	Auguste_Comte	3
Henri_de_Saint-Simon	Friedrich_Engels	2
Henri_de_Saint-Simon	Isaac_Newton	1
Henri_de_Saint-Simon	John_Stuart_Mill	1
Henri_de_Saint-Simon	Karl_Marx	4
Henri_de_Saint-Simon	Mary_Wollstonecraft	1
Henri_de_Saint-Simon	Pierre-Joseph_Proudhon	1
Henri_de_Saint-Simon	Pierre_Leroux	1
Henricus_Regius	René_Descartes	1
Henry_Brougham,_1st_Baron_Brougham_and_Vaux	Aristotle	1
Henry_Brougham,_1st_Baron_Brougham_and_Vaux	Charles_Bell	1
Henry_Brougham,_1st_Baron_Brougham_and_Vaux	Isaac_Newton	1
Henry_Brougham,_1st_Baron_Brougham_and_Vaux	William_Paley	1
Henry_David_Thoreau	Charles_Darwin	2
Henry_David_Thoreau	Diogenes	1
Henry_David_Thoreau	George_Eliot	1
Henry_David_Thoreau	Leo_Tolstoy	2
Henry_David_Thoreau	Mahatma_Gandhi	3
Henry_David_Thoreau	Ralph_Waldo_Emerson	1
Henry_George	Adam_Smith	1
Henry_George	Albert_Einstein	1
Henry_George	Alfred_Russel_Wallace	1
Henry_George	David_Ricardo	1
Henry_George	John_Dewey	1
Henry_George	Karl_Marx	1
Henry_George	Leo_Tolstoy	2
Henry_George	Sun_Yat-sen	1
Henry_George	Thomas_Henry_Huxley	1
Henry_George	Thomas_Paine	1
Henry_Home,_Lord_Kames	Adam_Smith	1
Henry_Home,_Lord_Kames	David_Hume	1
Henry_Home,_Lord_Kames	James_Burnett,_Lord_Monboddo	1
Henry_James_Sr.	Charles_Fourier	2
Henry_James_Sr.	Emanuel_Swedenborg	1
Henry_James_Sr.	Henry_David_Thoreau	2
Henry_James_Sr.	Ralph_Waldo_Emerson	3
Henry_James_Sr.	Thomas_Carlyle	1
Henry_James_Sr.	William_James	5
Henry_Longueville_Mansel	Aristotle	2
Henry_Longueville_Mansel	Georg_Wilhelm_Friedrich_Hegel	1
Henry_Longueville_Mansel	Immanuel_Kant	1
Henry_Longueville_Mansel	James_Martineau	1
Henry_Longueville_Mansel	John_Stuart_Mill	1
Henry_Longueville_Mansel	Sir_William_Hamilton,_9th_Baronet	1
Henry_Longueville_Mansel	Thomas_Reid	1
Henry_More	Anne_Conway_(philosopher)	2
Henry_More	Franciscus_Mercurius_van_Helmont	1
Henry_More	Jakob_Böhme	1
Henry_More	John_Norris_(philosopher)	2
Henry_More	Joseph_Glanvill	2
Henry_More	Ralph_Cudworth	2
Henry_More	Ralph_Waldo_Emerson	2
Henry_Sidgwick	Adam_Smith	1
Henry_Sidgwick	Bertrand_Russell	1
Henry_Sidgwick	David_Ricardo	1
Henry_Sidgwick	Jeremy_Bentham	1
Henry_Sidgwick	John_Stuart_Mill	2
Henry_Sidgwick	Leslie_Stephen	1
Henry_Sidgwick	Ludwig_Wittgenstein	1
Henry_Sidgwick	Thomas_Hobbes	1
Henry_Sidgwick	William_Ernest_Johnson	1
Henry_Sidgwick	William_Stanley_Jevons	1
Henry_Sidgwick	William_Whewell	1
Henry_Suso	Johannes_Tauler	1
Henry_Suso	Meister_Eckhart	3
Henry_Suso	Thomas_à_Kempis	1
Henry_of_Ghent	Albertus_Magnus	1
Henry_of_Ghent	Duns_Scotus	1
Henry_of_Ghent	Giles_of_Rome	1
Henry_of_Ghent	Plato	1
Henry_of_Harclay	Duns_Scotus	1
Henry_of_Harclay	Peter_Lombard	1
Henry_of_Harclay	William_of_Ockham	1
Heraclides_Ponticus	Aristoxenus	1
Heraclides_Ponticus	Diogenes_Laertius	2
Heraclides_Ponticus	Hicetas	1
Heraclides_Ponticus	Plato	2
Heraclides_Ponticus	Plutarch	1
Heraclides_Ponticus	Simplicius_of_Cilicia	1
Heraclides_Ponticus	Speusippus	2
Heraclides_Ponticus	Xenocrates	1
Heraclitus	Aenesidemus	1
Heraclitus	Albertus_Magnus	1
Heraclitus	Alfred_North_Whitehead	1
Heraclitus	Anaxagoras	1
Heraclitus	Anaximander	2
Heraclitus	Anaximenes_of_Miletus	1
Heraclitus	Antisthenes	1
Heraclitus	Aristotle	13
Heraclitus	Arthur_Schopenhauer	1
Heraclitus	Baruch_Spinoza	1
Heraclitus	Bertrand_Russell	2
Heraclitus	Cicero	1
Heraclitus	Cleanthes	2
Heraclitus	Clement_of_Alexandria	6
Heraclitus	Cratylus	1
Heraclitus	David_Hume	1
Heraclitus	Democritus	1
Heraclitus	Diogenes	1
Heraclitus	Diogenes_Laertius	1
Heraclitus	Diogenes_of_Apollonia	1
Heraclitus	Edmund_Husserl	1
Heraclitus	Eduard_Zeller	1
Heraclitus	Empedocles	1
Heraclitus	Epicharmus_of_Cos	1
Heraclitus	Eusebius	1
Heraclitus	Ferdinand_Lassalle	2
Heraclitus	François_Rabelais	1
Heraclitus	Friedrich_Nietzsche	2
Heraclitus	Friedrich_Schleiermacher	1
Heraclitus	Galen	2
Heraclitus	Georg_Wilhelm_Friedrich_Hegel	2
Heraclitus	George_Berkeley	1
Heraclitus	Gorgias	1
Heraclitus	Gottfried_Wilhelm_Leibniz	1
Heraclitus	Gustav_Teichmüller	1
Heraclitus	Heraclides_Ponticus	1
Heraclitus	Hippocrates	2
Heraclitus	Iamblichus	2
Heraclitus	Immanuel_Kant	1
Heraclitus	Isaac_Newton	1
Heraclitus	J._M._E._McTaggart	1
Heraclitus	Jan_Łukasiewicz	1
Heraclitus	Jesus	1
Heraclitus	Karl_Marx	1
Heraclitus	Lucian	2
Heraclitus	Ludwig_Wittgenstein	1
Heraclitus	Marcus_Aurelius	2
Heraclitus	Marsilio_Ficino	1
Heraclitus	Martin_Heidegger	2
Heraclitus	Michel_de_Montaigne	1
Heraclitus	Origen	1
Heraclitus	Oswald_Spengler	1
Heraclitus	Parmenides	3
Heraclitus	Philodemus	1
Heraclitus	Plato	5
Heraclitus	Plotinus	3
Heraclitus	Plutarch	17
Heraclitus	Porphyry_of_Tyre	3
Heraclitus	Proclus	1
Heraclitus	Protagoras	1
Heraclitus	Pyrrho	1
Heraclitus	Pythagoras	1
Heraclitus	René_Descartes	1
Heraclitus	Sextus_Empiricus	7
Heraclitus	Simplicius_of_Cilicia	2
Heraclitus	Socrates	1
Heraclitus	Tertullian	1
Heraclitus	Thales_of_Miletus	1
Heraclitus	Themistius	1
Heraclitus	Theophrastus	2
Heraclitus	Thomas_Reid	1
Heraclitus	Timon_of_Phlius	1
Heraclitus	Vladimir_Lenin	1
Heraclitus	Xenophanes	1
Heraclitus	Zeno_of_Elea	1
Herbert_Marcuse	Georg_Wilhelm_Friedrich_Hegel	1
Herbert_Marcuse	Karl_Marx	1
Herbert_Marcuse	Martin_Heidegger	3
Herbert_Marcuse	Max_Horkheimer	1
Herbert_Marcuse	Sigmund_Freud	1
Herbert_Spencer	Aristotle	1
Herbert_Spencer	Auguste_Comte	2
Herbert_Spencer	Bertrand_Russell	1
Herbert_Spencer	Charles_Darwin	2
Herbert_Spencer	Friedrich_Hayek	1
Herbert_Spencer	Friedrich_Wilhelm_Joseph_Schelling	1
Herbert_Spencer	G._E._Moore	1
Herbert_Spencer	George_Eliot	2
Herbert_Spencer	George_Henry_Lewes	1
Herbert_Spencer	Georgi_Plekhanov	1
Herbert_Spencer	Harriet_Martineau	1
Herbert_Spencer	Henri_Bergson	1
Herbert_Spencer	Henry_George	1
Herbert_Spencer	Henry_Sidgwick	2
Herbert_Spencer	Hermann_von_Helmholtz	1
Herbert_Spencer	Isaac_Newton	1
Herbert_Spencer	Jean-Baptiste_Lamarck	1
Herbert_Spencer	John_Fiske_(philosopher)	1
Herbert_Spencer	John_Stuart_Mill	1
Herbert_Spencer	Josiah_Royce	1
Herbert_Spencer	Karl_Marx	1
Herbert_Spencer	Leo_Tolstoy	1
Herbert_Spencer	Max_Weber	1
Herbert_Spencer	Oliver_Wendell_Holmes_Jr.	1
Herbert_Spencer	Pierre-Simon_Laplace	1
Herbert_Spencer	Rabindranath_Tagore	1
Herbert_Spencer	Samuel_Taylor_Coleridge	1
Herbert_Spencer	T._H._Green	1
Herbert_Spencer	Thomas_Henry_Huxley	3
Herbert_Spencer	Wilhelm_Dilthey	1
Herbert_Spencer	William_James	3
Herbert_Spencer	Émile_Durkheim	2
Herman_Dooyeweerd	Aristotle	1
Herman_Dooyeweerd	Baruch_Spinoza	1
Herman_Dooyeweerd	Edmund_Husserl	2
Herman_Dooyeweerd	Ernst_Cassirer	1
Herman_Dooyeweerd	Franz_Xaver_von_Baader	1
Herman_Dooyeweerd	Friedrich_Nietzsche	1
Herman_Dooyeweerd	Immanuel_Kant	3
Herman_Dooyeweerd	Martin_Heidegger	1
Herman_Dooyeweerd	Thomas_Aquinas	1
Herman_of_Carinthia	Abu_Ma'shar_al-Balkhi	2
Herman_of_Carinthia	Adelard_of_Bath	2
Herman_of_Carinthia	Al-Kindi	2
Herman_of_Carinthia	Albertus_Magnus	1
Herman_of_Carinthia	Aristotle	1
Herman_of_Carinthia	Euclid	1
Herman_of_Carinthia	Gerard_of_Cremona	1
Herman_of_Carinthia	Martin_Luther	1
Herman_of_Carinthia	Ptolemy	1
Herman_of_Carinthia	Thierry_of_Chartres	1
Herman_of_Carinthia	Thomas_Aquinas	1
Hermann_Cohen	Ernst_Cassirer	2
Hermann_Cohen	Franz_Rosenzweig	2
Hermann_Cohen	Friedrich_Adolf_Trendelenburg	2
Hermann_Cohen	Friedrich_Albert_Lange	2
Hermann_Cohen	Immanuel_Kant	1
Hermann_Cohen	José_Ortega_y_Gasset	1
Hermann_Cohen	Kuno_Fischer	1
Hermann_Cohen	Nicolai_Hartmann	1
Hermann_Cohen	Paul_Natorp	1
Hermann_Friedrich_Wilhelm_Hinrichs	Georg_Wilhelm_Friedrich_Hegel	1
Hermann_Lotze	Carl_Stumpf	1
Hermann_Lotze	Christian_Hermann_Weisse	2
Hermann_Lotze	Franz_Brentano	1
Hermann_Lotze	Friedrich_Adolf_Trendelenburg	1
Hermann_Lotze	Friedrich_Schiller	1
Hermann_Lotze	Friedrich_Wilhelm_Joseph_Schelling	2
Hermann_Lotze	Georg_Wilhelm_Friedrich_Hegel	3
Hermann_Lotze	Gottfried_Wilhelm_Leibniz	3
Hermann_Lotze	Gotthold_Ephraim_Lessing	1
Hermann_Lotze	Gottlob_Frege	1
Hermann_Lotze	Gustav_Fechner	2
Hermann_Lotze	Immanuel_Kant	2
Hermann_Lotze	James_Ward_(psychologist)	1
Hermann_Lotze	Johann_Friedrich_Herbart	3
Hermann_Lotze	Johann_Gottfried_Herder	1
Hermann_Lotze	Johann_Gottlieb_Fichte	2
Hermann_Lotze	Johann_Wolfgang_von_Goethe	1
Hermann_Lotze	John_Cook_Wilson	1
Hermann_Lotze	Josiah_Royce	1
Hermann_Lotze	Karl_von_Prantl	1
Hermann_Lotze	Rudolf_Christoph_Eucken	1
Hermann_Lotze	Wilhelm_Windelband	1
Hermann_Samuel_Reimarus	Albert_Schweitzer	1
Hermann_Samuel_Reimarus	Christian_Wolff_(philosopher)	1
Hermann_Samuel_Reimarus	David_Strauss	1
Hermann_Samuel_Reimarus	Gotthold_Ephraim_Lessing	2
Hermann_Samuel_Reimarus	Harald_Høffding	1
Hermann_Samuel_Reimarus	Jesus	1
Hermann_Ulrici	Georg_Wilhelm_Friedrich_Hegel	1
Hermann_Ulrici	Immanuel_Hermann_Fichte	2
Hermann_Weyl	Albert_Einstein	1
Hermann_Weyl	Bertrand_Russell	1
Hermann_Weyl	David_Hilbert	4
Hermann_Weyl	Edmund_Husserl	3
Hermann_Weyl	Ernst_Cassirer	1
Hermann_Weyl	Erwin_Schrödinger	1
Hermann_Weyl	Georg_Cantor	1
Hermann_Weyl	Georg_Wilhelm_Friedrich_Hegel	1
Hermann_Weyl	Gottlob_Frege	1
Hermann_Weyl	Henri_Poincaré	1
Hermann_Weyl	Johann_Gottlieb_Fichte	1
Hermann_Weyl	José_Ortega_y_Gasset	1
Hermann_Weyl	L._E._J._Brouwer	2
Hermann_von_Helmholtz	Hans_Vaihinger	1
Hermann_von_Helmholtz	Heinrich_Hertz	2
Hermann_von_Helmholtz	Immanuel_Hermann_Fichte	1
Hermann_von_Helmholtz	Immanuel_Kant	1
Hermann_von_Helmholtz	Johann_Gottlieb_Fichte	1
Hermann_von_Helmholtz	Max_Planck	2
Hermann_von_Helmholtz	Wilhelm_Wundt	3
Hermann_von_Helmholtz	Émile_Boutroux	1
Hervaeus_Natalis	Durandus_of_Saint-Pourçain	1
Hervaeus_Natalis	Henry_of_Ghent	1
Hervaeus_Natalis	Thomas_Aquinas	1
Hicetas	Cicero	2
Hicetas	Diogenes_Laertius	1
Hicetas	Heraclides_Ponticus	1
Hicetas	Nicolaus_Copernicus	1
Hicetas	Philolaus	1
Hicetas	Theophrastus	2
Hildegard_of_Bingen	Athanasius_of_Alexandria	1
Hildegard_of_Bingen	Bernard_of_Clairvaux	1
Hildegard_of_Bingen	Rudolf_Steiner	1
Hildegard_of_Bingen	Vladimir_Solovyov_(philosopher)	1
Hillel_ben_Samuel	Maimonides	1
Hillel_ben_Samuel	Thomas_Aquinas	1
Himerius	Epicurus	1
Himerius	Isocrates	1
Himerius	Photios_I_of_Constantinople	1
Himerius	Plato	1
Himerius	Plutarch	1
Hincmar	Augustine_of_Hippo	1
Hincmar	Gottschalk_of_Orbais	1
Hincmar	Pope_Gregory_I	1
Hincmar	Prudentius_of_Troyes	2
Hipparchia_of_Maroneia	Apuleius	1
Hipparchia_of_Maroneia	Crates_of_Thebes	3
Hipparchia_of_Maroneia	Diogenes	1
Hipparchia_of_Maroneia	Diogenes_Laertius	2
Hipparchia_of_Maroneia	Metrocles	2
Hipparchia_of_Maroneia	Sextus_Empiricus	2
Hipparchia_of_Maroneia	Theodorus_the_Atheist	1
Hipparchia_of_Maroneia	Zeno_of_Citium	2
Hippasus	Aristotle	2
Hippasus	Clement_of_Alexandria	1
Hippasus	Diogenes_Laertius	1
Hippasus	Euclid	1
Hippasus	Iamblichus	2
Hippasus	Plato	2
Hippasus	Pythagoras	3
Hippasus	Sextus_Empiricus	1
Hippasus	Simplicius_of_Cilicia	1
Hippias	Philostratus	1
Hippias	Plato	2
Hippias	Plutarch	1
Hippias	Protagoras	1
Hippias	Pythagoras	1
Hippias	Socrates	2
Hippocrates	Aristotle	2
Hippocrates	Democritus	1
Hippocrates	Galen	3
Hippocrates	Gorgias	1
Hippocrates	Plato	1
Hippocrates	Pythagoras	1
Hippolyte_Taine	Friedrich_Nietzsche	1
Hippolyte_Taine	Germaine_de_Staël	1
Hippolyte_Taine	Johann_Gottfried_Herder	1
Hippolyte_Taine	Miguel_de_Unamuno	1
Hippolyte_Taine	Peter_Kropotkin	1
Hippolyte_Taine	Thomas_Carlyle	1
Hippolyte_Taine	Victor_Cousin	1
Hryhorii_Skovoroda	Leo_Tolstoy	1
Hryhorii_Skovoroda	Plato	1
Hryhorii_Skovoroda	Socrates	1
Hryhorii_Skovoroda	Vladimir_Solovyov_(philosopher)	1
Hu_Shih	Albert_Einstein	1
Hu_Shih	Cai_Yuanpei	1
Hu_Shih	Feng_Youlan	1
Hu_Shih	John_Dewey	1
Hu_Shih	Laozi	1
Hu_Shih	Liang_Shuming	1
Hu_Shih	Mao_Zedong	2
Hu_Shih	Mencius	1
Hu_Shih	Rabindranath_Tagore	1
Hu_Shih	Sun_Yat-sen	2
Hu_Shih	Thomas_Henry_Huxley	1
Hu_Shih	Xunzi_(philosopher)	1
Huang_Zongxi	Liang_Qichao	2
Huang_Zongxi	Wang_Yangming	1
Hugh_Binning	Francis_Hutcheson_(philosopher)	1
Hugh_Binning	James_Dalrymple,_1st_Viscount_of_Stair	3
Hugh_Blair	Adam_Ferguson	1
Hugh_Blair	Adam_Smith	1
Hugh_Blair	Cicero	1
Hugh_Blair	David_Hume	1
Hugh_Blair	Edmund_Burke	1
Hugh_Blair	Francis_Hutcheson_(philosopher)	1
Hugh_Blair	Henry_Home,_Lord_Kames	1
Hugh_Blair	Herbert_Spencer	1
Hugh_of_Saint_Victor	Augustine_of_Hippo	1
Hugh_of_Saint_Victor	Bonaventure	2
Hugh_of_Saint_Victor	Jesus	2
Hugh_of_Saint_Victor	John_Scotus_Eriugena	1
Hugh_of_Saint_Victor	Peter_Lombard	1
Hugh_of_Saint_Victor	Pseudo-Dionysius_the_Areopagite	1
Hugh_of_Saint_Victor	Richard_of_Saint_Victor	3
Hugh_of_Saint_Victor	William_of_Conches	2
Hugo_Dingler	Albert_Einstein	1
Hugo_Dingler	David_Hilbert	1
Hugo_Dingler	Edmund_Husserl	1
Hugo_Dingler	Henri_Poincaré	1
Hugo_Dingler	Rudolf_Carnap	1
Hugo_Grotius	Adam_Smith	1
Hugo_Grotius	Archimedes	1
Hugo_Grotius	David_Hume	1
Hugo_Grotius	Emer_de_Vattel	1
Hugo_Grotius	Francis_Hutcheson_(philosopher)	1
Hugo_Grotius	Francisco_Suárez	1
Hugo_Grotius	Francisco_de_Vitoria	3
Hugo_Grotius	Gottfried_Wilhelm_Leibniz	1
Hugo_Grotius	Jacobus_Arminius	1
Hugo_Grotius	Jean-Jacques_Rousseau	1
Hugo_Grotius	Jean_Le_Clerc_(theologian)	1
Hugo_Grotius	Jesus	1
Hugo_Grotius	John_Locke	1
Hugo_Grotius	John_Selden	1
Hugo_Grotius	Justus_Lipsius	2
Hugo_Grotius	Pierre_Bayle	2
Hugo_Grotius	Samuel_von_Pufendorf	2
Hugo_Grotius	Thomas_Aquinas	1
Hugo_Grotius	Thomas_Reid	1
Hugo_Grotius	Voltaire	1
Hugo_Kołłątaj	Stanisław_Staszic	1
Hugo_Kołłątaj	Władysław_Tatarkiewicz	1
Hui_Shi	Ch'ien_Mu	1
Hui_Shi	Zeno_of_Elea	2
Hui_Shi	Zhuang_Zhou	2
Humphry_Ditton	Christiaan_Huygens	1
Humphry_Ditton	Christian_Wolff_(philosopher)	1
Humphry_Ditton	Galileo_Galilei	1
Humphry_Ditton	Isaac_Newton	1
Humphry_Ditton	Jesus	1
Hunayn_ibn_Ishaq	Aristotle	1
Hunayn_ibn_Ishaq	Galen	5
Hunayn_ibn_Ishaq	Plato	1
Hunayn_ibn_Ishaq	Thābit_ibn_Qurra	1
Hypatia	Archimedes	2
Hypatia	Aristotle	1
Hypatia	Athanasius_of_Alexandria	1
Hypatia	Cyril_of_Alexandria	2
Hypatia	Damascius	2
Hypatia	Elbert_Hubbard	3
Hypatia	Euclid	1
Hypatia	Iamblichus	3
Hypatia	John_Philoponus	1
Hypatia	John_Toland	2
Hypatia	Justinian_I	1
Hypatia	Olympiodorus_the_Younger	1
Hypatia	Photios_I_of_Constantinople	1
Hypatia	Plato	1
Hypatia	Plotinus	4
Hypatia	Ptolemy	4
Hypatia	Pythagoras	1
Hypatia	Simplicius_of_Cilicia	1
Hypatia	Voltaire	1
I._A._Richards	Ferdinand_de_Saussure	1
Iamblichus	Aedesius	1
Iamblichus	Aristotle	1
Iamblichus	Augustine_of_Hippo	1
Iamblichus	Georg_Anton_Friedrich_Ast	1
Iamblichus	Plato	1
Iamblichus	Plotinus	2
Iamblichus	Porphyry_of_Tyre	2
Iamblichus	Proclus	2
Iamblichus	Pythagoras	2
Ibn_Arabi	Abu_al-Hasan_al-Ash'ari	1
Ibn_Arabi	Al-Ghazali	1
Ibn_Arabi	Averroes	3
Ibn_Arabi	Avicenna	1
Ibn_Arabi	Ibn_Hazm	1
Ibn_Arabi	Ibn_Masarra	1
Ibn_Arabi	Ibn_Taymiyya	1
Ibn_Arabi	Jesus	1
Ibn_Furak	Abu_al-Hasan_al-Ash'ari	3
Ibn_Furak	Al-Baqillani	2
Ibn_Furak	Al-Qushayri	3
Ibn_Furak	Al-Shafi'i	1
Ibn_Furak	Ibn_Hazm	2
Ibn_Hazm	Abu_Hanifa	1
Ibn_Hazm	Abu_al-Hasan_al-Ash'ari	1
Ibn_Hazm	Dawud_al-Zahiri	1
Ibn_Hazm	Epicurus	2
Ibn_Hazm	Ibn_Arabi	2
Ibn_Hazm	Ibn_Khaldun	1
Ibn_Hazm	Ibn_Taymiyya	1
Ibn_Hazm	Muhammad_Iqbal	1
Ibn_Hazm	Prodicus	2
Ibn_Kammuna	Avicenna	1
Ibn_Khaldun	Adam_Smith	2
Ibn_Khaldun	Al-Farabi	2
Ibn_Khaldun	Al-Ghazali	1
Ibn_Khaldun	Al-Mawardi	1
Ibn_Khaldun	Aristotle	2
Ibn_Khaldun	Auguste_Comte	2
Ibn_Khaldun	Augustine_of_Hippo	1
Ibn_Khaldun	Avempace	1
Ibn_Khaldun	Averroes	2
Ibn_Khaldun	Avicenna	2
Ibn_Khaldun	Chanakya	1
Ibn_Khaldun	David_Hume	1
Ibn_Khaldun	David_Ricardo	2
Ibn_Khaldun	Fakhr_al-Din_al-Razi	3
Ibn_Khaldun	Georg_Wilhelm_Friedrich_Hegel	1
Ibn_Khaldun	Giambattista_Vico	2
Ibn_Khaldun	Ibn_Arabi	1
Ibn_Khaldun	Ibn_Hazm	2
Ibn_Khaldun	Ibn_Tufayl	1
Ibn_Khaldun	José_Ortega_y_Gasset	1
Ibn_Khaldun	Karl_Marx	1
Ibn_Khaldun	Niccolò_Machiavelli	1
Ibn_Khaldun	Plato	1
Ibn_Khaldun	Robert_Flint_(theologian)	1
Ibn_Malka_al-Baghdadi	Abraham_ibn_Ezra	2
Ibn_Malka_al-Baghdadi	Albert_of_Saxony_(philosopher)	2
Ibn_Malka_al-Baghdadi	Aristotle	1
Ibn_Malka_al-Baghdadi	Avempace	1
Ibn_Malka_al-Baghdadi	Avicenna	4
Ibn_Malka_al-Baghdadi	Fakhr_al-Din_al-Razi	3
Ibn_Malka_al-Baghdadi	Ibn_Kammuna	2
Ibn_Malka_al-Baghdadi	Ibn_Taymiyya	1
Ibn_Malka_al-Baghdadi	Jean_Buridan	2
Ibn_Malka_al-Baghdadi	Judah_Halevi	1
Ibn_Malka_al-Baghdadi	Maimonides	2
Ibn_Sab'in	Averroes	1
Ibn_Taymiyya	Abu_al-Hasan_al-Ash'ari	1
Ibn_Taymiyya	Ahmad_ibn_Hanbal	2
Ibn_Taymiyya	Al-Allama_al-Hilli	2
Ibn_Taymiyya	Averroes	2
Ibn_Taymiyya	Avicenna	1
Ibn_Taymiyya	Ibn_Arabi	2
Ibn_Taymiyya	Ibn_Hazm	1
Ibn_Taymiyya	Shah_Waliullah_Dehlawi	1
Ibn_Taymiyya	Sibawayh	1
Ibn_Tufayl	Al-Farabi	1
Ibn_Tufayl	Al-Ghazali	1
Ibn_Tufayl	Aristotle	2
Ibn_Tufayl	Avempace	2
Ibn_Tufayl	Averroes	2
Ibn_Tufayl	Avicenna	2
Ibn_Tufayl	Christiaan_Huygens	1
Ibn_Tufayl	David_Hume	1
Ibn_Tufayl	George_Berkeley	1
Ibn_Tufayl	Gottfried_Wilhelm_Leibniz	1
Ibn_Tufayl	Immanuel_Kant	1
Ibn_Tufayl	Isaac_Newton	1
Ibn_Tufayl	John_Locke	2
Ibn_Tufayl	Karl_Marx	1
Ibn_Tufayl	Plato	1
Ibn_Tufayl	Thomas_Hobbes	1
Ibn_Tufayl	Voltaire	1
Ibn_al-Haytham	Al-Kindi	1
Ibn_al-Haytham	Aristotle	3
Ibn_al-Haytham	Christiaan_Huygens	2
Ibn_al-Haytham	Cleomedes	1
Ibn_al-Haytham	Euclid	2
Ibn_al-Haytham	Galen	2
Ibn_al-Haytham	Galileo_Galilei	3
Ibn_al-Haytham	Gottfried_Wilhelm_Leibniz	1
Ibn_al-Haytham	Isaac_Newton	1
Ibn_al-Haytham	Johannes_Kepler	3
Ibn_al-Haytham	John_Peckham	2
Ibn_al-Haytham	Posidonius	1
Ibn_al-Haytham	Ptolemy	6
Ibn_al-Haytham	René_Descartes	3
Ibn_al-Haytham	Robert_Grosseteste	1
Ibn_al-Haytham	Roger_Bacon	2
Ibn_al-Haytham	Thābit_ibn_Qurra	1
Ibn_al-Haytham	Vitello	1
Ibn_al-Khammar	Abu_Hayyan_al-Tawhidi	1
Ibn_al-Khammar	Aristotle	2
Ibn_al-Khammar	Avicenna	1
Ibn_al-Khammar	Ibn_al-Tayyib	1
Ibn_al-Khammar	Porphyry_of_Tyre	1
Ibn_al-Khammar	Theophrastus	1
Ibn_al-Khammar	Yahya_ibn_Adi	1
Ibn_al-Muqaffa'	Mazdak	1
Ibn_al-Rawandi	Baron_d'Holbach	1
Ibn_al-Rawandi	Jesus	1
Ibn_al-Tayyib	Al-Farabi	1
Ibn_al-Tayyib	Ammonius_Hermiae	1
Ibn_al-Tayyib	Aristotle	1
Ibn_al-Tayyib	Averroes	1
Ibn_al-Tayyib	Avicenna	1
Ibn_al-Tayyib	Cebes	1
Ibn_al-Tayyib	Elias_(Greek_scholar)	1
Ibn_al-Tayyib	Galen	2
Ibn_al-Tayyib	Hippocrates	1
Ibn_al-Tayyib	Hunayn_ibn_Ishaq	1
Ibn_al-Tayyib	Ibn_al-Khammar	1
Ibn_al-Tayyib	John_Philoponus	1
Ibn_al-Tayyib	Maimonides	1
Ibn_al-Tayyib	Miskawayh	1
Ibn_al-Tayyib	Olympiodorus_the_Younger	1
Ibn_al-Tayyib	Plato	1
Ibn_al-Tayyib	Porphyry_of_Tyre	1
Ibn_al-Tayyib	Simplicius_of_Cilicia	1
Ibn_al-Tayyib	Yahya_ibn_Adi	1
Ibrahim_al-Nazzam	Dawud_al-Zahiri	1
Immanuel_Hermann_Fichte	Christian_Hermann_Weisse	2
Immanuel_Hermann_Fichte	Eduard_von_Hartmann	1
Immanuel_Hermann_Fichte	Friedrich_Schleiermacher	1
Immanuel_Hermann_Fichte	Georg_Wilhelm_Friedrich_Hegel	3
Immanuel_Hermann_Fichte	Gottfried_Wilhelm_Leibniz	1
Immanuel_Hermann_Fichte	Hermann_Ulrici	1
Immanuel_Hermann_Fichte	Johann_Friedrich_Herbart	1
Immanuel_Hermann_Fichte	Johann_Gottlieb_Fichte	2
Immanuel_Hermann_Fichte	Karl_Christian_Friedrich_Krause	1
Immanuel_Hermann_Fichte	Rudolf_Christoph_Eucken	1
Immanuel_Kant	Albert_Einstein	1
Immanuel_Kant	Alexander_Gottlieb_Baumgarten	1
Immanuel_Kant	Arthur_Schopenhauer	1
Immanuel_Kant	Baruch_Spinoza	2
Immanuel_Kant	Bertrand_Russell	1
Immanuel_Kant	Carl_Jung	1
Immanuel_Kant	Charles_Sanders_Peirce	1
Immanuel_Kant	Christian_Wolff_(philosopher)	1
Immanuel_Kant	David_Hilbert	1
Immanuel_Kant	David_Hume	4
Immanuel_Kant	Emanuel_Swedenborg	1
Immanuel_Kant	Friedrich_Heinrich_Jacobi	2
Immanuel_Kant	Friedrich_Schlegel	1
Immanuel_Kant	Friedrich_Wilhelm_Joseph_Schelling	1
Immanuel_Kant	Galen	1
Immanuel_Kant	Georg_Wilhelm_Friedrich_Hegel	1
Immanuel_Kant	George_Berkeley	1
Immanuel_Kant	Gottfried_Wilhelm_Leibniz	2
Immanuel_Kant	Gotthold_Ephraim_Lessing	1
Immanuel_Kant	Gottlob_Ernst_Schulze	1
Immanuel_Kant	Gottlob_Frege	1
Immanuel_Kant	Hippocrates	1
Immanuel_Kant	Isaac_Newton	2
Immanuel_Kant	Jakob_Sigismund_Beck	2
Immanuel_Kant	Jean_Piaget	1
Immanuel_Kant	Johann_Friedrich_Herbart	1
Immanuel_Kant	Johann_Georg_Hamann	2
Immanuel_Kant	Johann_Gottfried_Herder	2
Immanuel_Kant	Johann_Gottlieb_Fichte	2
Immanuel_Kant	Karl_Leonhard_Reinhold	5
Immanuel_Kant	Martin_Heidegger	1
Immanuel_Kant	Martin_Knutzen	2
Immanuel_Kant	Max_Weber	1
Immanuel_Kant	Moses_Mendelssohn	2
Immanuel_Kant	Novalis	1
Immanuel_Kant	Salomon_Maimon	1
Immanuel_Kant	Samuel_Taylor_Coleridge	1
Immanuel_Kant	Thomas_Carlyle	1
Immanuel_Kant	Wilhelm_Dilthey	1
Immanuel_the_Roman	Dante_Alighieri	1
Immanuel_the_Roman	Judah_ben_Moses_Romano	1
Ioane_Petritsi	Ammonius_Hermiae	1
Ioane_Petritsi	Aristotle	1
Ioane_Petritsi	Michael_Psellos	2
Ioane_Petritsi	Nemesius	1
Ioane_Petritsi	Proclus	3
Isaac_Abarbanel	Abraham_ibn_Ezra	1
Isaac_Abarbanel	Al-Ghazali	1
Isaac_Abarbanel	Averroes	1
Isaac_Abarbanel	Gersonides	1
Isaac_Abarbanel	Hasdai_Crescas	1
Isaac_Abarbanel	Moses_of_Narbonne	1
Isaac_Abarbanel	Shem-Tov_ibn_Falaquera	1
Isaac_Israeli_ben_Solomon	'Ali_ibn_al-'Abbas_al-Majusi	1
Isaac_Israeli_ben_Solomon	Abraham_ibn_Ezra	1
Isaac_Israeli_ben_Solomon	Albertus_Magnus	1
Isaac_Israeli_ben_Solomon	Aristotle	1
Isaac_Israeli_ben_Solomon	Avicenna	1
Isaac_Israeli_ben_Solomon	Bonaventure	1
Isaac_Israeli_ben_Solomon	Dominicus_Gundissalinus	1
Isaac_Israeli_ben_Solomon	Dunash_ibn_Tamim	1
Isaac_Israeli_ben_Solomon	Galen	2
Isaac_Israeli_ben_Solomon	Gerard_of_Cremona	1
Isaac_Israeli_ben_Solomon	Hippocrates	1
Isaac_Israeli_ben_Solomon	Joseph_ibn_Tzaddik	1
Isaac_Israeli_ben_Solomon	Maimonides	1
Isaac_Israeli_ben_Solomon	Moses_ibn_Ezra	1
Isaac_Israeli_ben_Solomon	Nicholas_of_Cusa	1
Isaac_Israeli_ben_Solomon	Roger_Bacon	1
Isaac_Israeli_ben_Solomon	Saadia_Gaon	1
Isaac_Israeli_ben_Solomon	Samuel_ibn_Tibbon	1
Isaac_Israeli_ben_Solomon	Thomas_Aquinas	2
Isaac_Israeli_ben_Solomon	Vincent_of_Beauvais	1
Isaac_La_Peyrère	Baruch_Spinoza	1
Isaac_La_Peyrère	Edward_Stillingfleet	1
Isaac_La_Peyrère	Pierre_Bayle	1
Isaac_La_Peyrère	Thomas_Hobbes	1
Isaac_Newton	Adam_Smith	1
Isaac_Newton	Albert_Einstein	1
Isaac_Newton	Archimedes	1
Isaac_Newton	Aristotle	1
Isaac_Newton	Arius	1
Isaac_Newton	Athanasius_of_Alexandria	1
Isaac_Newton	Baruch_Spinoza	1
Isaac_Newton	David_Brewster	2
Isaac_Newton	David_Hume	1
Isaac_Newton	Denis_Diderot	1
Isaac_Newton	Francis_Bacon	2
Isaac_Newton	Galileo_Galilei	2
Isaac_Newton	Gottfried_Wilhelm_Leibniz	4
Isaac_Newton	Henry_More	2
Isaac_Newton	Immanuel_Kant	1
Isaac_Newton	James_Burnett,_Lord_Monboddo	1
Isaac_Newton	James_Clerk_Maxwell	1
Isaac_Newton	Jean_Le_Rond_d'Alembert	1
Isaac_Newton	Jesus	1
Isaac_Newton	Johann_Wolfgang_von_Goethe	2
Isaac_Newton	John_Locke	5
Isaac_Newton	John_Maynard_Keynes	3
Isaac_Newton	Ludwig_Boltzmann	1
Isaac_Newton	Pierre-Simon_Laplace	2
Isaac_Newton	René_Descartes	1
Isaac_Newton	Richard_Bentley	1
Isaac_Newton	Robert_Boyle	1
Isaac_Newton	Samuel_Clarke	2
Isaac_Newton	Thomas_Jefferson	1
Isaac_Newton	Vilfredo_Pareto	1
Isaac_Newton	Voltaire	5
Isaac_Newton	William_Blake	2
Isaac_Orobio_de_Castro	Baruch_Spinoza	1
Isaac_ben_Joseph_ibn_Pulgar	Abner_of_Burgos	1
Isaac_ben_Joseph_ibn_Pulgar	Al-Ghazali	2
Isaac_ben_Moses_Arama	Alexander_of_Aphrodisias	1
Isaac_ben_Moses_Arama	Aristotle	1
Isaac_ben_Moses_Arama	Maimonides	1
Isaac_de_Pinto	David_Hume	1
Isaac_de_Pinto	Denis_Diderot	1
Isaac_de_Pinto	Karl_Marx	1
Isaac_de_Pinto	Moses_Mendelssohn	1
Isaac_de_Pinto	Voltaire	1
Isidore_of_Seville	Aristotle	2
Isidore_of_Seville	Augustine_of_Hippo	1
Isidore_of_Seville	Thomas_Aquinas	1
Isocrates	Cicero	1
Isocrates	Gorgias	1
Isocrates	Hippias	1
Isocrates	Plato	2
Isocrates	Prodicus	1
Isocrates	Protagoras	1
Isocrates	Socrates	1
Isocrates	Speusippus	1
Israel_Salanter	Sigmund_Freud	1
Itō_Jinsai	Dai_Zhen	1
Itō_Jinsai	Fujiwara_Seika	1
Itō_Jinsai	Ogyū_Sorai	3
Itō_Jinsai	Zhu_Xi	1
Ivan_Ilyin	Carl_Schmitt	1
Ivan_Ilyin	Edmund_Husserl	1
Ivan_Ilyin	Friedrich_Nietzsche	1
Ivan_Ilyin	Friedrich_Wilhelm_Joseph_Schelling	1
Ivan_Ilyin	Georg_Wilhelm_Friedrich_Hegel	1
Ivan_Ilyin	Jean-Jacques_Rousseau	1
Ivan_Ilyin	Johann_Gottlieb_Fichte	1
Ivan_Ilyin	Max_Scheler	1
Ivan_Ilyin	Niccolò_Machiavelli	1
Ivan_Ilyin	Nikolai_Berdyaev	1
Ivan_Ilyin	Nikolay_Lossky	1
Ivan_Ilyin	Sigmund_Freud	1
Ivan_Ilyin	Vladimir_Lenin	1
Ivan_Ilyin	Vladimir_Solovyov_(philosopher)	2
J._H._Muirhead	Axel_Hägerström	1
J._H._Muirhead	Bernard_Bosanquet_(philosopher)	1
J._H._Muirhead	Bertrand_Russell	1
J._H._Muirhead	Brand_Blanshard	1
J._H._Muirhead	Edmund_Husserl	1
J._H._Muirhead	Edward_Caird	1
J._H._Muirhead	F._H._Bradley	1
J._H._Muirhead	G._E._Moore	1
J._H._Muirhead	Georg_Wilhelm_Friedrich_Hegel	1
J._H._Muirhead	Henri_Bergson	1
J._M._E._McTaggart	Bertrand_Russell	3
J._M._E._McTaggart	C._D._Broad	3
J._M._E._McTaggart	G._E._Moore	2
J._M._E._McTaggart	Georg_Wilhelm_Friedrich_Hegel	3
J._M._E._McTaggart	Henry_Sidgwick	2
J._M._E._McTaggart	James_Ward_(psychologist)	2
Jabir_ibn_Hayyan	Abu_Bakr_al-Razi	3
Jabir_ibn_Hayyan	Abu_Hayyan_al-Tawhidi	1
Jabir_ibn_Hayyan	Abu_Sulayman_Sijistani	1
Jabir_ibn_Hayyan	Alexander_of_Aphrodisias	1
Jabir_ibn_Hayyan	Apollonius_of_Tyana	3
Jabir_ibn_Hayyan	Archimedes	2
Jabir_ibn_Hayyan	Aristotle	3
Jabir_ibn_Hayyan	Democritus	1
Jabir_ibn_Hayyan	Euclid	1
Jabir_ibn_Hayyan	Galen	1
Jabir_ibn_Hayyan	Gerard_of_Cremona	1
Jabir_ibn_Hayyan	Olympiodorus_the_Younger	1
Jabir_ibn_Hayyan	Ostanes	1
Jabir_ibn_Hayyan	Plato	2
Jabir_ibn_Hayyan	Porphyry_of_Tyre	1
Jabir_ibn_Hayyan	Pythagoras	1
Jabir_ibn_Hayyan	Socrates	1
Jabir_ibn_Hayyan	Themistius	1
Jacob_Burckhardt	Arthur_Schopenhauer	1
Jacob_Burckhardt	Friedrich_Nietzsche	1
Jacob_Burckhardt	Georg_Wilhelm_Friedrich_Hegel	1
Jacob_Friedrich_von_Abel	Friedrich_Schiller	1
Jacob_Friedrich_von_Abel	Georg_Wilhelm_Friedrich_Hegel	1
Jacob_Friedrich_von_Abel	Immanuel_Kant	1
Jacobus_Arminius	Aristotle	1
Jacobus_Arminius	John_Calvin	1
Jacopo_Mazzoni	Aristotle	2
Jacopo_Mazzoni	Dante_Alighieri	1
Jacopo_Mazzoni	Friedrich_Schiller	1
Jacopo_Mazzoni	Galileo_Galilei	1
Jacopo_Mazzoni	Lucretius	1
Jacopo_Mazzoni	Plato	3
Jacopo_Mazzoni	Proclus	1
Jacopo_Mazzoni	Samuel_Taylor_Coleridge	1
Jacopo_Zabarella	Alexander_of_Aphrodisias	1
Jacopo_Zabarella	Aristotle	1
Jacopo_Zabarella	Averroes	1
Jacopo_Zabarella	Cesare_Cremonini_(philosopher)	1
Jacopo_Zabarella	John_Philoponus	1
Jacopo_Zabarella	Simplicius_of_Cilicia	1
Jacopo_Zabarella	Themistius	1
Jacopo_Zabarella	Thomas_Aquinas	1
Jacopo_Zabarella	Walter_Burley	1
Jacques_Maritain	Albert_Einstein	1
Jacques_Maritain	Aristotle	1
Jacques_Maritain	Hans_Driesch	1
Jacques_Maritain	Henri_Bergson	2
Jacques_Maritain	Jean-Jacques_Rousseau	1
Jacques_Maritain	John_of_St._Thomas	1
Jacques_Maritain	Martin_Luther	1
Jacques_Maritain	René_Descartes	1
Jacques_Maritain	Thomas_Aquinas	2
Jacques_Maritain	Étienne_Gilson	1
Jacques_Rohault	Blaise_Pascal	1
Jacques_Rohault	Christiaan_Huygens	1
Jacques_Rohault	Henricus_Regius	1
Jacques_Rohault	Isaac_Newton	1
Jacques_Rohault	Pierre-Sylvain_Régis	1
Jacques_Rohault	Samuel_Clarke	1
Jahm_bin_Safwan	Abu_Hanifa	1
Jahm_bin_Safwan	Ahmad_ibn_Hanbal	1
Jaimini	Kumārila_Bhaṭṭa	1
Jaimini	Markandeya	2
Jaimini	Parashara	1
Jaimini	Prabhākara	1
Jakob_Böhme	Arthur_Schopenhauer	1
Jakob_Böhme	Baruch_Spinoza	2
Jakob_Böhme	Franz_Xaver_von_Baader	2
Jakob_Böhme	Friedrich_Wilhelm_Joseph_Schelling	3
Jakob_Böhme	Georg_Wilhelm_Friedrich_Hegel	2
Jakob_Böhme	George_Gurdjieff	1
Jakob_Böhme	Henry_More	1
Jakob_Böhme	Martin_Luther	1
Jakob_Böhme	Novalis	1
Jakob_Böhme	Paracelsus	2
Jakob_Böhme	Samuel_Taylor_Coleridge	1
Jakob_Böhme	William_Blake	2
Jakob_Böhme	William_Law	1
Jakob_Friedrich_Fries	Friedrich_Wilhelm_Joseph_Schelling	1
Jakob_Friedrich_Fries	Georg_Wilhelm_Friedrich_Hegel	1
Jakob_Friedrich_Fries	Immanuel_Kant	1
Jakob_Friedrich_Fries	Johann_Gottlieb_Fichte	2
Jakob_Friedrich_Fries	Karl_Leonhard_Reinhold	1
Jakob_Lorber	Emanuel_Swedenborg	1
Jakob_Lorber	Jakob_Böhme	1
Jakob_Lorber	Jesus	2
Jakob_Lorber	Rudolf_Steiner	1
Jakob_Sigismund_Beck	Immanuel_Kant	4
Jakob_Sigismund_Beck	Johann_Gottlieb_Fichte	1
Jakob_Sigismund_Beck	Salomon_Maimon	1
Jalal_al-Din_Davani	Nasir_al-Din_al-Tusi	1
Jamal_al-Din_al-Afghani	Al-Farabi	1
Jamal_al-Din_al-Afghani	Al-Mawardi	1
Jamal_al-Din_al-Afghani	Avempace	1
Jamal_al-Din_al-Afghani	Averroes	1
Jamal_al-Din_al-Afghani	Avicenna	1
Jamal_al-Din_al-Afghani	Charles_Darwin	1
Jamal_al-Din_al-Afghani	Mir_Damad	1
Jamal_al-Din_al-Afghani	Muhammad_Abduh	3
Jamal_al-Din_al-Afghani	Mulla_Sadra	1
Jamal_al-Din_al-Afghani	Nasir_al-Din_al-Tusi	1
James_Beattie_(poet)	Adam_Ferguson	1
James_Beattie_(poet)	David_Hume	2
James_Beattie_(poet)	Immanuel_Kant	1
James_Beattie_(poet)	Samuel_Johnson	1
James_Bryce,_1st_Viscount_Bryce	Alexis_de_Tocqueville	1
James_Bryce,_1st_Viscount_Bryce	Bertrand_Russell	1
James_Bryce,_1st_Viscount_Bryce	Johann_Wolfgang_von_Goethe	1
James_Burnett,_Lord_Monboddo	Charles_Darwin	1
James_Burnett,_Lord_Monboddo	David_Hume	1
James_Burnett,_Lord_Monboddo	Dugald_Stewart	1
James_Burnett,_Lord_Monboddo	Georges-Louis_Leclerc,_Comte_de_Buffon	1
James_Burnett,_Lord_Monboddo	Henry_Home,_Lord_Kames	2
James_Burnett,_Lord_Monboddo	Isaac_Newton	1
James_Burnett,_Lord_Monboddo	Jean-Baptiste_Lamarck	1
James_Burnett,_Lord_Monboddo	Jean-Jacques_Rousseau	1
James_Burnett,_Lord_Monboddo	Samuel_Johnson	1
James_Clerk_Maxwell	Albert_Einstein	1
James_Clerk_Maxwell	Isaac_Newton	2
James_Clerk_Maxwell	Ludwig_Boltzmann	1
James_Clerk_Maxwell	René_Descartes	1
James_Clerk_Maxwell	Sir_William_Hamilton,_9th_Baronet	1
James_Dalrymple,_1st_Viscount_of_Stair	Duns_Scotus	1
James_Dalrymple,_1st_Viscount_of_Stair	John_Major_(philosopher)	1
James_Dalrymple,_1st_Viscount_of_Stair	Robert_Boyle	1
James_Edwin_Creighton	Bernard_Bosanquet_(philosopher)	1
James_Edwin_Creighton	F._H._Bradley	1
James_Edwin_Creighton	Heinrich_Rickert	1
James_Edwin_Creighton	Immanuel_Kant	1
James_Edwin_Creighton	Wilhelm_Windelband	1
James_Frederick_Ferrier	Baruch_Spinoza	1
James_Frederick_Ferrier	Sir_William_Hamilton,_9th_Baronet	1
James_Frederick_Ferrier	Thomas_Reid	1
James_Harrington_(author)	Aristotle	1
James_Harrington_(author)	John_Toland	1
James_Harrington_(author)	Thomas_Jefferson	1
James_Harrington_(author)	William_Chillingworth	1
James_Hutchison_Stirling	Charles_Darwin	1
James_Hutchison_Stirling	Georg_Wilhelm_Friedrich_Hegel	2
James_Hutchison_Stirling	Thomas_Brown_(philosopher)	1
James_Mark_Baldwin	Baruch_Spinoza	1
James_Mark_Baldwin	Bernard_Bosanquet_(philosopher)	1
James_Mark_Baldwin	Charles_Sanders_Peirce	1
James_Mark_Baldwin	G._E._Moore	1
James_Mark_Baldwin	George_Herbert_Mead	1
James_Mark_Baldwin	George_Stout	1
James_Mark_Baldwin	Gustav_Fechner	2
James_Mark_Baldwin	Hermann_Lotze	1
James_Mark_Baldwin	Immanuel_Kant	1
James_Mark_Baldwin	James_McCosh	2
James_Mark_Baldwin	Jean-Baptiste_Lamarck	1
James_Mark_Baldwin	Jean_Piaget	2
James_Mark_Baldwin	Johann_Friedrich_Herbart	1
James_Mark_Baldwin	John_Dewey	1
James_Mark_Baldwin	Josiah_Royce	1
James_Mark_Baldwin	Lev_Vygotsky	1
James_Mark_Baldwin	Wilhelm_Wundt	3
James_Mark_Baldwin	William_James	1
James_Martineau	Friedrich_Adolf_Trendelenburg	1
James_Martineau	George_Croom_Robertson	1
James_Martineau	George_Grote	1
James_Martineau	Harriet_Martineau	2
James_Martineau	Henry_Sidgwick	1
James_Martineau	John_Hoppus	1
James_McCosh	John_Stuart_Mill	1
James_McCosh	Sir_William_Hamilton,_9th_Baronet	1
James_McCosh	Thomas_Reid	1
James_Mill	Alexander_Bain_(philosopher)	1
James_Mill	David_Hartley_(philosopher)	1
James_Mill	David_Ricardo	1
James_Mill	Dugald_Stewart	1
James_Mill	Franz_Brentano	1
James_Mill	Jeremy_Bentham	2
James_Mill	John_Stuart_Mill	3
James_Mill	Max_Müller	1
James_Mill	Thomas_Brown_(philosopher)	1
James_Mill	Thomas_Reid	1
James_Mill	William_Hazlitt	1
James_Sully	Alexander_Bain_(philosopher)	1
James_Sully	Emil_du_Bois-Reymond	1
James_Sully	Hermann_Lotze	1
James_Sully	Hermann_von_Helmholtz	1
James_Sully	Sigmund_Freud	1
James_Sully	Wilhelm_Wundt	1
James_Ward_(psychologist)	Bertrand_Russell	2
James_Ward_(psychologist)	George_Stout	2
James_Ward_(psychologist)	Gottfried_Wilhelm_Leibniz	1
James_Ward_(psychologist)	Henry_Sidgwick	1
James_Ward_(psychologist)	Hermann_Lotze	2
James_Ward_(psychologist)	Muhammad_Iqbal	1
James_of_Viterbo	Augustine_of_Hippo	1
James_of_Viterbo	Giles_of_Rome	1
Jan_Hus	Jesus	1
Jan_Hus	John_Amos_Comenius	1
Jan_Hus	John_Wycliffe	2
Jan_Hus	Martin_Luther	4
Jan_Hus	Tomáš_Masaryk	1
Jan_Łukasiewicz	Aristotle	1
Jan_Łukasiewicz	Kazimierz_Twardowski	4
Jan_Łukasiewicz	Stanisław_Leśniewski	3
Jan_Łukasiewicz	Tadeusz_Kotarbiński	1
Jan_Śniadecki	Nicolaus_Copernicus	1
Jan_Śniadecki	Władysław_Tatarkiewicz	1
Jayanta_Bhatta	Dharmakirti	1
Jayanta_Bhatta	Dignāga	1
Jayanta_Bhatta	Pāṇini	2
Jayatirtha	Akshobhya_Tirtha	4
Jayatirtha	Madhvacharya	6
Jayatirtha	Vyasatirtha	4
Je_Tsongkhapa	8th_Karmapa,_Mikyö_Dorje	1
Je_Tsongkhapa	Atiśa	2
Je_Tsongkhapa	Chandrakirti	8
Je_Tsongkhapa	Dharmakirti	2
Je_Tsongkhapa	Dignāga	1
Je_Tsongkhapa	Nagarjuna	5
Je_Tsongkhapa	The_Buddha	1
Jean-Baptiste_Lamarck	Charles_Darwin	1
Jean-Baptiste_Lamarck	Georges-Louis_Leclerc,_Comte_de_Buffon	1
Jean-Jacques_Rousseau	Arthur_Oncken_Lovejoy	2
Jean-Jacques_Rousseau	Arthur_Schopenhauer	1
Jean-Jacques_Rousseau	Baron_d'Holbach	1
Jean-Jacques_Rousseau	Baruch_Spinoza	1
Jean-Jacques_Rousseau	Benjamin_Constant	1
Jean-Jacques_Rousseau	David_Hume	2
Jean-Jacques_Rousseau	Denis_Diderot	5
Jean-Jacques_Rousseau	Edmund_Burke	3
Jean-Jacques_Rousseau	François_Fénelon	1
Jean-Jacques_Rousseau	Friedrich_Schiller	2
Jean-Jacques_Rousseau	Gabriel_Bonnot_de_Mably	1
Jean-Jacques_Rousseau	Germaine_de_Staël	2
Jean-Jacques_Rousseau	Giacomo_Leopardi	1
Jean-Jacques_Rousseau	Henry_David_Thoreau	1
Jean-Jacques_Rousseau	Immanuel_Kant	2
Jean-Jacques_Rousseau	Jean_Le_Rond_d'Alembert	3
Jean-Jacques_Rousseau	Johann_Gottfried_Herder	1
Jean-Jacques_Rousseau	Johann_Wolfgang_von_Goethe	2
Jean-Jacques_Rousseau	John_Calvin	1
Jean-Jacques_Rousseau	John_Dewey	3
Jean-Jacques_Rousseau	John_Locke	1
Jean-Jacques_Rousseau	Joseph_Schumpeter	1
Jean-Jacques_Rousseau	Julien_Offray_de_La_Mettrie	1
Jean-Jacques_Rousseau	Leo_Strauss	1
Jean-Jacques_Rousseau	Leo_Tolstoy	1
Jean-Jacques_Rousseau	Maria_Montessori	1
Jean-Jacques_Rousseau	Marquis_de_Sade	2
Jean-Jacques_Rousseau	Mary_Wollstonecraft	1
Jean-Jacques_Rousseau	Michel_de_Montaigne	1
Jean-Jacques_Rousseau	Montesquieu	2
Jean-Jacques_Rousseau	Nicolas_Malebranche	1
Jean-Jacques_Rousseau	Plato	1
Jean-Jacques_Rousseau	Plutarch	2
Jean-Jacques_Rousseau	Ralph_Waldo_Emerson	1
Jean-Jacques_Rousseau	Samuel_Johnson	1
Jean-Jacques_Rousseau	Samuel_Taylor_Coleridge	1
Jean-Jacques_Rousseau	Samuel_von_Pufendorf	1
Jean-Jacques_Rousseau	Seneca_the_Younger	1
Jean-Jacques_Rousseau	Thomas_Carlyle	1
Jean-Jacques_Rousseau	Thomas_Hobbes	1
Jean-Jacques_Rousseau	Thomas_Paine	2
Jean-Jacques_Rousseau	Voltaire	5
Jean-Jacques_Rousseau	William_Blake	1
Jean-Jacques_Rousseau	William_Godwin	1
Jean-Pierre_de_Crousaz	Aristotle	1
Jean-Pierre_de_Crousaz	Gottfried_Wilhelm_Leibniz	1
Jean-Pierre_de_Crousaz	John_Locke	1
Jean-Pierre_de_Crousaz	Pierre_Bayle	1
Jean-Pierre_de_Crousaz	René_Descartes	1
Jean_Anthelme_Brillat-Savarin	François_Rabelais	1
Jean_Anthelme_Brillat-Savarin	Immanuel_Kant	1
Jean_Anthelme_Brillat-Savarin	Jean-Jacques_Rousseau	1
Jean_Anthelme_Brillat-Savarin	Montesquieu	1
Jean_Anthelme_Brillat-Savarin	René_Descartes	1
Jean_Anthelme_Brillat-Savarin	Voltaire	1
Jean_Bodin	Algernon_Sidney	1
Jean_Bodin	Aristotle	1
Jean_Bodin	Baruch_Spinoza	1
Jean_Bodin	Francis_Bacon	1
Jean_Bodin	Francisco_Suárez	1
Jean_Bodin	Franciscus_Patricius	1
Jean_Bodin	Gerolamo_Cardano	1
Jean_Bodin	Giambattista_Vico	1
Jean_Bodin	Giovanni_Botero	1
Jean_Bodin	Gottfried_Wilhelm_Leibniz	3
Jean_Bodin	Gotthold_Ephraim_Lessing	1
Jean_Bodin	Heinrich_Cornelius_Agrippa	1
Jean_Bodin	Hippocrates	1
Jean_Bodin	Hugo_Grotius	2
Jean_Bodin	John_Locke	2
Jean_Bodin	John_Selden	1
Jean_Bodin	Juan_de_Mariana	1
Jean_Bodin	Lucilio_Vanini	1
Jean_Bodin	Maimonides	1
Jean_Bodin	Michel_de_Montaigne	2
Jean_Bodin	Montesquieu	2
Jean_Bodin	Niccolò_Machiavelli	1
Jean_Bodin	Petrus_Ramus	1
Jean_Bodin	Philo	1
Jean_Bodin	Pierre_Bayle	1
Jean_Bodin	Pierre_Charron	2
Jean_Bodin	Pierre_Daniel_Huet	1
Jean_Bodin	Pietro_Pomponazzi	1
Jean_Bodin	Ptolemy	1
Jean_Bodin	Pythagoras	1
Jean_Bodin	Richard_Hooker	1
Jean_Bodin	Robert_Filmer	1
Jean_Bodin	Thomas_Hobbes	1
Jean_Bodin	Thomas_More	1
Jean_Bodin	Voltaire	1
Jean_Bodin	Wilhelm_Dilthey	1
Jean_Buridan	Albert_of_Saxony_(philosopher)	1
Jean_Buridan	Aristotle	2
Jean_Buridan	Galileo_Galilei	1
Jean_Buridan	John_Philoponus	2
Jean_Buridan	Nicole_Oresme	1
Jean_Buridan	Peter_Lombard	1
Jean_Buridan	Pierre_Duhem	1
Jean_Gerson	Averroes	1
Jean_Gerson	Bernard_of_Clairvaux	1
Jean_Gerson	Bonaventure	1
Jean_Gerson	Christine_de_Pizan	1
Jean_Gerson	Jan_Hus	1
Jean_Gerson	Jesus	1
Jean_Gerson	Pierre_d'Ailly	1
Jean_Gerson	Pseudo-Dionysius_the_Areopagite	1
Jean_Gerson	Richard_of_Saint_Victor	1
Jean_Gerson	Étienne_Gilson	2
Jean_Le_Clerc_(theologian)	Denis_Diderot	1
Jean_Le_Clerc_(theologian)	Erasmus	1
Jean_Le_Clerc_(theologian)	Isaac_Newton	1
Jean_Le_Clerc_(theologian)	Jean_Le_Rond_d'Alembert	1
Jean_Le_Clerc_(theologian)	Jesus	1
Jean_Le_Clerc_(theologian)	John_Locke	1
Jean_Le_Clerc_(theologian)	Pierre_Bayle	1
Jean_Le_Rond_d'Alembert	Denis_Diderot	5
Jean_Le_Rond_d'Alembert	Friedrich_Albert_Lange	1
Jean_Le_Rond_d'Alembert	George_Berkeley	1
Jean_Le_Rond_d'Alembert	Immanuel_Kant	2
Jean_Le_Rond_d'Alembert	Jean-Jacques_Rousseau	2
Jean_Le_Rond_d'Alembert	Pierre-Simon_Laplace	1
Jean_Le_Rond_d'Alembert	René_Descartes	1
Jean_Le_Rond_d'Alembert	Voltaire	1
Jean_Piaget	Immanuel_Kant	2
Jean_Piaget	Lev_Vygotsky	3
Jean_Wahl	Friedrich_Nietzsche	1
Jean_Wahl	Georg_Wilhelm_Friedrich_Hegel	1
Jean_Wahl	George_Santayana	1
Jean_Wahl	Georges_Bataille	1
Jean_Wahl	Henri_Bergson	2
Jean_Wahl	Karl_Jaspers	1
Jean_Wahl	Plato	1
Jean_Wahl	Søren_Kierkegaard	1
Jean_Wahl	William_James	1
Jeremy_Bentham	Adam_Smith	3
Jeremy_Bentham	Cesare_Beccaria	1
Jeremy_Bentham	Claude_Adrien_Helvétius	1
Jeremy_Bentham	David_Hume	1
Jeremy_Bentham	David_Ricardo	1
Jeremy_Bentham	Epicurus	2
Jeremy_Bentham	Friedrich_Engels	1
Jeremy_Bentham	George_Grote	1
Jeremy_Bentham	Henry_Brougham,_1st_Baron_Brougham_and_Vaux	1
Jeremy_Bentham	Immanuel_Kant	1
Jeremy_Bentham	James_Mill	3
Jeremy_Bentham	Jean_Le_Rond_d'Alembert	1
Jeremy_Bentham	John_Austin_(legal_philosopher)	2
Jeremy_Bentham	John_Locke	1
Jeremy_Bentham	John_Stuart_Mill	4
Jeremy_Bentham	Joseph_Priestley	2
Jeremy_Bentham	Karl_Marx	1
Jeremy_Bentham	Leslie_Stephen	1
Jeremy_Bentham	Montesquieu	1
Jeremy_Bentham	William_Blackstone	1
Jeremy_Bentham	William_Hazlitt	1
Jeremy_Bentham	William_Thompson_(philosopher)	1
Jerome_Frank	Jean_Piaget	1
Jerome_Frank	Karl_Llewellyn	1
Jerome_Frank	Oliver_Wendell_Holmes_Jr.	1
Jerome_Frank	Roscoe_Pound	1
Jerome_Frank	Sigmund_Freud	1
Jesus	Abu_Hatim_Ahmad_ibn_Hamdan_al-Razi	1
Jesus	Abu_Ya'qub_al-Sijistani	1
Jesus	Al-Ghazali	1
Jesus	Bruno_Bauer	1
Jesus	Erasmus	1
Jesus	Eusebius	1
Jesus	Fakhr_al-Din_al-Razi	1
Jesus	Maimonides	1
Jesus	Plutarch	1
Jesus	Rudolf_Steiner	1
Jesus	The_Buddha	2
Jesus	Zoroaster	2
Ji_Kang	Ruan_Ji	1
Jia_Yi	Chao_Cuo	1
Jia_Yi	Li_Si	1
Jia_Yi	Shang_Yang	1
Jia_Yi	Shen_Buhai	2
Jiddu_Krishnamurti	Sigmund_Freud	1
Jinul	Guifeng_Zongmi	1
Joachim_Jungius	Gottfried_Wilhelm_Leibniz	1
Joachim_Jungius	René_Descartes	1
Joachim_of_Fiore	Dante_Alighieri	5
Joachim_of_Fiore	Thomas_Aquinas	1
Johann_Augustus_Eberhard	Friedrich_Schleiermacher	1
Johann_Augustus_Eberhard	Gottfried_Wilhelm_Leibniz	1
Johann_Augustus_Eberhard	Immanuel_Kant	1
Johann_Augustus_Eberhard	John_Locke	1
Johann_Augustus_Eberhard	Moses_Mendelssohn	1
Johann_Friedrich_Herbart	Friedrich_Wilhelm_Joseph_Schelling	1
Johann_Friedrich_Herbart	Georg_Wilhelm_Friedrich_Hegel	2
Johann_Friedrich_Herbart	Gottfried_Wilhelm_Leibniz	2
Johann_Friedrich_Herbart	Immanuel_Kant	2
Johann_Friedrich_Herbart	Isaac_Newton	1
Johann_Friedrich_Herbart	Jakob_Friedrich_Fries	1
Johann_Friedrich_Herbart	James_Mark_Baldwin	1
Johann_Friedrich_Herbart	Johann_Gottlieb_Fichte	2
Johann_Friedrich_Herbart	John_Locke	2
Johann_Friedrich_Herbart	Wilhelm_Traugott_Krug	1
Johann_Georg_Hamann	David_Hume	2
Johann_Georg_Hamann	Friedrich_Heinrich_Jacobi	2
Johann_Georg_Hamann	Georg_Wilhelm_Friedrich_Hegel	2
Johann_Georg_Hamann	Gotthold_Ephraim_Lessing	1
Johann_Georg_Hamann	Immanuel_Kant	2
Johann_Georg_Hamann	Jean-Jacques_Rousseau	2
Johann_Georg_Hamann	Johann_Gottfried_Herder	2
Johann_Georg_Hamann	Johann_Wolfgang_von_Goethe	2
Johann_Georg_Hamann	Ludwig_Wittgenstein	1
Johann_Georg_Hamann	Moses_Mendelssohn	2
Johann_Georg_Hamann	Socrates	1
Johann_Georg_Hamann	Søren_Kierkegaard	2
Johann_Georg_Hamann	Wilhelm_von_Humboldt	1
Johann_Gottfried_Herder	Baruch_Spinoza	2
Johann_Gottfried_Herder	Friedrich_Nietzsche	1
Johann_Gottfried_Herder	Friedrich_Schlegel	1
Johann_Gottfried_Herder	Georg_Wilhelm_Friedrich_Hegel	1
Johann_Gottfried_Herder	Gottfried_Wilhelm_Leibniz	1
Johann_Gottfried_Herder	Gotthold_Ephraim_Lessing	1
Johann_Gottfried_Herder	Immanuel_Kant	3
Johann_Gottfried_Herder	Johann_Georg_Hamann	1
Johann_Gottfried_Herder	Johann_Wolfgang_von_Goethe	2
Johann_Gottfried_Herder	John_Stuart_Mill	1
Johann_Gottfried_Herder	Martin_Luther	1
Johann_Gottfried_Herder	Moses_Mendelssohn	1
Johann_Gottfried_Herder	Samuel_Taylor_Coleridge	1
Johann_Gottfried_Herder	Wilhelm_von_Humboldt	2
Johann_Gottlieb_Fichte	Friedrich_Heinrich_Jacobi	1
Johann_Gottlieb_Fichte	Friedrich_Nietzsche	2
Johann_Gottlieb_Fichte	Friedrich_Schlegel	2
Johann_Gottlieb_Fichte	Friedrich_Schleiermacher	1
Johann_Gottlieb_Fichte	Friedrich_Wilhelm_Joseph_Schelling	1
Johann_Gottlieb_Fichte	Georg_Wilhelm_Friedrich_Hegel	1
Johann_Gottlieb_Fichte	Immanuel_Hermann_Fichte	3
Johann_Gottlieb_Fichte	Immanuel_Kant	3
Johann_Gottlieb_Fichte	Jakob_Friedrich_Fries	1
Johann_Gottlieb_Fichte	Johann_Friedrich_Herbart	1
Johann_Gottlieb_Fichte	Johann_Gottfried_Herder	1
Johann_Gottlieb_Fichte	Johann_Wolfgang_von_Goethe	1
Johann_Gottlieb_Fichte	Karl_Leonhard_Reinhold	1
Johann_Gottlieb_Fichte	Novalis	1
Johann_Gottlieb_Fichte	René_Descartes	1
Johann_Gottlieb_Fichte	Wilhelm_von_Humboldt	1
Johann_Heinrich_Abicht	Immanuel_Kant	1
Johann_Heinrich_Abicht	Karl_Leonhard_Reinhold	1
Johann_Heinrich_Lambert	Aristotle	1
Johann_Heinrich_Lambert	Immanuel_Kant	2
Johann_Heinrich_Lambert	John_Stuart_Mill	2
Johann_Ulrich_von_Cramer	Christian_Wolff_(philosopher)	2
Johann_Wolfgang_von_Goethe	Adam_Smith	1
Johann_Wolfgang_von_Goethe	Albert_Einstein	1
Johann_Wolfgang_von_Goethe	Albert_Schweitzer	1
Johann_Wolfgang_von_Goethe	Alfred_Russel_Wallace	1
Johann_Wolfgang_von_Goethe	Arthur_Schopenhauer	4
Johann_Wolfgang_von_Goethe	Benjamin_Constant	1
Johann_Wolfgang_von_Goethe	Blaise_Pascal	1
Johann_Wolfgang_von_Goethe	Carl_Jung	1
Johann_Wolfgang_von_Goethe	Charles_Darwin	2
Johann_Wolfgang_von_Goethe	Denis_Diderot	1
Johann_Wolfgang_von_Goethe	Emanuel_Swedenborg	1
Johann_Wolfgang_von_Goethe	Epicurus	1
Johann_Wolfgang_von_Goethe	Ernst_Cassirer	1
Johann_Wolfgang_von_Goethe	Francis_Bacon	1
Johann_Wolfgang_von_Goethe	Friedrich_Nietzsche	2
Johann_Wolfgang_von_Goethe	Friedrich_Schiller	6
Johann_Wolfgang_von_Goethe	Friedrich_Schlegel	1
Johann_Wolfgang_von_Goethe	Georg_Wilhelm_Friedrich_Hegel	1
Johann_Wolfgang_von_Goethe	George_Eliot	2
Johann_Wolfgang_von_Goethe	George_Henry_Lewes	2
Johann_Wolfgang_von_Goethe	Germaine_de_Staël	1
Johann_Wolfgang_von_Goethe	Gotthold_Ephraim_Lessing	1
Johann_Wolfgang_von_Goethe	Hippocrates	1
Johann_Wolfgang_von_Goethe	Isaac_Newton	1
Johann_Wolfgang_von_Goethe	Jean-Jacques_Rousseau	1
Johann_Wolfgang_von_Goethe	Jeremy_Bentham	1
Johann_Wolfgang_von_Goethe	Johann_Gottfried_Herder	2
Johann_Wolfgang_von_Goethe	Johann_Gottlieb_Fichte	1
Johann_Wolfgang_von_Goethe	Ludwig_Wittgenstein	1
Johann_Wolfgang_von_Goethe	Martin_Luther	1
Johann_Wolfgang_von_Goethe	Michel_de_Montaigne	2
Johann_Wolfgang_von_Goethe	Novalis	1
Johann_Wolfgang_von_Goethe	Plato	1
Johann_Wolfgang_von_Goethe	Ralph_Waldo_Emerson	2
Johann_Wolfgang_von_Goethe	Rudolf_Steiner	2
Johann_Wolfgang_von_Goethe	Søren_Kierkegaard	1
Johann_Wolfgang_von_Goethe	Thomas_Carlyle	2
Johann_Wolfgang_von_Goethe	Thomas_Jefferson	1
Johann_Wolfgang_von_Goethe	Voltaire	2
Johann_Wolfgang_von_Goethe	Wilhelm_von_Humboldt	2
Johannes_Clauberg	Baruch_Spinoza	1
Johannes_Clauberg	Christian_Wolff_(philosopher)	1
Johannes_Clauberg	Eduard_Zeller	1
Johannes_Clauberg	Gottfried_Wilhelm_Leibniz	1
Johannes_Clauberg	Louis_Couturat	1
Johannes_Clauberg	Nicolas_Malebranche	1
Johannes_Clauberg	Étienne_Gilson	1
Johannes_Crellius	Hugo_Grotius	1
Johannes_Crellius	John_Locke	1
Johannes_Crellius	Thomas_Belsham	1
Johannes_Crellius	Voltaire	1
Johannes_Kepler	Alexandre_Koyré	2
Johannes_Kepler	Aristotle	1
Johannes_Kepler	Charles_Sanders_Peirce	1
Johannes_Kepler	Christiaan_Huygens	1
Johannes_Kepler	Galileo_Galilei	4
Johannes_Kepler	Isaac_Newton	3
Johannes_Kepler	Jesus	1
Johannes_Kepler	Nicolaus_Copernicus	3
Johannes_Kepler	Philipp_Melanchthon	1
Johannes_Kepler	Pierre_Gassendi	1
Johannes_Kepler	Ptolemy	3
Johannes_Kepler	Pythagoras	1
Johannes_Kepler	René_Descartes	1
Johannes_Kepler	Robert_Fludd	2
Johannes_Kepler	Thales_of_Miletus	1
Johannes_Kepler	William_Whewell	1
Johannes_Nikolaus_Tetens	David_Hume	1
Johannes_Nikolaus_Tetens	Immanuel_Kant	2
Johannes_Nikolaus_Tetens	John_Locke	1
Johannes_Nikolaus_Tetens	Richard_Price	1
Johannes_Tauler	Henry_Suso	2
Johannes_Tauler	John_of_Ruusbroec	2
Johannes_Tauler	Meister_Eckhart	2
John_Adams	Benjamin_Franklin	4
John_Adams	Cicero	1
John_Adams	John_Locke	1
John_Adams	Plato	1
John_Adams	Richard_Price	1
John_Adams	Thomas_Jefferson	9
John_Adams	Thomas_Paine	2
John_Adams	Thucydides	1
John_Allen_(historian)	Henry_Brougham,_1st_Baron_Brougham_and_Vaux	1
John_Amos_Comenius	Francis_Bacon	1
John_Amos_Comenius	Jakob_Böhme	1
John_Amos_Comenius	Jan_Hus	1
John_Amos_Comenius	Jean-Jacques_Rousseau	1
John_Amos_Comenius	René_Descartes	1
John_Anderson_(philosopher)	Norman_Kemp_Smith	1
John_Austin_(legal_philosopher)	James_Mill	1
John_Austin_(legal_philosopher)	Jeremy_Bentham	1
John_Austin_(legal_philosopher)	John_Stuart_Mill	1
John_B._Watson	John_Dewey	2
John_B._Watson	Wilhelm_Wundt	1
John_Ballantyne_(minister)	Dugald_Stewart	1
John_Ballantyne_(minister)	Thomas_Brown_(philosopher)	1
John_Ballantyne_(minister)	Thomas_Reid	1
John_Calvin	Augustine_of_Hippo	1
John_Calvin	Erasmus	1
John_Calvin	Martin_Luther	2
John_Calvin	Max_Weber	1
John_Calvin	Pelagius	1
John_Calvin	Philipp_Melanchthon	2
John_Calvin	Seneca_the_Younger	2
John_Calvin	Thomas_Aquinas	1
John_Calvin	Voltaire	1
John_Capreolus	Aristotle	1
John_Capreolus	Averroes	1
John_Capreolus	Duns_Scotus	1
John_Capreolus	Gregory_of_Rimini	1
John_Capreolus	Henry_of_Ghent	1
John_Capreolus	Petrus_Aureoli	1
John_Capreolus	Thomas_Aquinas	1
John_Capreolus	William_of_Ockham	1
John_Cook_Wilson	Aristotle	1
John_Cook_Wilson	H._A._Prichard	2
John_Cook_Wilson	H._H._Price	1
John_Cook_Wilson	Hermann_Lotze	2
John_Cook_Wilson	Lewis_Carroll	1
John_Cook_Wilson	Plato	1
John_Cook_Wilson	R._G._Collingwood	1
John_Cook_Wilson	T._H._Green	1
John_Cook_Wilson	W._D._Ross	1
John_Dewey	Albert_Einstein	1
John_Dewey	Aristotle	1
John_Dewey	B._R._Ambedkar	2
John_Dewey	Charles_Sanders_Peirce	2
John_Dewey	Feng_Youlan	1
John_Dewey	George_Herbert_Mead	1
John_Dewey	George_Santayana	1
John_Dewey	Henri_Bergson	1
John_Dewey	Henry_George	1
John_Dewey	Hu_Shih	2
John_Dewey	Immanuel_Kant	1
John_Dewey	Leon_Trotsky	1
John_Dewey	Mao_Zedong	1
John_Dewey	Martin_Buber	1
John_Dewey	Sun_Yat-sen	1
John_Dewey	Wilhelm_Wundt	1
John_Dewey	William_James	1
John_Elof_Boodin	Josiah_Royce	1
John_Elof_Boodin	William_James	1
John_Fiske_(philosopher)	Herbert_Spencer	3
John_Gay	Samuel_Johnson	1
John_Grote	Alexander_Bain_(philosopher)	1
John_Grote	George_Grote	2
John_Grote	John_Stuart_Mill	1
John_Grote	William_Whewell	1
John_Henry_Newman	Apollonius_of_Tyana	1
John_Henry_Newman	Athanasius_of_Alexandria	1
John_Henry_Newman	Augustine_of_Hippo	2
John_Henry_Newman	Cicero	1
John_Henry_Newman	Dante_Alighieri	1
John_Henry_Newman	David_Hume	1
John_Henry_Newman	Jesus	1
John_Henry_Newman	Renn_Hampden	1
John_Henry_Newman	Thomas_Aquinas	1
John_Henry_Newman	Thomas_Henry_Huxley	1
John_Henry_Newman	Thomas_Paine	1
John_Henry_Newman	Voltaire	1
John_Henry_Newman	William_Law	1
John_Herschel	Charles_Babbage	3
John_Herschel	Charles_Darwin	3
John_Herschel	William_Whewell	1
John_Hoppus	Baruch_Spinoza	1
John_Hoppus	Bernard_Mandeville	1
John_Hoppus	Christian_Wolff_(philosopher)	1
John_Hoppus	Dugald_Stewart	1
John_Hoppus	Francis_Bacon	1
John_Hoppus	Friedrich_Wilhelm_Joseph_Schelling	1
John_Hoppus	George_Grote	1
John_Hoppus	Gottfried_Wilhelm_Leibniz	1
John_Hoppus	Henry_Brougham,_1st_Baron_Brougham_and_Vaux	1
John_Hoppus	Immanuel_Kant	1
John_Hoppus	James_Martineau	1
John_Hoppus	James_Mill	2
John_Hoppus	Jeremy_Bentham	2
John_Hoppus	Johann_Gottlieb_Fichte	1
John_Hoppus	John_Locke	1
John_Hoppus	Nicolas_Malebranche	1
John_Hoppus	Ralph_Cudworth	1
John_Hoppus	René_Descartes	1
John_Hoppus	Thomas_Hobbes	1
John_Lewis_(philosopher)	Karl_Marx	2
John_Lewis_(philosopher)	Plato	1
John_Locke	Algernon_Sidney	2
John_Locke	Anthony_Collins_(philosopher)	1
John_Locke	Augustine_of_Hippo	1
John_Locke	Baruch_Spinoza	2
John_Locke	Damaris_Cudworth_Masham	3
John_Locke	David_Hartley_(philosopher)	1
John_Locke	David_Hume	2
John_Locke	Francis_Bacon	2
John_Locke	Franciscus_Mercurius_van_Helmont	1
John_Locke	George_Berkeley	1
John_Locke	Hugo_Grotius	1
John_Locke	Ibn_Tufayl	1
John_Locke	Immanuel_Kant	1
John_Locke	Isaac_Newton	3
John_Locke	Jean-Jacques_Rousseau	1
John_Locke	Jean_Le_Clerc_(theologian)	1
John_Locke	Karl_Marx	1
John_Locke	Mary_Wollstonecraft	1
John_Locke	René_Descartes	3
John_Locke	Robert_Boyle	3
John_Locke	Robert_Filmer	2
John_Locke	Samuel_von_Pufendorf	1
John_Locke	Thomas_Hobbes	2
John_Locke	Thomas_Jefferson	2
John_Locke	Voltaire	2
John_Macmurray	Immanuel_Kant	1
John_Macmurray	Karl_Marx	1
John_Major_(philosopher)	Adam_of_Wodeham	2
John_Major_(philosopher)	Aristotle	1
John_Major_(philosopher)	Bartolomé_de_Medina_(theologian)	1
John_Major_(philosopher)	Domingo_de_Soto	1
John_Major_(philosopher)	Erasmus	2
John_Major_(philosopher)	Francisco_de_Vitoria	1
John_Major_(philosopher)	François_Rabelais	1
John_Major_(philosopher)	Galileo_Galilei	1
John_Major_(philosopher)	Jean_Buridan	2
John_Major_(philosopher)	John_Calvin	1
John_Major_(philosopher)	Nicolaus_Copernicus	1
John_Major_(philosopher)	Peter_Lombard	2
John_Major_(philosopher)	Pierre_Bayle	1
John_Major_(philosopher)	Ptolemy	1
John_Major_(philosopher)	Thomas_Reid	2
John_Maynard_Keynes	Adam_Smith	3
John_Maynard_Keynes	Alfred_North_Whitehead	1
John_Maynard_Keynes	Bertrand_Russell	3
John_Maynard_Keynes	David_Ricardo	2
John_Maynard_Keynes	Edmund_Burke	1
John_Maynard_Keynes	Friedrich_Hayek	4
John_Maynard_Keynes	G._E._Moore	3
John_Maynard_Keynes	Isaac_Newton	2
John_Maynard_Keynes	Jeremy_Bentham	1
John_Maynard_Keynes	Joseph_Schumpeter	2
John_Maynard_Keynes	Karl_Marx	1
John_Maynard_Keynes	Ludwig_Wittgenstein	1
John_Maynard_Keynes	Ludwig_von_Mises	2
John_Maynard_Keynes	Vladimir_Lenin	1
John_Maynard_Keynes	William_Ernest_Johnson	1
John_Millar_(philosopher)	Adam_Smith	1
John_Millar_(philosopher)	David_Hume	1
John_Millar_(philosopher)	Henry_Home,_Lord_Kames	1
John_Norris_(philosopher)	John_Locke	1
John_Norris_(philosopher)	Nicolas_Malebranche	1
John_Peckham	Al-Kindi	1
John_Peckham	Aristotle	1
John_Peckham	Augustine_of_Hippo	1
John_Peckham	Avicenna	1
John_Peckham	Bonaventure	2
John_Peckham	Duns_Scotus	1
John_Peckham	Euclid	1
John_Peckham	Ibn_al-Haytham	2
John_Peckham	Robert_Grosseteste	2
John_Peckham	Robert_Kilwardby	1
John_Peckham	Roger_Bacon	2
John_Peckham	Roger_Marston	1
John_Peckham	Thomas_Aquinas	1
John_Philoponus	Al-Farabi	1
John_Philoponus	Al-Ghazali	1
John_Philoponus	Ammonius_Hermiae	2
John_Philoponus	Aristotle	2
John_Philoponus	Averroes	1
John_Philoponus	Avicenna	1
John_Philoponus	Bonaventure	2
John_Philoponus	Cyril_of_Alexandria	1
John_Philoponus	Galileo_Galilei	4
John_Philoponus	Gersonides	1
John_Philoponus	Giovanni_Pico_della_Mirandola	1
John_Philoponus	Hamid_al-Din_al-Kirmani	1
John_Philoponus	Jean_Buridan	2
John_Philoponus	Leon_Battista_Alberti	1
John_Philoponus	Maimonides	1
John_Philoponus	Pierre_Duhem	1
John_Philoponus	Proclus	1
John_Philoponus	Simplicius_of_Cilicia	3
John_Ray	Carl_Linnaeus	2
John_Ray	William_Paley	1
John_Scotus_Eriugena	Alcuin	2
John_Scotus_Eriugena	Anselm_of_Canterbury	2
John_Scotus_Eriugena	Arthur_Schopenhauer	1
John_Scotus_Eriugena	Augustine_of_Hippo	2
John_Scotus_Eriugena	Baruch_Spinoza	1
John_Scotus_Eriugena	Bernard_of_Clairvaux	1
John_Scotus_Eriugena	Bertrand_Russell	2
John_Scotus_Eriugena	Boethius	3
John_Scotus_Eriugena	Duns_Scotus	1
John_Scotus_Eriugena	Friedrich_Wilhelm_Joseph_Schelling	1
John_Scotus_Eriugena	Giordano_Bruno	1
John_Scotus_Eriugena	Gottschalk_of_Orbais	1
John_Scotus_Eriugena	Gregory_of_Nyssa	1
John_Scotus_Eriugena	Hildegard_of_Bingen	1
John_Scotus_Eriugena	Hincmar	1
John_Scotus_Eriugena	Iamblichus	2
John_Scotus_Eriugena	Immanuel_Kant	1
John_Scotus_Eriugena	Meister_Eckhart	1
John_Scotus_Eriugena	Nicolas_Malebranche	1
John_Scotus_Eriugena	Origen	2
John_Scotus_Eriugena	Plotinus	2
John_Scotus_Eriugena	Proclus	1
John_Scotus_Eriugena	Pseudo-Dionysius_the_Areopagite	4
John_Scotus_Eriugena	Ratramnus	1
John_Scotus_Eriugena	Thomas_Aquinas	1
John_Scotus_Eriugena	William_of_Saint-Thierry	1
John_Scotus_Eriugena	Étienne_Gilson	1
John_Selden	Cicero	1
John_Selden	Edward_Stillingfleet	1
John_Selden	Giambattista_Vico	1
John_Selden	Hugo_Grotius	1
John_Selden	Plato	1
John_Selden	Richard_Cumberland_(philosopher)	1
John_Selden	Samuel_von_Pufendorf	1
John_Selden	Thomas_Hobbes	1
John_Selden	William_Chillingworth	1
John_Sergeant_(priest)	Edward_Stillingfleet	1
John_Sergeant_(priest)	Thomas_White_(scholar)	1
John_Stuart_Mill	Adam_Smith	3
John_Stuart_Mill	Aristotle	1
John_Stuart_Mill	Auguste_Comte	2
John_Stuart_Mill	Bertrand_Russell	1
John_Stuart_Mill	Charles_Fourier	1
John_Stuart_Mill	David_Ricardo	2
John_Stuart_Mill	Dignāga	1
John_Stuart_Mill	Diogenes_Laertius	1
John_Stuart_Mill	Euclid	1
John_Stuart_Mill	Harriet_Taylor_Mill	3
John_Stuart_Mill	Henri_de_Saint-Simon	2
John_Stuart_Mill	Immanuel_Kant	2
John_Stuart_Mill	Isocrates	1
John_Stuart_Mill	James_Mill	3
John_Stuart_Mill	Jeremy_Bentham	5
John_Stuart_Mill	John_Austin_(legal_philosopher)	1
John_Stuart_Mill	John_Herschel	1
John_Stuart_Mill	Joseph_Priestley	2
John_Stuart_Mill	Karl_Marx	1
John_Stuart_Mill	Lucian	1
John_Stuart_Mill	Oliver_Wendell_Holmes_Jr.	1
John_Stuart_Mill	Plato	1
John_Stuart_Mill	Sir_William_Hamilton,_9th_Baronet	1
John_Stuart_Mill	Socrates	1
John_Stuart_Mill	Thomas_Carlyle	3
John_Stuart_Mill	William_Whewell	1
John_Stuart_Mill	Xenophon	1
John_Theophilus_Desaguliers	Francis_Bacon	1
John_Theophilus_Desaguliers	Isaac_Newton	2
John_Theophilus_Desaguliers	Robert_Boyle	1
John_Toland	Algernon_Sidney	2
John_Toland	Anthony_Ashley-Cooper,_3rd_Earl_of_Shaftesbury	1
John_Toland	Anthony_Collins_(philosopher)	1
John_Toland	Baron_d'Holbach	1
John_Toland	Baruch_Spinoza	1
John_Toland	David_Hume	1
John_Toland	Edmund_Burke	1
John_Toland	Edward_Stillingfleet	2
John_Toland	George_Berkeley	1
John_Toland	James_Harrington_(author)	2
John_Toland	John_Locke	3
John_Toland	Matthew_Tindal	1
John_Toland	Montesquieu	1
John_Toland	Voltaire	1
John_Veitch_(poet)	Henry_Longueville_Mansel	1
John_Veitch_(poet)	René_Descartes	1
John_Veitch_(poet)	Sir_William_Hamilton,_9th_Baronet	1
John_Venn	George_Boole	1
John_Witherspoon	David_Hume	1
John_Witherspoon	Dugald_Stewart	1
John_Witherspoon	Francis_Hutcheson_(philosopher)	2
John_Witherspoon	James_Beattie_(poet)	1
John_Witherspoon	John_Calvin	1
John_Witherspoon	Jonathan_Edwards_(theologian)	1
John_Witherspoon	Montesquieu	1
John_Witherspoon	Niccolò_Machiavelli	1
John_Witherspoon	Thomas_Reid	1
John_Wycliffe	Augustine_of_Hippo	1
John_Wycliffe	Democritus	1
John_Wycliffe	Erasmus	1
John_Wycliffe	Jan_Hus	4
John_Wycliffe	John_Calvin	1
John_Wycliffe	Martin_Luther	2
John_Wycliffe	Plato	1
John_Wycliffe	Pseudo-Dionysius_the_Areopagite	1
John_Wycliffe	Robert_Grosseteste	1
John_Wycliffe	Thomas_Aquinas	1
John_Wycliffe	Thomas_Bradwardine	1
John_Wycliffe	William_of_Ockham	1
John_of_Damascus	Euclid	1
John_of_Damascus	Porphyry_of_Tyre	1
John_of_Damascus	Pythagoras	1
John_of_Jandun	Aristotle	3
John_of_Jandun	Galileo_Galilei	1
John_of_Jandun	Marsilius_of_Padua	1
John_of_Jandun	Pietro_d'Abano	1
John_of_La_Rochelle	Alexander_of_Hales	2
John_of_La_Rochelle	Avicenna	1
John_of_La_Rochelle	William_of_Auvergne	1
John_of_Mirecourt	Gregory_of_Rimini	1
John_of_Mirecourt	Nicholas_of_Autrecourt	1
John_of_Mirecourt	Peter_Lombard	1
John_of_Mirecourt	Thomas_Bradwardine	1
John_of_Mirecourt	William_of_Ockham	2
John_of_Paris	Giles_of_Rome	1
John_of_Ruusbroec	Denis_the_Carthusian	1
John_of_Ruusbroec	Jean_Gerson	1
John_of_Ruusbroec	Johannes_Tauler	2
John_of_Ruusbroec	Thomas_à_Kempis	1
John_of_Salisbury	Aristotle	1
John_of_Salisbury	Bernard_of_Chartres	2
John_of_Salisbury	Bernard_of_Clairvaux	1
John_of_Salisbury	Calcidius	1
John_of_Salisbury	Cicero	1
John_of_Salisbury	Epicurus	1
John_of_Salisbury	Gilbert_de_la_Porrée	1
John_of_Salisbury	Plato	1
John_of_Salisbury	William_of_Conches	1
John_of_St._Thomas	Thomas_Aquinas	1
Jonathan_Edwards_(theologian)	Isaac_Newton	1
Jonathan_Edwards_(theologian)	John_Locke	1
Jonathan_Edwards_(theologian)	René_Descartes	1
Jonathan_Edwards_(theologian)	Thomas_Hobbes	1
Joseph_Butler	Adam_Smith	1
Joseph_Butler	C._D._Broad	1
Joseph_Butler	David_Hume	1
Joseph_Butler	Henry_Sidgwick	1
Joseph_Butler	John_Henry_Newman	1
Joseph_Butler	John_Locke	2
Joseph_Butler	John_Toland	1
Joseph_Butler	Matthew_Tindal	1
Joseph_Butler	Samuel_Clarke	1
Joseph_Butler	Thomas_Hobbes	2
Joseph_Butler	Thomas_Reid	1
Joseph_Glanvill	Anne_Conway_(philosopher)	1
Joseph_Glanvill	Aristotle	1
Joseph_Glanvill	Baruch_Spinoza	1
Joseph_Glanvill	Christian_Thomasius	1
Joseph_Glanvill	Francis_Bacon	1
Joseph_Glanvill	Franciscus_Mercurius_van_Helmont	1
Joseph_Glanvill	Henry_More	1
Joseph_Glanvill	Ralph_Cudworth	1
Joseph_Glanvill	Robert_Boyle	1
Joseph_Glanvill	Thomas_Hobbes	1
Joseph_Glanvill	Thomas_White_(scholar)	1
Joseph_Priestley	Alexander_Bain_(philosopher)	1
Joseph_Priestley	Baron_d'Holbach	1
Joseph_Priestley	Baruch_Spinoza	1
Joseph_Priestley	Benjamin_Franklin	1
Joseph_Priestley	David_Hartley_(philosopher)	2
Joseph_Priestley	David_Hume	1
Joseph_Priestley	Edmund_Burke	1
Joseph_Priestley	Gottfried_Wilhelm_Leibniz	2
Joseph_Priestley	Herbert_Spencer	3
Joseph_Priestley	Immanuel_Kant	1
Joseph_Priestley	James_Clerk_Maxwell	1
Joseph_Priestley	Jeremy_Bentham	2
Joseph_Priestley	Jesus	1
Joseph_Priestley	John_Adams	1
Joseph_Priestley	John_Locke	2
Joseph_Priestley	John_Stuart_Mill	2
Joseph_Priestley	Ralph_Cudworth	1
Joseph_Priestley	René_Descartes	1
Joseph_Priestley	Richard_Price	2
Joseph_Priestley	Samuel_Taylor_Coleridge	1
Joseph_Priestley	Thomas_Jefferson	1
Joseph_Priestley	Thomas_Paine	2
Joseph_Priestley	William_Blackstone	1
Joseph_Schumpeter	Adam_Smith	2
Joseph_Schumpeter	David_Ricardo	1
Joseph_Schumpeter	Friedrich_Hayek	1
Joseph_Schumpeter	Hans_Kelsen	1
Joseph_Schumpeter	John_Maynard_Keynes	2
Joseph_Schumpeter	Karl_Marx	2
Joseph_Schumpeter	Max_Weber	2
Joseph_Schumpeter	Vilfredo_Pareto	1
Joseph_Solomon_Delmedigo	Baruch_Spinoza	1
Joseph_Solomon_Delmedigo	Elia_del_Medigo	2
Joseph_Solomon_Delmedigo	Galileo_Galilei	2
Joseph_Solomon_Delmedigo	Hippocrates	1
Joseph_de_Maistre	Auguste_Comte	1
Joseph_de_Maistre	Benedetto_Croce	1
Joseph_de_Maistre	Carl_Schmitt	1
Joseph_de_Maistre	Edmund_Burke	3
Joseph_de_Maistre	Francis_Bacon	1
Joseph_de_Maistre	Galileo_Galilei	1
Joseph_de_Maistre	Germaine_de_Staël	1
Joseph_de_Maistre	Henri_de_Saint-Simon	1
Joseph_de_Maistre	Isaac_Newton	1
Joseph_de_Maistre	Jean-Jacques_Rousseau	1
Joseph_de_Maistre	Johannes_Kepler	1
Joseph_de_Maistre	Juan_Donoso_Cortés	1
Joseph_de_Maistre	Leo_Tolstoy	1
Joseph_de_Maistre	Louis_de_Bonald	1
Joseph_de_Maistre	Lucien_Lévy-Bruhl	1
Joseph_de_Maistre	Plato	2
Joseph_de_Maistre	Plutarch	1
Joseph_de_Maistre	Walter_Benjamin	1
Joseph_ibn_Tzaddik	Abraham_ibn_Daud	1
Joseph_ibn_Tzaddik	Bahya_ibn_Paquda	2
Joseph_ibn_Tzaddik	Judah_Halevi	1
Joseph_ibn_Tzaddik	Maimonides	3
Joseph_ibn_Tzaddik	Plato	2
Joseph_ibn_Tzaddik	Saadia_Gaon	3
Joseph_ibn_Tzaddik	Samuel_ibn_Tibbon	1
Joseph_ibn_Tzaddik	Solomon_ibn_Gabirol	1
Josephus_Flavius_Cook	Mary_Baker_Eddy	1
Josiah_Royce	Alain_LeRoy_Locke	1
Josiah_Royce	Alfred_North_Whitehead	1
Josiah_Royce	Bertrand_Russell	1
Josiah_Royce	C._I._Lewis	2
Josiah_Royce	Charles_Sanders_Peirce	2
Josiah_Royce	Curt_John_Ducasse	1
Josiah_Royce	F._H._Bradley	1
Josiah_Royce	Georg_Wilhelm_Friedrich_Hegel	1
Josiah_Royce	George_Herbert_Mead	1
Josiah_Royce	George_Santayana	1
Josiah_Royce	Hermann_Lotze	2
Josiah_Royce	Ralph_Barton_Perry	1
Josiah_Royce	Wilhelm_Windelband	1
Josiah_Royce	Wilhelm_Wundt	1
Josiah_Royce	William_Ernest_Hocking	2
Josiah_Royce	William_James	4
José_Ortega_y_Gasset	Benedetto_Croce	1
José_Ortega_y_Gasset	Bertrand_Russell	1
José_Ortega_y_Gasset	Edmund_Husserl	2
José_Ortega_y_Gasset	Franz_Brentano	1
José_Ortega_y_Gasset	Galileo_Galilei	1
José_Ortega_y_Gasset	Georg_Simmel	1
José_Ortega_y_Gasset	Gottfried_Wilhelm_Leibniz	1
José_Ortega_y_Gasset	Hans_Driesch	1
José_Ortega_y_Gasset	Hermann_Cohen	3
José_Ortega_y_Gasset	Immanuel_Kant	2
José_Ortega_y_Gasset	Johann_Wolfgang_von_Goethe	1
José_Ortega_y_Gasset	John_Stuart_Mill	1
José_Ortega_y_Gasset	Martin_Heidegger	1
José_Ortega_y_Gasset	Oswald_Spengler	1
José_Ortega_y_Gasset	Paul_Natorp	3
José_Ortega_y_Gasset	Plato	1
José_Ortega_y_Gasset	René_Descartes	2
José_Ortega_y_Gasset	Wilhelm_Dilthey	3
José_Ortega_y_Gasset	William_James	1
José_Ortega_y_Gasset	Xavier_Zubiri	3
Juan_Donoso_Cortés	Carl_Schmitt	1
Juan_Donoso_Cortés	Jean-Jacques_Rousseau	1
Juan_Donoso_Cortés	John_Locke	1
Juan_Donoso_Cortés	Joseph_de_Maistre	1
Juan_Donoso_Cortés	Louis_de_Bonald	1
Juan_Luis_Vives	Aristotle	1
Juan_Luis_Vives	Augustine_of_Hippo	1
Juan_Luis_Vives	Erasmus	3
Juan_Luis_Vives	Francis_Bacon	1
Juan_Luis_Vives	Galen	1
Juan_Luis_Vives	Hippocrates	1
Juan_Luis_Vives	Jean-Jacques_Rousseau	1
Juan_Luis_Vives	John_Henry_Newman	1
Juan_Luis_Vives	Michel_de_Montaigne	1
Juan_Luis_Vives	Sigmund_Freud	1
Juan_Luis_Vives	Thomas_More	2
Juan_de_Mariana	Francisco_Suárez	1
Juan_de_Mariana	Gabriel_Biel	1
Juan_de_Mariana	Thomas_Aquinas	1
Judah_Halevi	Abraham_ibn_Ezra	2
Judah_Halevi	Al-Ghazali	1
Judah_Halevi	Joseph_ibn_Tzaddik	1
Judah_Halevi	Maimonides	1
Judah_Halevi	Moses_ibn_Ezra	4
Judah_Halevi	Solomon_ibn_Gabirol	1
Judah_Leon_Abravanel	Aristotle	1
Judah_Leon_Abravanel	Elia_del_Medigo	1
Judah_Leon_Abravanel	Giovanni_Pico_della_Mirandola	1
Judah_Leon_Abravanel	Isaac_Abarbanel	3
Judah_Leon_Abravanel	Maimonides	1
Judah_Leon_Abravanel	Marsilio_Ficino	1
Judah_Leon_Abravanel	Plato	1
Judah_Leon_Abravanel	Plotinus	1
Judah_Leon_Abravanel	Solomon_ibn_Gabirol	1
Judah_Leon_Abravanel	Yohanan_Alemanno	1
Judah_Messer_Leon	Averroes	1
Judah_Messer_Leon	Cicero	1
Judah_Messer_Leon	Joseph_Solomon_Delmedigo	1
Judah_Messer_Leon	Maimonides	1
Judah_Messer_Leon	Yohanan_Alemanno	1
Judah_ben_Moses_Romano	Albertus_Magnus	1
Judah_ben_Moses_Romano	Dante_Alighieri	1
Judah_ben_Moses_Romano	Dominicus_Gundissalinus	1
Judah_ben_Moses_Romano	Giles_of_Rome	1
Judah_ben_Moses_Romano	Immanuel_the_Roman	1
Judah_ben_Moses_Romano	Thomas_Aquinas	1
Judah_ben_Samuel_of_Regensburg	Abraham_ibn_Ezra	1
Judah_ben_Samuel_of_Regensburg	Maimonides	1
Judah_ben_Samuel_of_Regensburg	Saadia_Gaon	1
Jules_Barthélemy-Saint-Hilaire	Aristotle	1
Jules_Barthélemy-Saint-Hilaire	Victor_Cousin	1
Jules_Lachelier	Félix_Ravaisson-Mollien	2
Jules_Lachelier	Henri_Bergson	1
Jules_Lachelier	Immanuel_Kant	1
Jules_Lachelier	Victor_Cousin	1
Jules_Lachelier	Émile_Boutroux	2
Jules_Lachelier	Émile_Meyerson	1
Jules_Lequier	Jules_Barthélemy-Saint-Hilaire	1
Julien_Benda	Henri_Bergson	1
Julien_Benda	Johann_Gottlieb_Fichte	1
Julien_Offray_de_La_Mettrie	Baron_d'Holbach	1
Julien_Offray_de_La_Mettrie	Christiaan_Huygens	1
Julien_Offray_de_La_Mettrie	Denis_Diderot	1
Julien_Offray_de_La_Mettrie	Friedrich_Albert_Lange	2
Julien_Offray_de_La_Mettrie	Mary_Whiton_Calkins	1
Julien_Offray_de_La_Mettrie	Pierre_Jean_Georges_Cabanis	1
Julien_Offray_de_La_Mettrie	René_Descartes	1
Julien_Offray_de_La_Mettrie	Voltaire	1
Julien_Offray_de_La_Mettrie	Émilie_du_Châtelet	1
Julius_Caesar_Scaliger	Aristotle	1
Julius_Caesar_Scaliger	Cicero	1
Julius_Caesar_Scaliger	Erasmus	1
Julius_Caesar_Scaliger	Francis_Bacon	1
Julius_Caesar_Scaliger	Galen	1
Julius_Caesar_Scaliger	Gerolamo_Cardano	1
Julius_Caesar_Scaliger	Gottfried_Wilhelm_Leibniz	2
Julius_Caesar_Scaliger	Hippocrates	1
Julius_Caesar_Scaliger	Johannes_Kepler	1
Julius_Caesar_Scaliger	Justus_Lipsius	1
Julius_Caesar_Scaliger	Lorenzo_Valla	1
Julius_Caesar_Scaliger	Nicolaus_Copernicus	1
Julius_Caesar_Scaliger	Pierre_Daniel_Huet	1
Julius_Caesar_Scaliger	Seneca_the_Younger	1
Julius_Caesar_Scaliger	Sir_William_Hamilton,_9th_Baronet	1
Julius_Caesar_Scaliger	Theophrastus	1
Julius_Ebbinghaus	Immanuel_Kant	1
Julius_Ebbinghaus	Wilhelm_Windelband	1
Julius_Evola	Benedetto_Croce	2
Julius_Evola	Carl_Jung	1
Julius_Evola	Carl_Schmitt	1
Julius_Evola	Carlo_Michelstaedter	2
Julius_Evola	Dante_Alighieri	1
Julius_Evola	Ernst_Jünger	3
Julius_Evola	Friedrich_Nietzsche	1
Julius_Evola	Gaetano_Mosca	1
Julius_Evola	Georg_Wilhelm_Friedrich_Hegel	1
Julius_Evola	Georges_Sorel	1
Julius_Evola	Giovanni_Gentile	1
Julius_Evola	Herbert_Marcuse	1
Julius_Evola	Joseph_de_Maistre	2
Julius_Evola	José_Ortega_y_Gasset	1
Julius_Evola	Juan_Donoso_Cortés	1
Julius_Evola	Laozi	1
Julius_Evola	Martin_Heidegger	1
Julius_Evola	Max_Stirner	1
Julius_Evola	Novalis	2
Julius_Evola	Oswald_Spengler	2
Julius_Evola	Otto_Weininger	6
Julius_Evola	Plato	2
Julius_Evola	Thomas_Aquinas	1
Julius_Evola	Vilfredo_Pareto	1
Julius_Hare_(theologian)	Friedrich_Schiller	1
Julius_Hare_(theologian)	Johann_Wolfgang_von_Goethe	1
Julius_Hare_(theologian)	Martin_Luther	1
Julius_Hare_(theologian)	Thomas_Carlyle	1
Justinian_I	Dante_Alighieri	1
Justus_Lipsius	Hugo_Grotius	1
Justus_Lipsius	Seneca_the_Younger	2
Józef_Maria_Hoene-Wroński	Władysław_Tatarkiewicz	1
Kabir	Adi_Shankara	1
Kabir	Rabindranath_Tagore	3
Kaibara_Ekken	Charles_Darwin	1
Kaibara_Ekken	Zhu_Xi	1
Kang_Youwei	Charles_Fourier	1
Kang_Youwei	Confucius	2
Kang_Youwei	Karl_Jaspers	1
Kang_Youwei	Liang_Qichao	2
Kang_Youwei	Mao_Zedong	1
Kang_Youwei	Sun_Yat-sen	2
Kapila	Gaudapada	1
Kapila	Hemachandra	1
Kapila	Max_Müller	1
Kapila	Patanjali	1
Kapila	The_Buddha	4
Kapila	Vasishtha	1
Karl_Barth	Anselm_of_Canterbury	1
Karl_Barth	Emil_Brunner	1
Karl_Barth	Friedrich_Schleiermacher	2
Karl_Barth	Martin_Heidegger	1
Karl_Barth	Reinhold_Niebuhr	1
Karl_Barth	Rudolf_Bultmann	1
Karl_Barth	Thomas_Aquinas	1
Karl_Christian_Friedrich_Krause	Arthur_Schopenhauer	2
Karl_Christian_Friedrich_Krause	Eduard_Zeller	1
Karl_Christian_Friedrich_Krause	Franz_Xaver_von_Baader	1
Karl_Christian_Friedrich_Krause	Friedrich_Wilhelm_Joseph_Schelling	2
Karl_Christian_Friedrich_Krause	Georg_Wilhelm_Friedrich_Hegel	1
Karl_Christian_Friedrich_Krause	Harald_Høffding	1
Karl_Christian_Friedrich_Krause	Johann_Gottlieb_Fichte	1
Karl_Christian_Friedrich_Krause	Wilhelm_Windelband	1
Karl_Jaspers	Baruch_Spinoza	1
Karl_Jaspers	Friedrich_Nietzsche	2
Karl_Jaspers	Georg_Wilhelm_Friedrich_Hegel	1
Karl_Jaspers	Immanuel_Kant	1
Karl_Jaspers	Johann_Wolfgang_von_Goethe	1
Karl_Jaspers	Max_Weber	2
Karl_Jaspers	Meister_Eckhart	1
Karl_Jaspers	Nicholas_of_Cusa	1
Karl_Jaspers	Plato	1
Karl_Jaspers	Rudolf_Bultmann	1
Karl_Jaspers	Sigmund_Freud	1
Karl_Jaspers	Søren_Kierkegaard	1
Karl_Kautsky	Charles_Darwin	2
Karl_Kautsky	Eduard_Bernstein	5
Karl_Kautsky	Ernst_Haeckel	2
Karl_Kautsky	Ferdinand_Lassalle	1
Karl_Kautsky	Friedrich_Engels	4
Karl_Kautsky	Georgi_Plekhanov	2
Karl_Kautsky	Herbert_Spencer	1
Karl_Kautsky	Karl_Marx	2
Karl_Kautsky	Leon_Trotsky	1
Karl_Kautsky	Ludwig_Büchner	1
Karl_Kautsky	Rosa_Luxemburg	4
Karl_Kautsky	Vladimir_Lenin	3
Karl_Kautsky	Walter_Benjamin	1
Karl_Kraus_(writer)	Johann_Wolfgang_von_Goethe	1
Karl_Kraus_(writer)	Sigmund_Freud	1
Karl_Kraus_(writer)	Walter_Benjamin	1
Karl_Leonhard_Reinhold	Christoph_Gottfried_Bardili	1
Karl_Leonhard_Reinhold	Friedrich_Adolf_Trendelenburg	1
Karl_Leonhard_Reinhold	Friedrich_Heinrich_Jacobi	2
Karl_Leonhard_Reinhold	Friedrich_Hölderlin	1
Karl_Leonhard_Reinhold	Friedrich_Schiller	1
Karl_Leonhard_Reinhold	Friedrich_Schlegel	1
Karl_Leonhard_Reinhold	Friedrich_Wilhelm_Joseph_Schelling	1
Karl_Leonhard_Reinhold	Georg_Wilhelm_Friedrich_Hegel	1
Karl_Leonhard_Reinhold	Gottlob_Ernst_Schulze	1
Karl_Leonhard_Reinhold	Harald_Høffding	1
Karl_Leonhard_Reinhold	Immanuel_Kant	3
Karl_Leonhard_Reinhold	Johann_Gottlieb_Fichte	3
Karl_Leonhard_Reinhold	Novalis	1
Karl_Leonhard_Reinhold	Salomon_Maimon	1
Karl_Leonhard_Reinhold	Wilhelm_Windelband	1
Karl_Llewellyn	Wesley_Newcomb_Hohfeld	2
Karl_Mannheim	Edmund_Husserl	1
Karl_Mannheim	Fyodor_Dostoevsky	1
Karl_Mannheim	Georg_Simmel	2
Karl_Mannheim	György_Lukács	2
Karl_Mannheim	Hans_Freyer	1
Karl_Mannheim	Immanuel_Kant	1
Karl_Mannheim	Karl_Marx	1
Karl_Mannheim	Martin_Heidegger	1
Karl_Mannheim	Max_Horkheimer	1
Karl_Mannheim	Max_Scheler	2
Karl_Mannheim	Max_Weber	2
Karl_Mannheim	Michael_Polanyi	1
Karl_Mannheim	Sigmund_Freud	1
Karl_Mannheim	Søren_Kierkegaard	1
Karl_Mannheim	Walter_Benjamin	1
Karl_Mannheim	Wilhelm_Dilthey	1
Karl_Marx	Adam_Smith	2
Karl_Marx	Antonio_Gramsci	2
Karl_Marx	Arnold_Ruge	1
Karl_Marx	Auguste_Comte	1
Karl_Marx	Baron_d'Holbach	1
Karl_Marx	Bruno_Bauer	7
Karl_Marx	Charles_Darwin	1
Karl_Marx	Charles_Fourier	2
Karl_Marx	Claude_Adrien_Helvétius	1
Karl_Marx	David_Ricardo	3
Karl_Marx	Democritus	1
Karl_Marx	Denis_Diderot	1
Karl_Marx	Epicurus	1
Karl_Marx	Ferdinand_Lassalle	1
Karl_Marx	Friedrich_Carl_von_Savigny	1
Karl_Marx	Friedrich_Engels	8
Karl_Marx	Georg_Wilhelm_Friedrich_Hegel	5
Karl_Marx	Henri_de_Saint-Simon	2
Karl_Marx	Immanuel_Kant	1
Karl_Marx	James_Mill	1
Karl_Marx	Jean-Jacques_Rousseau	1
Karl_Marx	Karl_Kautsky	1
Karl_Marx	Ludwig_Feuerbach	6
Karl_Marx	Mao_Zedong	1
Karl_Marx	Max_Stirner	2
Karl_Marx	Max_Weber	1
Karl_Marx	Mikhail_Bakunin	3
Karl_Marx	Montesquieu	1
Karl_Marx	Moses_Hess	1
Karl_Marx	Pierre-Joseph_Proudhon	3
Karl_Marx	Rosa_Luxemburg	2
Karl_Marx	Søren_Kierkegaard	1
Karl_Marx	Vladimir_Lenin	1
Karl_Marx	Voltaire	1
Karl_Olivecrona	Axel_Hägerström	1
Karl_Renner	Vladimir_Lenin	1
Karl_Rosenkranz	Bruno_Bauer	1
Karl_Rosenkranz	David_Strauss	1
Karl_Rosenkranz	Friedrich_Schleiermacher	1
Karl_Rosenkranz	Georg_Wilhelm_Friedrich_Hegel	3
Karl_Rosenkranz	Immanuel_Kant	1
Karl_Rosenkranz	Ludwig_Feuerbach	1
Karl_Wilhelm_Ferdinand_Solger	Friedrich_Wilhelm_Joseph_Schelling	1
Karl_Wilhelm_Ferdinand_Solger	Georg_Wilhelm_Friedrich_Hegel	1
Karl_Wilhelm_Ferdinand_Solger	Johann_Gottlieb_Fichte	1
Karl_von_Prantl	Aristotle	1
Karl_von_Prantl	Georg_Wilhelm_Friedrich_Hegel	1
Kavindra_Tirtha	Madhvacharya	1
Kazimierz_Ajdukiewicz	David_Hilbert	1
Kazimierz_Ajdukiewicz	Edmund_Husserl	2
Kazimierz_Ajdukiewicz	Immanuel_Kant	1
Kazimierz_Ajdukiewicz	Jan_Łukasiewicz	1
Kazimierz_Ajdukiewicz	Kazimierz_Twardowski	2
Kazimierz_Ajdukiewicz	Leonard_Nelson	1
Kazimierz_Ajdukiewicz	Rudolf_Carnap	1
Kazimierz_Ajdukiewicz	Tadeusz_Kotarbiński	1
Kazimierz_Twardowski	Alexius_Meinong	1
Kazimierz_Twardowski	Edmund_Husserl	1
Kazimierz_Twardowski	Franz_Brentano	3
Kazimierz_Twardowski	Jan_Łukasiewicz	3
Kazimierz_Twardowski	Kazimierz_Ajdukiewicz	2
Kazimierz_Twardowski	Roman_Ingarden	1
Kazimierz_Twardowski	Stanisław_Leśniewski	3
Kazimierz_Twardowski	Tadeusz_Czeżowski	1
Kazimierz_Twardowski	Tadeusz_Kotarbiński	2
Kazimierz_Twardowski	Władysław_Tatarkiewicz	1
Kaṇāda	Democritus	1
Kaṇāda	Leucippus	1
Kenelm_Digby	John_Selden	1
Kenelm_Digby	Marin_Mersenne	1
Kenelm_Digby	Thomas_Hobbes	1
Kenelm_Digby	Thomas_White_(scholar)	1
Kitarō_Nishida	Adam_Smith	1
Kitarō_Nishida	Anthony_Ashley-Cooper,_3rd_Earl_of_Shaftesbury	1
Kitarō_Nishida	Aristotle	2
Kitarō_Nishida	Augustine_of_Hippo	2
Kitarō_Nishida	Baruch_Spinoza	1
Kitarō_Nishida	Bernard_Bolzano	1
Kitarō_Nishida	Bertrand_Russell	1
Kitarō_Nishida	David_Hartley_(philosopher)	1
Kitarō_Nishida	David_Hume	2
Kitarō_Nishida	Francis_Hutcheson_(philosopher)	1
Kitarō_Nishida	Georg_Wilhelm_Friedrich_Hegel	1
Kitarō_Nishida	Gottfried_Wilhelm_Leibniz	1
Kitarō_Nishida	Hajime_Tanabe	1
Kitarō_Nishida	Harald_Høffding	1
Kitarō_Nishida	Henri_Bergson	3
Kitarō_Nishida	Henri_Poincaré	1
Kitarō_Nishida	Henry_Sidgwick	1
Kitarō_Nishida	Herbert_Spencer	1
Kitarō_Nishida	Hermann_Cohen	2
Kitarō_Nishida	Hermann_Lotze	1
Kitarō_Nishida	Immanuel_Kant	2
Kitarō_Nishida	Jakob_Böhme	1
Kitarō_Nishida	James_Martineau	1
Kitarō_Nishida	Jeremy_Bentham	1
Kitarō_Nishida	Johann_Gottlieb_Fichte	1
Kitarō_Nishida	Johann_Wolfgang_von_Goethe	2
Kitarō_Nishida	John_Locke	1
Kitarō_Nishida	John_Stuart_Mill	1
Kitarō_Nishida	Joseph_Butler	1
Kitarō_Nishida	Leo_Tolstoy	1
Kitarō_Nishida	Meister_Eckhart	1
Kitarō_Nishida	Plato	1
Kitarō_Nishida	Plotinus	1
Kitarō_Nishida	Ralph_Cudworth	1
Kitarō_Nishida	Richard_Cumberland_(philosopher)	1
Kitarō_Nishida	Richard_Price	1
Kitarō_Nishida	Shinran	1
Kitarō_Nishida	T._H._Green	1
Kitarō_Nishida	Thomas_Hobbes	1
Kitarō_Nishida	Thomas_Reid	1
Kitarō_Nishida	Wilhelm_Wundt	1
Kitarō_Nishida	William_James	1
Kitarō_Nishida	William_Paley	1
Kiyoshi_Miki	Aristotle	1
Kiyoshi_Miki	Augustine_of_Hippo	1
Kiyoshi_Miki	Blaise_Pascal	3
Kiyoshi_Miki	Friedrich_Engels	1
Kiyoshi_Miki	Friedrich_Nietzsche	1
Kiyoshi_Miki	Friedrich_Schlegel	1
Kiyoshi_Miki	Georg_Wilhelm_Friedrich_Hegel	1
Kiyoshi_Miki	Hajime_Tanabe	1
Kiyoshi_Miki	Heinrich_Rickert	1
Kiyoshi_Miki	Henri_Poincaré	1
Kiyoshi_Miki	Hippolyte_Taine	1
Kiyoshi_Miki	Johann_Wolfgang_von_Goethe	1
Kiyoshi_Miki	Karl_Marx	1
Kiyoshi_Miki	Kitarō_Nishida	4
Kiyoshi_Miki	Lev_Shestov	1
Kiyoshi_Miki	Martin_Heidegger	1
Kiyoshi_Miki	René_Descartes	1
Kiyoshi_Miki	Shūzō_Kuki	1
Kiyoshi_Miki	Søren_Kierkegaard	1
Kiyoshi_Miki	Wilhelm_Dilthey	1
Konstantin_Aksakov	Aleksey_Khomyakov	1
Konstantin_Aksakov	Georg_Wilhelm_Friedrich_Hegel	2
Konstantin_Kavelin	Alexander_Herzen	1
Konstantin_Kavelin	Leo_Tolstoy	1
Konstantin_Kavelin	Peter_Kropotkin	1
Konstantin_Leontiev	Friedrich_Nietzsche	1
Konstantin_Leontiev	Fyodor_Dostoevsky	1
Konstantin_Leontiev	Leo_Tolstoy	1
Konstantin_Leontiev	Nikolay_Danilevsky	1
Konstantin_Leontiev	Oswald_Spengler	1
Konstantin_Pobedonostsev	Alexander_Herzen	1
Konstantin_Pobedonostsev	Konstantin_Leontiev	1
Konstantin_Pobedonostsev	Leo_Tolstoy	2
Kumazawa_Banzan	Wang_Yangming	1
Kumazawa_Banzan	Zhu_Xi	1
Kumārila_Bhaṭṭa	Adi_Shankara	1
Kumārila_Bhaṭṭa	Bhartṛhari	1
Kumārila_Bhaṭṭa	Dharmakirti	6
Kumārila_Bhaṭṭa	Dignāga	1
Kumārila_Bhaṭṭa	Prabhākara	1
Kumārila_Bhaṭṭa	The_Buddha	1
Kundakunda	Gaudapada	1
Kundakunda	Hemachandra	1
Kundakunda	Umaswati	1
Kuno_Fischer	Arthur_Schopenhauer	1
Kuno_Fischer	Baruch_Spinoza	3
Kuno_Fischer	David_Hume	1
Kuno_Fischer	Eduard_Zeller	1
Kuno_Fischer	Friedrich_Adolf_Trendelenburg	2
Kuno_Fischer	Friedrich_Nietzsche	1
Kuno_Fischer	Friedrich_Schiller	1
Kuno_Fischer	Friedrich_Wilhelm_Joseph_Schelling	1
Kuno_Fischer	Georg_Wilhelm_Friedrich_Hegel	3
Kuno_Fischer	George_Berkeley	1
Kuno_Fischer	Gottfried_Wilhelm_Leibniz	2
Kuno_Fischer	Gotthold_Ephraim_Lessing	1
Kuno_Fischer	Gottlob_Frege	2
Kuno_Fischer	Hans_Vaihinger	1
Kuno_Fischer	Hermann_Weyl	1
Kuno_Fischer	Immanuel_Kant	2
Kuno_Fischer	Johann_Gottlieb_Fichte	2
Kuno_Fischer	Johann_Wolfgang_von_Goethe	1
Kuno_Fischer	John_Locke	1
Kuno_Fischer	René_Descartes	2
Kuno_Fischer	Wilhelm_Dilthey	1
Kuno_Fischer	Wilhelm_Windelband	2
Kuno_Fischer	Wilhelm_Wundt	1
Kurt_Grelling	Bertrand_Russell	1
Kurt_Grelling	David_Hilbert	2
Kurt_Grelling	Ernst_Zermelo	1
Kurt_Grelling	Hans_Reichenbach	1
Kurt_Grelling	Leonard_Nelson	1
Kurt_Lewin	Carl_Stumpf	2
Kurt_Lewin	Sigmund_Freud	1
Kurt_Lewin	Wolfgang_Köhler	1
L._E._J._Brouwer	Albert_Einstein	1
L._E._J._Brouwer	Arthur_Schopenhauer	1
L._E._J._Brouwer	David_Hilbert	3
L._E._J._Brouwer	Hermann_Weyl	2
L._E._J._Brouwer	Victoria,_Lady_Welby	1
Lady_Mary_Shepherd	Charles_Babbage	2
Lady_Mary_Shepherd	David_Hume	1
Lady_Mary_Shepherd	David_Ricardo	1
Lady_Mary_Shepherd	George_Berkeley	1
Lady_Mary_Shepherd	Robert_Blakey_(writer)	1
Lady_Mary_Shepherd	Samuel_Taylor_Coleridge	2
Lady_Mary_Shepherd	Thomas_Brown_(philosopher)	1
Lady_Mary_Shepherd	Thomas_Reid	1
Lady_Mary_Shepherd	William_Whewell	2
Laetitia_Matilda_Hawkins	Samuel_Johnson	1
Laozi	Confucius	4
Laozi	Friedrich_Hayek	1
Laozi	Mencius	1
Laozi	Peter_Kropotkin	1
Laozi	The_Buddha	1
Laozi	Zhuang_Zhou	3
Leo_Strauss	Adam_Smith	1
Leo_Strauss	Al-Farabi	4
Leo_Strauss	Aristotle	3
Leo_Strauss	Auguste_Comte	1
Leo_Strauss	Baruch_Spinoza	1
Leo_Strauss	Carl_Schmitt	2
Leo_Strauss	Cicero	2
Leo_Strauss	David_Hume	1
Leo_Strauss	Edmund_Burke	1
Leo_Strauss	Edmund_Husserl	2
Leo_Strauss	Ernst_Cassirer	2
Leo_Strauss	Francis_Bacon	1
Leo_Strauss	Franz_Rosenzweig	1
Leo_Strauss	Friedrich_Nietzsche	2
Leo_Strauss	Georg_Wilhelm_Friedrich_Hegel	1
Leo_Strauss	Gotthold_Ephraim_Lessing	1
Leo_Strauss	Hermann_Cohen	1
Leo_Strauss	Jean-Jacques_Rousseau	1
Leo_Strauss	John_Locke	2
Leo_Strauss	Leon_Trotsky	1
Leo_Strauss	Lev_Shestov	1
Leo_Strauss	Maimonides	4
Leo_Strauss	Martin_Heidegger	3
Leo_Strauss	Max_Weber	2
Leo_Strauss	Niccolò_Machiavelli	3
Leo_Strauss	Plato	3
Leo_Strauss	Socrates	2
Leo_Strauss	Thomas_Aquinas	1
Leo_Strauss	Thomas_Hobbes	4
Leo_Strauss	Walter_Benjamin	3
Leo_Strauss	Xenophon	1
Leo_Strauss	Étienne_Gilson	1
Leo_Tolstoy	Alexander_Herzen	1
Leo_Tolstoy	Arthur_Schopenhauer	1
Leo_Tolstoy	Confucius	1
Leo_Tolstoy	Francis_of_Assisi	1
Leo_Tolstoy	Fyodor_Dostoevsky	1
Leo_Tolstoy	Henri_de_Saint-Simon	1
Leo_Tolstoy	Henry_David_Thoreau	1
Leo_Tolstoy	Henry_George	2
Leo_Tolstoy	Kang_Youwei	1
Leo_Tolstoy	Laozi	1
Leo_Tolstoy	Ludwig_Wittgenstein	1
Leo_Tolstoy	Mahatma_Gandhi	5
Leo_Tolstoy	Mikhail_Bakunin	1
Leo_Tolstoy	Peter_Kropotkin	3
Leo_Tolstoy	Pierre-Joseph_Proudhon	2
Leo_Tolstoy	The_Buddha	1
Leo_Tolstoy	Vasily_Rozanov	1
Leo_Tolstoy	Vladimir_Lenin	1
Leon_Battista_Alberti	Al-Kindi	1
Leon_Battista_Alberti	Aristotle	1
Leon_Battista_Alberti	Erasmus	1
Leon_Battista_Alberti	Ibn_al-Haytham	3
Leon_Battista_Alberti	Jacob_Burckhardt	1
Leon_Battista_Alberti	John_Peckham	1
Leon_Battista_Alberti	Lucian	1
Leon_Battista_Alberti	Plotinus	1
Leon_Battista_Alberti	Roger_Bacon	1
Leon_Battista_Alberti	Vitello	1
Leon_Chwistek	Bertrand_Russell	1
Leon_Chwistek	David_Hilbert	1
Leon_Chwistek	Henri_Poincaré	1
Leon_Chwistek	Jan_Łukasiewicz	1
Leon_Chwistek	Stanisław_Ignacy_Witkiewicz	3
Leon_Trotsky	Albert_Einstein	1
Leon_Trotsky	Friedrich_Engels	2
Leon_Trotsky	Georgi_Plekhanov	2
Leon_Trotsky	John_Dewey	2
Leon_Trotsky	Karl_Marx	3
Leon_Trotsky	Mao_Zedong	1
Leon_Trotsky	Rosa_Luxemburg	1
Leon_Trotsky	Sigmund_Freud	1
Leon_Trotsky	Sun_Yat-sen	1
Leon_Trotsky	Vladimir_Lenin	2
Leonard_Hobhouse	Bernard_Bosanquet_(philosopher)	1
Leonard_Hobhouse	Edvard_Westermarck	1
Leonard_Hobhouse	Georg_Wilhelm_Friedrich_Hegel	1
Leonard_Hobhouse	John_Stuart_Mill	1
Leonard_Nelson	Albert_Einstein	1
Leonard_Nelson	David_Hilbert	2
Leonard_Nelson	Edmund_Husserl	1
Leonard_Nelson	Georg_Wilhelm_Friedrich_Hegel	1
Leonard_Nelson	Immanuel_Kant	1
Leonard_Nelson	Jakob_Friedrich_Fries	4
Leonard_Nelson	Kurt_Grelling	2
Leonard_Nelson	Moses_Mendelssohn	1
Leonard_Nelson	Rudolf_Otto	1
Leopold_Kronecker	Bernhard_Riemann	1
Leopold_Kronecker	David_Hilbert	1
Leopold_Kronecker	Georg_Cantor	2
Leopold_Kronecker	Richard_Dedekind	2
Leslie_Stephen	A._V._Dicey	1
Leslie_Stephen	Charles_Darwin	1
Leslie_Stephen	John_Venn	1
Leucippus	Anaximander	1
Leucippus	Aristotle	2
Leucippus	Democritus	3
Leucippus	Diogenes_Laertius	2
Leucippus	Diogenes_of_Apollonia	1
Leucippus	Empedocles	1
Leucippus	Epicurus	1
Leucippus	Erwin_Rohde	1
Leucippus	Gottfried_Wilhelm_Leibniz	1
Leucippus	Kaṇāda	1
Leucippus	Melissus_of_Samos	1
Leucippus	Parmenides	1
Leucippus	Paul_Natorp	1
Leucippus	Pierre_Gassendi	1
Leucippus	Plato	1
Leucippus	Pythagoras	1
Leucippus	Robert_Boyle	1
Leucippus	Simplicius_of_Cilicia	1
Leucippus	Socrates	1
Leucippus	Theophrastus	2
Leucippus	Zeno_of_Elea	2
Lev_Shestov	Alexander_Herzen	1
Lev_Shestov	Aristotle	1
Lev_Shestov	Baruch_Spinoza	1
Lev_Shestov	Blaise_Pascal	1
Lev_Shestov	Edmund_Husserl	3
Lev_Shestov	Friedrich_Nietzsche	2
Lev_Shestov	Fyodor_Dostoevsky	3
Lev_Shestov	Georg_Wilhelm_Friedrich_Hegel	1
Lev_Shestov	Georges_Bataille	5
Lev_Shestov	Gottfried_Wilhelm_Leibniz	1
Lev_Shestov	Immanuel_Kant	1
Lev_Shestov	Jesus	1
Lev_Shestov	Leo_Strauss	1
Lev_Shestov	Leo_Tolstoy	2
Lev_Shestov	Lucien_Lévy-Bruhl	1
Lev_Shestov	Martin_Luther	1
Lev_Shestov	Nikolai_Berdyaev	2
Lev_Shestov	Plotinus	1
Lev_Shestov	Sergei_Bulgakov	1
Lev_Shestov	Søren_Kierkegaard	3
Lev_Shestov	Vasily_Rozanov	1
Lev_Vygotsky	Jean_Piaget	1
Lev_Vygotsky	Karl_Marx	1
Lewis_Carroll	John_Henry_Newman	1
Lewis_Carroll	Sigmund_Freud	2
Li_Ao_(philosopher)	Han_Yu	1
Li_Kui_(legalist)	Han_Fei	1
Li_Kui_(legalist)	Shang_Yang	1
Li_Si	Han_Fei	2
Li_Si	Shang_Yang	2
Li_Si	Shen_Buhai	1
Li_Si	Xunzi_(philosopher)	1
Liang_Qichao	Confucius	1
Liang_Qichao	David_Hume	1
Liang_Qichao	Jean-Jacques_Rousseau	1
Liang_Qichao	Jeremy_Bentham	1
Liang_Qichao	John_Locke	1
Liang_Qichao	Kang_Youwei	5
Liang_Qichao	Laozi	1
Liang_Qichao	Mozi	1
Liang_Qichao	Rabindranath_Tagore	1
Liang_Qichao	Sun_Yat-sen	2
Liang_Qichao	Tan_Sitong	1
Liang_Qichao	Thomas_Hobbes	1
Liang_Shuming	Asanga	1
Liang_Shuming	Cai_Yuanpei	1
Liang_Shuming	Feng_Youlan	1
Liang_Shuming	Henri_Bergson	1
Liang_Shuming	Mao_Zedong	1
Linji_Yixuan	Bodhidharma	2
Linji_Yixuan	Guifeng_Zongmi	2
Linji_Yixuan	The_Buddha	1
Liu_An	Laozi	1
Liu_An	Zhu_Xi	1
Liu_Shaoqi	Friedrich_Engels	1
Liu_Shaoqi	Mao_Zedong	5
Lorenz_Oken	Friedrich_Wilhelm_Joseph_Schelling	1
Lorenz_Oken	Immanuel_Kant	1
Lorenz_Oken	Johann_Gottlieb_Fichte	1
Lorenz_Oken	Johann_Wolfgang_von_Goethe	1
Lorenzo_Valla	Bartolus_de_Saxoferrato	1
Lorenzo_Valla	Epicurus	1
Lorenzo_Valla	Erasmus	3
Lorenzo_Valla	Jacob_Burckhardt	1
Lorenzo_Valla	Martin_Luther	1
Lorenzo_Valla	Petrarch	1
Louis_Couturat	Aristotle	1
Louis_Couturat	Augustus_De_Morgan	1
Louis_Couturat	Bertrand_Russell	1
Louis_Couturat	Charles_Sanders_Peirce	2
Louis_Couturat	George_Boole	1
Louis_Couturat	Giuseppe_Peano	2
Louis_Couturat	Gottfried_Wilhelm_Leibniz	2
Louis_Couturat	Henri_Bergson	1
Louis_Couturat	Henri_Poincaré	1
Louis_Couturat	L._E._J._Brouwer	1
Louis_de_Bonald	Adam_Smith	1
Louis_de_Bonald	Félicité_de_La_Mennais	1
Louis_de_Bonald	Germaine_de_Staël	1
Louis_de_Bonald	Jean-Jacques_Rousseau	1
Louis_de_Bonald	Joseph_de_Maistre	1
Louis_de_Bonald	Juan_Donoso_Cortés	1
Louis_de_Bonald	Pierre-Simon_Ballanche	1
Louis_de_La_Forge	René_Descartes	1
Lu_Ban	Confucius	1
Lu_Ban	Mozi	1
Lu_Jiuyuan	Liang_Shuming	1
Lu_Jiuyuan	Mencius	3
Lu_Jiuyuan	Wang_Yangming	2
Lu_Jiuyuan	Zhu_Xi	3
Lu_Jiuyuan	Zhuang_Zhou	1
Luc_de_Clapiers,_marquis_de_Vauvenargues	Arthur_Schopenhauer	1
Luc_de_Clapiers,_marquis_de_Vauvenargues	Cicero	1
Luc_de_Clapiers,_marquis_de_Vauvenargues	Plutarch	2
Luc_de_Clapiers,_marquis_de_Vauvenargues	Seneca_the_Younger	1
Luc_de_Clapiers,_marquis_de_Vauvenargues	Voltaire	2
Lucian	Apuleius	1
Lucian	Bernard_Le_Bovier_de_Fontenelle	1
Lucian	Bertrand_Russell	1
Lucian	Chrysippus	1
Lucian	David_Hume	1
Lucian	Denis_Diderot	1
Lucian	Diogenes	2
Lucian	Epicurus	2
Lucian	Erasmus	1
Lucian	Francis_Bacon	1
Lucian	François_Fénelon	1
Lucian	François_Rabelais	2
Lucian	Friedrich_Nietzsche	1
Lucian	Heraclitus	1
Lucian	Johann_Wolfgang_von_Goethe	1
Lucian	Philostratus	1
Lucian	Photios_I_of_Constantinople	1
Lucian	Plato	1
Lucian	Plutarch	1
Lucian	Pyrrho	1
Lucian	Pythagoras	1
Lucian	Socrates	2
Lucian	Thomas_Carlyle	1
Lucian	Thomas_More	2
Lucian	Thucydides	1
Lucian	Voltaire	1
Lucien_Lévy-Bruhl	Carl_Jung	1
Lucien_Lévy-Bruhl	Émile_Boutroux	1
Lucien_Lévy-Bruhl	Étienne_Gilson	1
Lucilio_Vanini	Alexander_of_Aphrodisias	1
Lucilio_Vanini	Aristotle	2
Lucilio_Vanini	Arthur_Schopenhauer	1
Lucilio_Vanini	Averroes	2
Lucilio_Vanini	Boethius	1
Lucilio_Vanini	Cicero	1
Lucilio_Vanini	Diagoras_of_Melos	1
Lucilio_Vanini	Gerolamo_Cardano	2
Lucilio_Vanini	Giordano_Bruno	4
Lucilio_Vanini	Gottfried_Wilhelm_Leibniz	1
Lucilio_Vanini	Jesus	1
Lucilio_Vanini	Julius_Caesar_Scaliger	1
Lucilio_Vanini	Lucretius	1
Lucilio_Vanini	Marin_Mersenne	1
Lucilio_Vanini	Nicholas_of_Cusa	1
Lucilio_Vanini	Pierre_Bayle	1
Lucilio_Vanini	Pietro_Pomponazzi	2
Lucilio_Vanini	Protagoras	1
Lucilio_Vanini	Pythagoras	1
Lucilio_Vanini	Theodorus_the_Atheist	1
Lucilio_Vanini	Thomas_Aquinas	1
Lucretius	Charles_Darwin	1
Lucretius	Cicero	1
Lucretius	Epicurus	1
Lucretius	Michel_de_Montaigne	1
Lucretius	Pierre_Gassendi	1
Ludwig_Boltzmann	Albert_Einstein	1
Ludwig_Boltzmann	David_Hilbert	1
Ludwig_Boltzmann	Ernst_Mach	2
Ludwig_Boltzmann	Hermann_von_Helmholtz	2
Ludwig_Boltzmann	James_Clerk_Maxwell	5
Ludwig_Boltzmann	Max_Planck	3
Ludwig_Boltzmann	Philipp_Frank	1
Ludwig_Büchner	Charles_Darwin	1
Ludwig_Büchner	Friedrich_Albert_Lange	1
Ludwig_Feuerbach	Arnold_Ruge	1
Ludwig_Feuerbach	Baruch_Spinoza	1
Ludwig_Feuerbach	Francis_Bacon	1
Ludwig_Feuerbach	Friedrich_Engels	3
Ludwig_Feuerbach	Friedrich_Nietzsche	2
Ludwig_Feuerbach	Friedrich_Schleiermacher	1
Ludwig_Feuerbach	Georg_Wilhelm_Friedrich_Hegel	2
Ludwig_Feuerbach	George_Eliot	1
Ludwig_Feuerbach	Gottfried_Wilhelm_Leibniz	1
Ludwig_Feuerbach	Karl_Marx	3
Ludwig_Feuerbach	Martin_Luther	2
Ludwig_Feuerbach	Pierre_Bayle	1
Ludwig_Feuerbach	Sigmund_Freud	2
Ludwig_Wittgenstein	Alfred_North_Whitehead	1
Ludwig_Wittgenstein	Arthur_Schopenhauer	1
Ludwig_Wittgenstein	Augustine_of_Hippo	1
Ludwig_Wittgenstein	Baruch_Spinoza	1
Ludwig_Wittgenstein	Bertrand_Russell	6
Ludwig_Wittgenstein	C._D._Broad	1
Ludwig_Wittgenstein	Charles_Darwin	1
Ludwig_Wittgenstein	David_Hume	1
Ludwig_Wittgenstein	Ernst_Mach	1
Ludwig_Wittgenstein	Friedrich_Hayek	2
Ludwig_Wittgenstein	Friedrich_Waismann	1
Ludwig_Wittgenstein	Fyodor_Dostoevsky	2
Ludwig_Wittgenstein	G._E._Moore	5
Ludwig_Wittgenstein	Gottlob_Frege	4
Ludwig_Wittgenstein	H._A._Prichard	1
Ludwig_Wittgenstein	Immanuel_Kant	1
Ludwig_Wittgenstein	Johann_Wolfgang_von_Goethe	1
Ludwig_Wittgenstein	John_Maynard_Keynes	2
Ludwig_Wittgenstein	L._E._J._Brouwer	1
Ludwig_Wittgenstein	Leo_Tolstoy	2
Ludwig_Wittgenstein	Moritz_Schlick	1
Ludwig_Wittgenstein	Oets_Kolk_Bouwsma	1
Ludwig_Wittgenstein	Otto_Weininger	4
Ludwig_Wittgenstein	René_Descartes	1
Ludwig_Wittgenstein	Rudolf_Carnap	1
Ludwig_Wittgenstein	Søren_Kierkegaard	2
Ludwig_von_Mises	Edmund_Husserl	1
Ludwig_von_Mises	Friedrich_Hayek	6
Ludwig_von_Mises	Herbert_Marcuse	1
Ludwig_von_Mises	Immanuel_Kant	1
Ludwig_von_Mises	Max_Weber	2
Ludwig_von_Mises	Sigmund_Freud	1
Luigi_Guido_Grandi	Galileo_Galilei	1
Luigi_Guido_Grandi	Gottfried_Wilhelm_Leibniz	1
Luis_de_Molina	John_Calvin	1
Luis_de_Molina	Martin_Luther	1
Luis_de_Molina	Pedro_da_Fonseca_(philosopher)	2
Luis_de_Molina	Thomas_Aquinas	1
Lysander_Spooner	Benjamin_Tucker	1
Léon_Brunschvicg	Blaise_Pascal	1
Léon_Brunschvicg	Gaston_Bachelard	1
Léon_Brunschvicg	Michel_de_Montaigne	1
Léon_Brunschvicg	René_Descartes	1
Léon_Brunschvicg	Émile_Boutroux	1
Macrobius	Boethius	1
Macrobius	Cicero	1
Macrobius	John_Scotus_Eriugena	1
Madhava_Tirtha	Akshobhya_Tirtha	2
Madhava_Tirtha	Madhvacharya	2
Madhava_Tirtha	Narahari_Tirtha	2
Madhvacharya	Adi_Shankara	3
Madhvacharya	Akshobhya_Tirtha	1
Madhvacharya	Chaitanya_Mahaprabhu	2
Madhvacharya	Jayatirtha	1
Madhvacharya	Madhava_Tirtha	1
Madhvacharya	Narahari_Tirtha	1
Madhvacharya	Narayana_Panditacharya	1
Madhvacharya	Padmanabha_Tirtha	2
Madhvacharya	Ramanuja	3
Madhvacharya	Vyasatirtha	2
Mahapurna	Ramanuja	1
Mahatma_Gandhi	B._R._Ambedkar	2
Mahatma_Gandhi	Leo_Tolstoy	1
Mahatma_Gandhi	Rabindranath_Tagore	1
Maimonides	Abraham_Maimonides	2
Maimonides	Al-Farabi	2
Maimonides	Al-Ghazali	1
Maimonides	Albertus_Magnus	1
Maimonides	Aristotle	2
Maimonides	Averroes	2
Maimonides	Avicenna	3
Maimonides	Baruch_Spinoza	1
Maimonides	Duns_Scotus	1
Maimonides	Galen	2
Maimonides	Hasdai_Crescas	2
Maimonides	Immanuel_Kant	1
Maimonides	Judah_Halevi	1
Maimonides	Leo_Strauss	1
Maimonides	Samuel_ibn_Tibbon	1
Maimonides	Thomas_Aquinas	2
Maine_de_Biran	Arthur_Schopenhauer	1
Maine_de_Biran	Gottfried_Wilhelm_Leibniz	1
Maine_de_Biran	James_Mark_Baldwin	1
Maine_de_Biran	John_Locke	1
Maine_de_Biran	Joseph_Butler	1
Maine_de_Biran	Lucien_Lévy-Bruhl	1
Maine_de_Biran	Pierre_Laromiguière	1
Maine_de_Biran	Victor_Cousin	1
Maine_de_Biran	Étienne_Bonnot_de_Condillac	1
Maitreyi	Adi_Shankara	1
Maitreyi	Max_Müller	1
Maitreyi	Yajnavalkya	2
Makkhali_Gosala	Buddhaghosa	1
Makkhali_Gosala	The_Buddha	1
Makkhali_Gosala	Zoroaster	1
Manilal_Dwivedi	Adi_Shankara	1
Manilal_Dwivedi	Henry_David_Thoreau	1
Manilal_Dwivedi	Leo_Tolstoy	1
Manilal_Dwivedi	Mahatma_Gandhi	1
Manilal_Dwivedi	Patanjali	1
Manilal_Dwivedi	Ralph_Waldo_Emerson	1
Manuel_Chrysoloras	Aristotle	2
Manuel_Chrysoloras	Cicero	1
Manuel_Chrysoloras	Erasmus	1
Manuel_Chrysoloras	Plato	2
Manuel_Chrysoloras	Ptolemy	1
Mao_Zedong	Adam_Smith	2
Mao_Zedong	Cai_Yuanpei	1
Mao_Zedong	Charles_Darwin	2
Mao_Zedong	Friedrich_Engels	1
Mao_Zedong	Herbert_Spencer	1
Mao_Zedong	Hu_Shih	1
Mao_Zedong	Jean-Jacques_Rousseau	2
Mao_Zedong	John_Stuart_Mill	1
Mao_Zedong	Karl_Kautsky	1
Mao_Zedong	Karl_Marx	1
Mao_Zedong	Liu_Shaoqi	6
Mao_Zedong	Montesquieu	2
Mao_Zedong	Peter_Kropotkin	1
Mao_Zedong	Sun_Tzu	1
Mao_Zedong	Sun_Yat-sen	2
Mao_Zedong	Thomas_Henry_Huxley	1
Mao_Zedong	Vladimir_Lenin	2
Mao_Zedong	Wang_Fuzhi	2
Marcelino_Menéndez_y_Pelayo	Georg_Wilhelm_Friedrich_Hegel	1
Marcus_Aurelius	Cicero	1
Marcus_Aurelius	Cleanthes	1
Marcus_Aurelius	Eusebius	2
Marcus_Aurelius	Galen	2
Marcus_Aurelius	Johann_Wolfgang_von_Goethe	1
Marcus_Aurelius	John_Stuart_Mill	1
Marcus_Aurelius	Philostratus	1
Marcus_Aurelius	Ptolemy	1
Marcus_Aurelius	Seneca_the_Younger	1
Marcus_Aurelius	Tertullian	2
Marcus_Aurelius	Zeno_of_Citium	1
Margaret_Cavendish,_Duchess_of_Newcastle-upon-Tyne	Aristotle	1
Margaret_Cavendish,_Duchess_of_Newcastle-upon-Tyne	Augustine_of_Hippo	1
Margaret_Cavendish,_Duchess_of_Newcastle-upon-Tyne	Cicero	1
Margaret_Cavendish,_Duchess_of_Newcastle-upon-Tyne	Henry_More	2
Margaret_Cavendish,_Duchess_of_Newcastle-upon-Tyne	Joseph_Glanvill	1
Margaret_Cavendish,_Duchess_of_Newcastle-upon-Tyne	Kenelm_Digby	1
Margaret_Cavendish,_Duchess_of_Newcastle-upon-Tyne	René_Descartes	1
Margaret_Cavendish,_Duchess_of_Newcastle-upon-Tyne	Robert_Boyle	1
Margaret_Cavendish,_Duchess_of_Newcastle-upon-Tyne	Thomas_Hobbes	1
Margaret_Cavendish,_Duchess_of_Newcastle-upon-Tyne	Walter_Charleton	1
Maria_Montessori	Giovanni_Gentile	1
Maria_Montessori	Jean_Piaget	1
Maria_Montessori	John_Dewey	1
Maria_Montessori	Rabindranath_Tagore	2
Maria_Montessori	Sigmund_Freud	1
Marin_Mersenne	Archimedes	1
Marin_Mersenne	Blaise_Pascal	1
Marin_Mersenne	Euclid	1
Marin_Mersenne	Galileo_Galilei	2
Marin_Mersenne	Gerolamo_Cardano	1
Marin_Mersenne	Giovanni_Pico_della_Mirandola	1
Marin_Mersenne	Heinrich_Cornelius_Agrippa	1
Marin_Mersenne	Johannes_Kepler	1
Marin_Mersenne	Lucilio_Vanini	1
Marin_Mersenne	Marsilio_Ficino	1
Marin_Mersenne	Paracelsus	1
Marin_Mersenne	Pierre_Gassendi	2
Marin_Mersenne	Pythagoras	1
Marin_Mersenne	René_Descartes	1
Marin_Mersenne	Robert_Fludd	2
Marin_Mersenne	Thomas_Hobbes	1
Marin_Mersenne	Tommaso_Campanella	1
Markandeya	Jaimini	2
Marquis_de_Condorcet	Adam_Smith	1
Marquis_de_Condorcet	Benjamin_Franklin	1
Marquis_de_Condorcet	Jean_Le_Rond_d'Alembert	2
Marquis_de_Condorcet	John_Adams	1
Marquis_de_Condorcet	Mary_Wollstonecraft	1
Marquis_de_Condorcet	Pierre_Jean_Georges_Cabanis	1
Marquis_de_Condorcet	Thomas_Paine	2
Marquis_de_Condorcet	Voltaire	2
Marquis_de_Sade	Baron_d'Holbach	1
Marquis_de_Sade	David_Hume	1
Marquis_de_Sade	Friedrich_Nietzsche	2
Marquis_de_Sade	Georges_Bataille	1
Marquis_de_Sade	Julien_Offray_de_La_Mettrie	1
Marquis_de_Sade	Max_Stirner	1
Marquis_de_Sade	Sigmund_Freud	2
Marsilio_Ficino	Ernst_Cassirer	1
Marsilio_Ficino	Gemistos_Plethon	1
Marsilio_Ficino	Giovanni_Pico_della_Mirandola	2
Marsilio_Ficino	Iamblichus	1
Marsilio_Ficino	Paracelsus	1
Marsilio_Ficino	Plato	1
Marsilio_Ficino	Plotinus	1
Marsilio_Ficino	Porphyry_of_Tyre	1
Marsilio_Ficino	Socrates	1
Marsilius_of_Inghen	Albert_of_Saxony_(philosopher)	1
Marsilius_of_Inghen	Aristotle	1
Marsilius_of_Inghen	Jean_Buridan	1
Marsilius_of_Inghen	Nicole_Oresme	1
Marsilius_of_Inghen	Thomas_Bradwardine	1
Marsilius_of_Inghen	William_of_Ockham	1
Marsilius_of_Padua	Aristotle	1
Marsilius_of_Padua	John_Calvin	1
Marsilius_of_Padua	John_of_Jandun	1
Marsilius_of_Padua	Martin_Luther	1
Marsilius_of_Padua	William_of_Ockham	1
Martin_Buber	Ahad_Ha'am	1
Martin_Buber	Carl_Jung	1
Martin_Buber	Felix_Weltsch	1
Martin_Buber	Franz_Rosenzweig	2
Martin_Buber	Friedrich_Nietzsche	1
Martin_Buber	Hermann_Cohen	1
Martin_Buber	Immanuel_Kant	1
Martin_Buber	Jakob_Böhme	1
Martin_Buber	Johann_Wolfgang_von_Goethe	1
Martin_Buber	Karl_Marx	1
Martin_Buber	Ludwig_Feuerbach	1
Martin_Buber	Nicholas_of_Cusa	1
Martin_Buber	Søren_Kierkegaard	2
Martin_Buber	Walter_Benjamin	1
Martin_Buber	Wilhelm_Dilthey	1
Martin_Heidegger	Anaximander	1
Martin_Heidegger	Aristotle	2
Martin_Heidegger	Augustine_of_Hippo	1
Martin_Heidegger	Bertrand_Russell	1
Martin_Heidegger	Carl_Schmitt	2
Martin_Heidegger	Duns_Scotus	1
Martin_Heidegger	Edmund_Husserl	4
Martin_Heidegger	Ernst_Cassirer	1
Martin_Heidegger	Ernst_Jünger	1
Martin_Heidegger	Franz_Brentano	2
Martin_Heidegger	Friedrich_Hölderlin	3
Martin_Heidegger	Friedrich_Nietzsche	3
Martin_Heidegger	Georg_Wilhelm_Friedrich_Hegel	1
Martin_Heidegger	György_Lukács	1
Martin_Heidegger	Hajime_Tanabe	1
Martin_Heidegger	Heinrich_Rickert	2
Martin_Heidegger	Heraclitus	3
Martin_Heidegger	Herbert_Marcuse	2
Martin_Heidegger	Immanuel_Kant	1
Martin_Heidegger	John_Dewey	1
Martin_Heidegger	Karl_Jaspers	1
Martin_Heidegger	Karl_Marx	1
Martin_Heidegger	Leo_Strauss	2
Martin_Heidegger	Ludwig_Wittgenstein	1
Martin_Heidegger	Martin_Luther	1
Martin_Heidegger	Max_Scheler	2
Martin_Heidegger	Nicolai_Hartmann	1
Martin_Heidegger	Parmenides	3
Martin_Heidegger	Paul_Natorp	1
Martin_Heidegger	Paul_Tillich	2
Martin_Heidegger	Plato	1
Martin_Heidegger	René_Descartes	1
Martin_Heidegger	Rudolf_Bultmann	2
Martin_Heidegger	Rudolf_Carnap	1
Martin_Heidegger	Shūzō_Kuki	1
Martin_Heidegger	Søren_Kierkegaard	2
Martin_Heidegger	Wilhelm_Dilthey	2
Martin_Knutzen	Christian_Wolff_(philosopher)	3
Martin_Knutzen	Gottfried_Wilhelm_Leibniz	1
Martin_Knutzen	Immanuel_Kant	3
Martin_Knutzen	Isaac_Newton	2
Martin_Knutzen	Johann_Georg_Hamann	1
Martin_Knutzen	John_Locke	2
Martin_Knutzen	René_Descartes	1
Martin_Knutzen	Robert_Boyle	1
Martin_Luther	Aristotle	1
Martin_Luther	Arius	1
Martin_Luther	Erasmus	1
Martin_Luther	Gabriel_Biel	1
Martin_Luther	Gotthold_Ephraim_Lessing	1
Martin_Luther	Jan_Hus	2
Martin_Luther	Jesus	2
Martin_Luther	John_Calvin	1
Martin_Luther	John_Wycliffe	1
Martin_Luther	Pelagius	1
Martin_Luther	Peter_Lombard	1
Martin_Luther	Philipp_Melanchthon	4
Martin_Luther	Thomas_Cajetan	2
Martin_Luther	William_of_Ockham	1
Mary_Astell	Aristotle	1
Mary_Astell	John_Locke	1
Mary_Astell	John_Norris_(philosopher)	1
Mary_Astell	Plato	1
Mary_Astell	Pythagoras	1
Mary_Astell	René_Descartes	1
Mary_Baker_Eddy	Jesus	1
Mary_Hays	Mary_Wollstonecraft	4
Mary_Hays	Samuel_Taylor_Coleridge	1
Mary_Hays	William_Blake	1
Mary_Hays	William_Godwin	2
Mary_Whiton_Calkins	John_Dewey	1
Mary_Whiton_Calkins	Josiah_Royce	2
Mary_Whiton_Calkins	Sigmund_Freud	1
Mary_Whiton_Calkins	Wilhelm_Wundt	1
Mary_Whiton_Calkins	William_James	3
Mary_Wollstonecraft	Edmund_Burke	2
Mary_Wollstonecraft	George_Eliot	1
Mary_Wollstonecraft	Jean-Jacques_Rousseau	3
Mary_Wollstonecraft	John_Locke	1
Mary_Wollstonecraft	Joseph_Priestley	1
Mary_Wollstonecraft	Mary_Hays	3
Mary_Wollstonecraft	Richard_Price	1
Mary_Wollstonecraft	Samuel_Taylor_Coleridge	1
Mary_Wollstonecraft	Thomas_Paine	2
Mary_Wollstonecraft	William_Blake	1
Mary_Wollstonecraft	William_Godwin	7
Matthew_Tindal	Edward_Herbert,_1st_Baron_Herbert_of_Cherbury	1
Matthew_Tindal	John_Locke	1
Matthew_Tindal	John_Toland	1
Matthew_Tindal	Joseph_Butler	1
Matthew_of_Aquasparta	Bonaventure	1
Matthew_of_Aquasparta	Dante_Alighieri	1
Matthew_of_Aquasparta	John_Peckham	1
Matthew_of_Aquasparta	Thomas_Aquinas	1
Maurice_Blondel	Gottfried_Wilhelm_Leibniz	1
Maurice_Blondel	Émile_Boutroux	2
Max_Horkheimer	Antonio_Gramsci	1
Max_Horkheimer	Hans_Cornelius	2
Max_Horkheimer	Immanuel_Kant	1
Max_Horkheimer	Karl_Marx	1
Max_Horkheimer	Sigmund_Freud	1
Max_Müller	Arthur_Schopenhauer	1
Max_Müller	Baruch_Spinoza	1
Max_Müller	Friedrich_Wilhelm_Joseph_Schelling	1
Max_Müller	Immanuel_Kant	1
Max_Müller	Sri_Aurobindo	1
Max_Planck	Albert_Einstein	5
Max_Planck	Charles_Darwin	1
Max_Planck	Christiaan_Huygens	1
Max_Planck	Ernst_Mach	1
Max_Planck	Ernst_Zermelo	1
Max_Planck	Erwin_Schrödinger	1
Max_Planck	Georg_Wilhelm_Friedrich_Hegel	1
Max_Planck	Heinrich_Hertz	1
Max_Planck	Hermann_von_Helmholtz	3
Max_Planck	Isaac_Newton	1
Max_Planck	James_Clerk_Maxwell	1
Max_Planck	Ludwig_Boltzmann	3
Max_Planck	Moritz_Schlick	2
Max_Planck	Niels_Bohr	2
Max_Planck	Wolfgang_Köhler	1
Max_Scheler	Aristotle	1
Max_Scheler	Carl_Stumpf	2
Max_Scheler	Dietrich_von_Hildebrand	1
Max_Scheler	Edmund_Husserl	2
Max_Scheler	Friedrich_Nietzsche	1
Max_Scheler	Georg_Simmel	2
Max_Scheler	José_Ortega_y_Gasset	2
Max_Scheler	Martin_Buber	2
Max_Scheler	Martin_Heidegger	2
Max_Scheler	Max_Weber	1
Max_Scheler	Plato	1
Max_Scheler	Rudolf_Christoph_Eucken	2
Max_Scheler	Wilhelm_Dilthey	2
Max_Scheler	William_James	1
Max_Stirner	Adam_Smith	1
Max_Stirner	Arnold_Ruge	1
Max_Stirner	Arthur_Schopenhauer	2
Max_Stirner	Auguste_Comte	1
Max_Stirner	Benjamin_Tucker	2
Max_Stirner	Bruno_Bauer	1
Max_Stirner	Carl_Schmitt	1
Max_Stirner	Edmund_Burke	1
Max_Stirner	Edmund_Husserl	1
Max_Stirner	Eduard_von_Hartmann	1
Max_Stirner	Ernst_Jünger	1
Max_Stirner	Friedrich_Albert_Lange	1
Max_Stirner	Friedrich_Engels	2
Max_Stirner	Friedrich_Nietzsche	1
Max_Stirner	Friedrich_Wilhelm_Joseph_Schelling	1
Max_Stirner	Georg_Wilhelm_Friedrich_Hegel	3
Max_Stirner	Karl_Marx	1
Max_Stirner	Kuno_Fischer	1
Max_Stirner	Ludwig_Feuerbach	2
Max_Stirner	Martin_Buber	1
Max_Stirner	Rudolf_Steiner	1
Max_Weber	Alfred_Schütz	1
Max_Weber	Benjamin_Franklin	1
Max_Weber	Carl_Schmitt	1
Max_Weber	Ernst_Troeltsch	1
Max_Weber	Friedrich_Nietzsche	1
Max_Weber	György_Lukács	2
Max_Weber	Hans_Freyer	1
Max_Weber	Heinrich_Rickert	2
Max_Weber	Immanuel_Kant	2
Max_Weber	Johann_Wolfgang_von_Goethe	1
Max_Weber	Joseph_Schumpeter	3
Max_Weber	Karl_Marx	4
Max_Weber	Leo_Strauss	1
Max_Weber	Max_Horkheimer	1
Max_Weber	Oswald_Spengler	3
Max_Weber	Othmar_Spann	1
Max_Weber	Rosa_Luxemburg	1
Max_Weber	Wilhelm_Dilthey	1
Max_Weber	Wilhelm_Windelband	1
Max_Weber	Émile_Durkheim	3
Mazdak	Karl_Marx	1
Mazdak	Muhammad_Iqbal	1
Meister_Eckhart	Adi_Shankara	1
Meister_Eckhart	Albertus_Magnus	1
Meister_Eckhart	Arthur_Schopenhauer	3
Meister_Eckhart	Augustine_of_Hippo	1
Meister_Eckhart	Carl_Jung	1
Meister_Eckhart	Dante_Alighieri	1
Meister_Eckhart	David_Hartley_(philosopher)	1
Meister_Eckhart	David_Hume	1
Meister_Eckhart	Francis_of_Assisi	1
Meister_Eckhart	Franz_Xaver_von_Baader	1
Meister_Eckhart	Friedrich_Wilhelm_Joseph_Schelling	1
Meister_Eckhart	Georg_Wilhelm_Friedrich_Hegel	1
Meister_Eckhart	Henry_Suso	2
Meister_Eckhart	Hildegard_of_Bingen	1
Meister_Eckhart	Jakob_Böhme	1
Meister_Eckhart	Johannes_Tauler	3
Meister_Eckhart	John_Scotus_Eriugena	1
Meister_Eckhart	John_of_Ruusbroec	1
Meister_Eckhart	Josiah_Royce	1
Meister_Eckhart	Martin_Heidegger	1
Meister_Eckhart	Martin_Luther	1
Meister_Eckhart	Nicholas_of_Cusa	2
Meister_Eckhart	Parmenides	1
Meister_Eckhart	Peter_Lombard	1
Meister_Eckhart	Plato	1
Meister_Eckhart	Plotinus	1
Meister_Eckhart	Porphyry_of_Tyre	1
Meister_Eckhart	Proclus	1
Meister_Eckhart	Pseudo-Dionysius_the_Areopagite	2
Meister_Eckhart	Rudolf_Otto	1
Meister_Eckhart	The_Buddha	1
Meister_Eckhart	Thomas_Aquinas	4
Meister_Eckhart	William_Godwin	1
Melissus_of_Samos	Aristotle	2
Melissus_of_Samos	Gorgias	1
Melissus_of_Samos	John_Philoponus	3
Melissus_of_Samos	Leucippus	2
Melissus_of_Samos	Parmenides	2
Melissus_of_Samos	Philodemus	1
Melissus_of_Samos	Plato	1
Melissus_of_Samos	Plutarch	2
Melissus_of_Samos	Simplicius_of_Cilicia	1
Melissus_of_Samos	Xenophanes	1
Melissus_of_Samos	Zeno_of_Elea	1
Mencius	Cheng_Yi_(philosopher)	1
Mencius	Confucius	1
Mencius	Lu_Jiuyuan	1
Mencius	Wang_Yangming	1
Mencius	Xunzi_(philosopher)	2
Mencius	Zhu_Xi	2
Mencius	Zisi	1
Menedemus	Cicero	1
Menedemus	Diogenes_Laertius	2
Menedemus	Plato	1
Menedemus	Plutarch	1
Menedemus	Stilpo	2
Metrocles	Aristotle	1
Metrocles	Crates_of_Thebes	3
Metrocles	Diogenes	2
Metrocles	Diogenes_Laertius	1
Metrocles	Hecato_of_Rhodes	1
Metrocles	Hipparchia_of_Maroneia	2
Metrocles	Plutarch	1
Metrocles	Stilpo	1
Metrocles	Theophrastus	2
Metrodorus_of_Chios	Anaxarchus	2
Metrodorus_of_Chios	Cicero	1
Metrodorus_of_Chios	Democritus	2
Metrodorus_of_Chios	Diogenes_Laertius	1
Metrodorus_of_Chios	Epicurus	1
Metrodorus_of_Lampsacus_(the_elder)	Anaxagoras	1
Metrodorus_of_Lampsacus_(the_elder)	Diogenes_Laertius	1
Metrodorus_of_Lampsacus_(the_elder)	Plato	1
Metrodorus_of_Lampsacus_(the_younger)	Cicero	1
Metrodorus_of_Lampsacus_(the_younger)	Diogenes_Laertius	2
Metrodorus_of_Lampsacus_(the_younger)	Epicurus	2
Metrodorus_of_Lampsacus_(the_younger)	Parmenides	1
Metrodorus_of_Lampsacus_(the_younger)	Philodemus	1
Metrodorus_of_Lampsacus_(the_younger)	Plato	1
Metrodorus_of_Lampsacus_(the_younger)	Seneca_the_Younger	1
Metrodorus_of_Stratonicea	Carneades	1
Metrodorus_of_Stratonicea	Cicero	2
Metrodorus_of_Stratonicea	Diogenes_Laertius	1
Metrodorus_of_Stratonicea	Plato	1
Michael_Polanyi	Adam_Smith	1
Michael_Polanyi	Albert_Einstein	1
Michael_Polanyi	Friedrich_Hayek	1
Michael_Polanyi	Galileo_Galilei	1
Michael_Polanyi	Karl_Mannheim	1
Michael_Polanyi	Nicolaus_Copernicus	1
Michael_Psellos	Ioane_Petritsi	1
Michael_Psellos	Photios_I_of_Constantinople	1
Michael_Psellos	Plato	1
Michael_Psellos	Samuel_Taylor_Coleridge	1
Michael_Sendivogius	Isaac_Newton	1
Michel_de_Montaigne	Blaise_Pascal	1
Michel_de_Montaigne	Dante_Alighieri	1
Michel_de_Montaigne	Epictetus	1
Michel_de_Montaigne	Erasmus	2
Michel_de_Montaigne	Eric_Hoffer	1
Michel_de_Montaigne	Francis_Bacon	2
Michel_de_Montaigne	Friedrich_Nietzsche	1
Michel_de_Montaigne	Lucretius	1
Michel_de_Montaigne	Plato	1
Michel_de_Montaigne	Plutarch	2
Michel_de_Montaigne	Ralph_Waldo_Emerson	1
Michel_de_Montaigne	Seneca_the_Younger	2
Michel_de_Montaigne	Socrates	1
Michel_de_Montaigne	Thomas_More	2
Michel_de_Montaigne	William_Hazlitt	1
Michel_de_Montaigne	Xenophon	1
Michelangelo_Fardella	Gottfried_Wilhelm_Leibniz	1
Michelangelo_Fardella	Nicolas_Malebranche	1
Michelangelo_Fardella	René_Descartes	1
Miguel_de_Unamuno	Augustine_of_Hippo	1
Miguel_de_Unamuno	Benedetto_Croce	1
Miguel_de_Unamuno	Blaise_Pascal	1
Miguel_de_Unamuno	Giacomo_Leopardi	1
Miguel_de_Unamuno	Heinrich_von_Kleist	1
Miguel_de_Unamuno	Henri-Frédéric_Amiel	1
Miguel_de_Unamuno	Jean-Jacques_Rousseau	1
Miguel_de_Unamuno	José_Ortega_y_Gasset	1
Miguel_de_Unamuno	Julien_Benda	1
Miguel_de_Unamuno	Karl_Jaspers	1
Miguel_de_Unamuno	Marcus_Aurelius	1
Miguel_de_Unamuno	Søren_Kierkegaard	1
Mikhail_Bakhtin	Ernst_Cassirer	1
Mikhail_Bakhtin	Ferdinand_de_Saussure	2
Mikhail_Bakhtin	François_Rabelais	2
Mikhail_Bakhtin	Fyodor_Dostoevsky	2
Mikhail_Bakhtin	György_Lukács	1
Mikhail_Bakhtin	Immanuel_Kant	2
Mikhail_Bakhtin	Johann_Wolfgang_von_Goethe	1
Mikhail_Bakhtin	Lev_Vygotsky	1
Mikhail_Bakhtin	Max_Scheler	1
Mikhail_Bakhtin	Nicolai_Hartmann	1
Mikhail_Bakunin	Alexander_Herzen	3
Mikhail_Bakunin	Arnold_Ruge	2
Mikhail_Bakunin	Friedrich_Engels	1
Mikhail_Bakunin	Georg_Wilhelm_Friedrich_Hegel	1
Mikhail_Bakunin	Herbert_Marcuse	1
Mikhail_Bakunin	Immanuel_Kant	1
Mikhail_Bakunin	Jean-Jacques_Rousseau	1
Mikhail_Bakunin	Johann_Gottlieb_Fichte	1
Mikhail_Bakunin	Karl_Marx	3
Mikhail_Bakunin	Ludwig_Feuerbach	1
Mikhail_Bakunin	Peter_Kropotkin	1
Mikhail_Bakunin	Pierre-Joseph_Proudhon	3
Mikhail_Bakunin	Vissarion_Belinsky	1
Mir_Damad	Al-Farabi	1
Mir_Damad	Aristotle	1
Mir_Damad	Avicenna	1
Mir_Damad	Mulla_Sadra	3
Miskawayh	Al-Kindi	1
Miskawayh	Mulla_Sadra	1
Miskawayh	Nasir_al-Din_al-Tusi	1
Montesquieu	Adam_Smith	1
Montesquieu	Georges-Louis_Leclerc,_Comte_de_Buffon	1
Montesquieu	Hippocrates	1
Montesquieu	John_Maynard_Keynes	1
Mordecai_Kaplan	Henry_Sidgwick	1
Mordecai_Kaplan	John_Dewey	1
Mordecai_Kaplan	Maimonides	1
Moritz_Lazarus	Hermann_Cohen	1
Moritz_Lazarus	Immanuel_Kant	1
Moritz_Lazarus	Johann_Friedrich_Herbart	1
Moritz_Lazarus	Moses_Mendelssohn	1
Moritz_Lazarus	Robert_Flint_(theologian)	1
Moritz_Lazarus	Wilhelm_Wundt	1
Moritz_Schlick	Albert_Einstein	1
Moritz_Schlick	Arthur_Schopenhauer	1
Moritz_Schlick	Bertrand_Russell	1
Moritz_Schlick	Ernst_Mach	2
Moritz_Schlick	Friedrich_Nietzsche	1
Moritz_Schlick	Friedrich_Waismann	2
Moritz_Schlick	Gottlob_Frege	1
Moritz_Schlick	Henri_Poincaré	1
Moritz_Schlick	Ludwig_Boltzmann	1
Moritz_Schlick	Ludwig_Wittgenstein	2
Moritz_Schlick	Max_Planck	2
Moritz_Schlick	Otto_Neurath	1
Moritz_Schlick	René_Descartes	1
Moritz_Schlick	Rudolf_Carnap	3
Moses_Hess	Alexander_Herzen	1
Moses_Hess	August_Cieszkowski	1
Moses_Hess	Baron_d'Holbach	1
Moses_Hess	Baruch_Spinoza	2
Moses_Hess	Ferdinand_Lassalle	1
Moses_Hess	Friedrich_Engels	2
Moses_Hess	Friedrich_Wilhelm_Joseph_Schelling	1
Moses_Hess	Georg_Wilhelm_Friedrich_Hegel	1
Moses_Hess	Gotthold_Ephraim_Lessing	1
Moses_Hess	Immanuel_Kant	1
Moses_Hess	Jean-Jacques_Rousseau	1
Moses_Hess	Karl_Marx	4
Moses_Hess	Ludwig_Feuerbach	1
Moses_Hess	Mikhail_Bakunin	1
Moses_Hess	Moses_Mendelssohn	1
Moses_Hess	Pierre-Joseph_Proudhon	1
Moses_Hess	Voltaire	1
Moses_Mendelssohn	Baruch_Spinoza	1
Moses_Mendelssohn	Charles_Bonnet	1
Moses_Mendelssohn	Confucius	1
Moses_Mendelssohn	Friedrich_Heinrich_Jacobi	1
Moses_Mendelssohn	Friedrich_Schlegel	1
Moses_Mendelssohn	Gottfried_Wilhelm_Leibniz	1
Moses_Mendelssohn	Gotthold_Ephraim_Lessing	2
Moses_Mendelssohn	Immanuel_Kant	1
Moses_Mendelssohn	Johann_Georg_Hamann	1
Moses_Mendelssohn	Johann_Gottfried_Herder	1
Moses_Mendelssohn	John_Locke	1
Moses_Mendelssohn	Maimonides	1
Moses_Mendelssohn	Martin_Luther	1
Moses_Mendelssohn	Plato	1
Moses_Mendelssohn	Salomon_Maimon	1
Moses_ibn_Ezra	Abraham_ibn_Ezra	1
Moses_ibn_Ezra	Al-Farabi	2
Moses_ibn_Ezra	Aristotle	2
Moses_ibn_Ezra	Empedocles	1
Moses_ibn_Ezra	Judah_Halevi	1
Moses_ibn_Ezra	Maimonides	1
Moses_ibn_Ezra	Plato	1
Moses_ibn_Ezra	Pythagoras	1
Moses_ibn_Ezra	Saadia_Gaon	1
Moses_ibn_Ezra	Socrates	1
Moses_ibn_Ezra	Solomon_ibn_Gabirol	1
Moses_of_Narbonne	Abner_of_Burgos	1
Moses_of_Narbonne	Abraham_ibn_Ezra	1
Moses_of_Narbonne	Al-Ghazali	1
Moses_of_Narbonne	Alexander_of_Aphrodisias	1
Moses_of_Narbonne	Aristotle	2
Moses_of_Narbonne	Averroes	1
Moses_of_Narbonne	Avicenna	1
Moses_of_Narbonne	Ibn_Tufayl	1
Moses_of_Narbonne	Maimonides	1
Motoori_Norinaga	Ogyū_Sorai	2
Motoori_Norinaga	Wang_Yangming	1
Mozi	Confucius	1
Mozi	Jeremy_Bentham	1
Mozi	Laozi	1
Mozi	Lu_Ban	2
Mozi	Mencius	2
Mozi	Sun_Yat-sen	1
Muhammad_Abduh	Abu_Mansur_al-Maturidi	1
Muhammad_Abduh	Al-Ghazali	3
Muhammad_Abduh	Avicenna	2
Muhammad_Abduh	Herbert_Spencer	1
Muhammad_Abduh	Ibn_Arabi	2
Muhammad_Abduh	Jamal_al-Din_al-Afghani	6
Muhammad_Iqbal	B._R._Ambedkar	1
Muhammad_Iqbal	Dante_Alighieri	1
Muhammad_Iqbal	Friedrich_Nietzsche	1
Muhammad_Iqbal	Georg_Wilhelm_Friedrich_Hegel	1
Muhammad_Iqbal	Henri_Bergson	1
Muhammad_Iqbal	Ibn_Arabi	1
Muhammad_Iqbal	Johann_Wolfgang_von_Goethe	1
Muhammad_Iqbal	Mahatma_Gandhi	1
Muhammad_ibn_Ahmad_al-Nasafi	Abu_Hatim_Ahmad_ibn_Hamdan_al-Razi	1
Muhammad_ibn_Ahmad_al-Nasafi	Abu_Ya'qub_al-Sijistani	1
Muhammad_ibn_Ahmad_al-Nasafi	Hamid_al-Din_al-Kirmani	1
Mulla_Sadra	Al-Farabi	1
Mulla_Sadra	Aristotle	2
Mulla_Sadra	Avicenna	3
Mulla_Sadra	Hadi_Sabzavari	1
Mulla_Sadra	Ibn_Arabi	2
Mulla_Sadra	Mir_Damad	3
Nachman_Krochmal	Abraham_ibn_Ezra	1
Nachman_Krochmal	Friedrich_Wilhelm_Joseph_Schelling	1
Nachman_Krochmal	Georg_Wilhelm_Friedrich_Hegel	2
Nachman_Krochmal	Immanuel_Kant	1
Nachman_Krochmal	Johann_Gottlieb_Fichte	1
Nachmanides	Abraham_ibn_Ezra	2
Nachmanides	Aristotle	2
Nachmanides	Galen	1
Nachmanides	Jesus	1
Nachmanides	Maimonides	4
Nachmanides	Simeon_ben_Zemah_Duran	1
Nagarjuna	Ajita_Kesakambali	1
Nagarjuna	Chandrakirti	2
Nagarjuna	Immanuel_Kant	1
Nagarjuna	Jayanta_Bhatta	1
Nagarjuna	Pyrrho	1
Nagarjuna	Sengzhao	1
Nagarjuna	Sextus_Empiricus	1
Nagarjuna	The_Buddha	1
Nagarjuna	Udyotakara	2
Nagarjuna	Vāchaspati_Misra	2
Nagarjuna	Vātsyāyana	2
Narahari_Tirtha	Adi_Shankara	1
Narahari_Tirtha	Jayatirtha	1
Narahari_Tirtha	Madhava_Tirtha	1
Narahari_Tirtha	Madhvacharya	4
Narahari_Tirtha	Ramanuja	1
Narayana_Guru	Adi_Shankara	2
Narayana_Guru	Jesus	1
Narayana_Guru	Mahatma_Gandhi	4
Narayana_Guru	Rabindranath_Tagore	1
Narayana_Guru	The_Buddha	1
Narayana_Guru	Thiruvalluvar	1
Narayana_Panditacharya	Madhvacharya	8
Narayana_Panditacharya	Trivikrama_Panditacharya	3
Naropa	Atiśa	2
Naropa	The_Buddha	1
Nasir_al-Din_al-Tusi	Abner_of_Burgos	1
Nasir_al-Din_al-Tusi	Archimedes	1
Nasir_al-Din_al-Tusi	Aristotle	1
Nasir_al-Din_al-Tusi	Avicenna	4
Nasir_al-Din_al-Tusi	Euclid	2
Nasir_al-Din_al-Tusi	Fakhr_al-Din_al-Razi	2
Nasir_al-Din_al-Tusi	Galileo_Galilei	1
Nasir_al-Din_al-Tusi	Ibn_Arabi	1
Nasir_al-Din_al-Tusi	Ibn_Khaldun	2
Nasir_al-Din_al-Tusi	Nicolaus_Copernicus	6
Nasir_al-Din_al-Tusi	Ptolemy	3
Nathaniel_Culverwell	René_Descartes	1
Nemesius	Adelard_of_Bath	1
Nemesius	Albertus_Magnus	1
Nemesius	Aristotle	1
Nemesius	Galen	1
Nemesius	Gregory_of_Nyssa	1
Nemesius	John_of_Damascus	1
Nemesius	Michael_Psellos	1
Nemesius	Peter_Lombard	1
Nemesius	Thomas_Aquinas	1
Nemesius	William_of_Conches	1
Nemesius	William_of_Saint-Thierry	1
Niccolò_Machiavelli	Adam_Smith	1
Niccolò_Machiavelli	Algernon_Sidney	1
Niccolò_Machiavelli	Antonio_Gramsci	2
Niccolò_Machiavelli	Apuleius	1
Niccolò_Machiavelli	Aristotle	1
Niccolò_Machiavelli	Baruch_Spinoza	1
Niccolò_Machiavelli	Benedetto_Croce	1
Niccolò_Machiavelli	Benjamin_Franklin	1
Niccolò_Machiavelli	Cicero	1
Niccolò_Machiavelli	Dante_Alighieri	1
Niccolò_Machiavelli	David_Hume	1
Niccolò_Machiavelli	Democritus	1
Niccolò_Machiavelli	Epicurus	1
Niccolò_Machiavelli	Erasmus	1
Niccolò_Machiavelli	Ernst_Cassirer	1
Niccolò_Machiavelli	Francis_Bacon	2
Niccolò_Machiavelli	Giovanni_Botero	1
Niccolò_Machiavelli	Isocrates	1
Niccolò_Machiavelli	James_Harrington_(author)	2
Niccolò_Machiavelli	Jean-Jacques_Rousseau	3
Niccolò_Machiavelli	Jean_Bodin	1
Niccolò_Machiavelli	John_Adams	1
Niccolò_Machiavelli	John_Locke	1
Niccolò_Machiavelli	Justus_Lipsius	1
Niccolò_Machiavelli	Leo_Strauss	4
Niccolò_Machiavelli	Lucretius	1
Niccolò_Machiavelli	Michel_de_Montaigne	1
Niccolò_Machiavelli	Montesquieu	3
Niccolò_Machiavelli	Petrarch	1
Niccolò_Machiavelli	Plato	1
Niccolò_Machiavelli	René_Descartes	1
Niccolò_Machiavelli	Seneca_the_Younger	1
Niccolò_Machiavelli	Thomas_Hobbes	1
Niccolò_Machiavelli	Thomas_Jefferson	1
Niccolò_Machiavelli	Thucydides	1
Niccolò_Machiavelli	Voltaire	1
Niccolò_Machiavelli	Xenophon	2
Nichiren	Dōgen	1
Nichiren	Kūkai	1
Nichiren	Shinran	2
Nichiren	The_Buddha	4
Nichiren	Zhiyi	6
Nicholas_of_Autrecourt	Al-Ghazali	1
Nicholas_of_Autrecourt	Averroes	1
Nicholas_of_Autrecourt	David_Hume	1
Nicholas_of_Autrecourt	Hastings_Rashdall	1
Nicholas_of_Autrecourt	René_Descartes	1
Nicholas_of_Cusa	Ernst_Cassirer	1
Nicholas_of_Cusa	Giordano_Bruno	1
Nicholas_of_Cusa	Giovanni_Pico_della_Mirandola	1
Nicholas_of_Cusa	Gottfried_Wilhelm_Leibniz	1
Nicholas_of_Cusa	Karl_Jaspers	1
Nicholas_of_Cusa	Lorenzo_Valla	1
Nicholas_of_Cusa	Nicolaus_Copernicus	1
Nicholas_of_Cusa	Nicole_Oresme	1
Nicholas_of_Cusa	Proclus	1
Nicholas_of_Cusa	Pseudo-Dionysius_the_Areopagite	1
Nicholas_of_Cusa	Ramon_Llull	1
Nicolai_Hartmann	Aristotle	1
Nicolai_Hartmann	Friedrich_Schleiermacher	1
Nicolai_Hartmann	Hermann_Cohen	2
Nicolai_Hartmann	Martin_Heidegger	1
Nicolai_Hartmann	Max_Scheler	1
Nicolai_Hartmann	Paul_Natorp	2
Nicolai_Hartmann	Proclus	1
Nicolai_Hartmann	Thomas_Aquinas	1
Nicolas_Malebranche	Antoine_Arnauld	1
Nicolas_Malebranche	Aristotle	1
Nicolas_Malebranche	Arthur_Collier	1
Nicolas_Malebranche	Arthur_Schopenhauer	1
Nicolas_Malebranche	Augustine_of_Hippo	5
Nicolas_Malebranche	Baruch_Spinoza	3
Nicolas_Malebranche	David_Hume	1
Nicolas_Malebranche	Epicurus	1
Nicolas_Malebranche	George_Berkeley	1
Nicolas_Malebranche	Gottfried_Wilhelm_Leibniz	2
Nicolas_Malebranche	Isaac_Newton	1
Nicolas_Malebranche	John_Locke	1
Nicolas_Malebranche	John_Norris_(philosopher)	1
Nicolas_Malebranche	Pierre-Sylvain_Régis	1
Nicolas_Malebranche	Pierre_Bayle	1
Nicolas_Malebranche	René_Descartes	7
Nicolas_Malebranche	Simon_Foucher	1
Nicolas_Malebranche	Zeno_of_Elea	1
Nicolaus_Copernicus	Alessandro_Achillini	1
Nicolaus_Copernicus	Alexandre_Koyré	1
Nicolaus_Copernicus	Archimedes	2
Nicolaus_Copernicus	Aristotle	2
Nicolaus_Copernicus	Averroes	2
Nicolaus_Copernicus	Bessarion	1
Nicolaus_Copernicus	Cicero	3
Nicolaus_Copernicus	Cleomedes	1
Nicolaus_Copernicus	Euclid	1
Nicolaus_Copernicus	Galileo_Galilei	3
Nicolaus_Copernicus	Giordano_Bruno	1
Nicolaus_Copernicus	Heraclides_Ponticus	2
Nicolaus_Copernicus	Ibn_al-Haytham	1
Nicolaus_Copernicus	Isaac_Newton	1
Nicolaus_Copernicus	Johannes_Kepler	2
Nicolaus_Copernicus	John_Calvin	1
Nicolaus_Copernicus	Lorenzo_Valla	1
Nicolaus_Copernicus	Martin_Luther	2
Nicolaus_Copernicus	Nasir_al-Din_al-Tusi	1
Nicolaus_Copernicus	Philipp_Melanchthon	3
Nicolaus_Copernicus	Philolaus	3
Nicolaus_Copernicus	Plato	1
Nicolaus_Copernicus	Plutarch	3
Nicolaus_Copernicus	Ptolemy	2
Nicolaus_Copernicus	Pythagoras	1
Nicolaus_Copernicus	Roger_Joseph_Boscovich	1
Nicolaus_Copernicus	Thomas_Aquinas	1
Nicolaus_Copernicus	Thābit_ibn_Qurra	1
Nicolaus_Taurellus	Andrea_Cesalpino	1
Nicolaus_Taurellus	Pietro_Pomponazzi	1
Nicole_Oresme	Albert_of_Saxony_(philosopher)	1
Nicole_Oresme	Albertus_Magnus	1
Nicole_Oresme	Aristotle	3
Nicole_Oresme	Christine_de_Pizan	1
Nicole_Oresme	Galileo_Galilei	1
Nicole_Oresme	Ibn_al-Haytham	1
Nicole_Oresme	Jean_Buridan	2
Nicole_Oresme	Jean_Gerson	1
Nicole_Oresme	John_Peckham	1
Nicole_Oresme	Marsilius_of_Inghen	1
Nicole_Oresme	Marsilius_of_Padua	1
Nicole_Oresme	Peter_of_Auvergne	1
Nicole_Oresme	Robert_Grosseteste	1
Nicole_Oresme	Roger_Bacon	1
Nicole_Oresme	Thomas_Aquinas	1
Nicole_Oresme	Vitello	1
Nicole_Oresme	William_of_Ockham	1
Nicoletto_Vernia	Agostino_Nifo	1
Nicoletto_Vernia	Alexander_of_Aphrodisias	1
Nicoletto_Vernia	Aristotle	1
Nicoletto_Vernia	Pietro_Pomponazzi	1
Nicoletto_Vernia	Simplicius_of_Cilicia	1
Nicoletto_Vernia	Themistius	1
Niels_Bohr	Albert_Einstein	3
Niels_Bohr	Charles_Darwin	1
Niels_Bohr	David_Hilbert	1
Niels_Bohr	Erwin_Schrödinger	1
Niels_Bohr	Harald_Høffding	2
Niels_Bohr	Immanuel_Kant	2
Niels_Bohr	Max_Planck	1
Niels_Bohr	Søren_Kierkegaard	1
Nikolai_Berdyaev	Fyodor_Dostoevsky	1
Nikolai_Berdyaev	Georges_Florovsky	1
Nikolai_Berdyaev	Leo_Tolstoy	1
Nikolai_Berdyaev	Nikolai_Fyodorov_(philosopher)	1
Nikolai_Berdyaev	Nikolay_Lossky	1
Nikolai_Berdyaev	Origen	1
Nikolai_Berdyaev	Pavel_Florensky	1
Nikolai_Berdyaev	Semyon_Frank	1
Nikolai_Berdyaev	Sergei_Bulgakov	2
Nikolai_Berdyaev	Søren_Kierkegaard	1
Nikolai_Berdyaev	Vladimir_Solovyov_(philosopher)	2
Nikolai_Fyodorov_(philosopher)	Aristotle	1
Nikolai_Fyodorov_(philosopher)	Fyodor_Dostoevsky	2
Nikolai_Fyodorov_(philosopher)	Immanuel_Kant	1
Nikolai_Fyodorov_(philosopher)	Leo_Tolstoy	1
Nikolai_Fyodorov_(philosopher)	Nikolai_Berdyaev	2
Nikolai_Fyodorov_(philosopher)	Nikolay_Lossky	1
Nikolai_Fyodorov_(philosopher)	P._D._Ouspensky	1
Nikolai_Fyodorov_(philosopher)	Pavel_Florensky	1
Nikolai_Fyodorov_(philosopher)	Pierre_Teilhard_de_Chardin	1
Nikolai_Fyodorov_(philosopher)	Sergei_Bulgakov	1
Nikolai_Fyodorov_(philosopher)	Socrates	1
Nikolai_Fyodorov_(philosopher)	Vladimir_Solovyov_(philosopher)	3
Nikolay_Chernyshevsky	Alexander_Herzen	2
Nikolay_Chernyshevsky	Charles_Darwin	1
Nikolay_Chernyshevsky	Charles_Fourier	1
Nikolay_Chernyshevsky	Friedrich_Engels	1
Nikolay_Chernyshevsky	Fyodor_Dostoevsky	1
Nikolay_Chernyshevsky	Georg_Wilhelm_Friedrich_Hegel	1
Nikolay_Chernyshevsky	Georgi_Plekhanov	1
Nikolay_Chernyshevsky	John_Adams	1
Nikolay_Chernyshevsky	Karl_Marx	1
Nikolay_Chernyshevsky	Ludwig_Feuerbach	2
Nikolay_Chernyshevsky	Thomas_Jefferson	1
Nikolay_Chernyshevsky	Vissarion_Belinsky	2
Nikolay_Chernyshevsky	Vladimir_Lenin	2
Nikolay_Danilevsky	Charles_Darwin	1
Nikolay_Danilevsky	Fyodor_Dostoevsky	2
Nikolay_Danilevsky	Leo_Tolstoy	1
Nikolay_Danilevsky	Nikolay_Mikhaylovsky	1
Nikolay_Danilevsky	Oswald_Spengler	1
Nikolay_Danilevsky	Tomáš_Masaryk	1
Nikolay_Lossky	Aleksey_Khomyakov	1
Nikolay_Lossky	Ammonius_Saccas	1
Nikolay_Lossky	Aristotle	1
Nikolay_Lossky	Fyodor_Dostoevsky	2
Nikolay_Lossky	Georg_Wilhelm_Friedrich_Hegel	2
Nikolay_Lossky	Georges_Florovsky	1
Nikolay_Lossky	Gottfried_Wilhelm_Leibniz	2
Nikolay_Lossky	Gregory_Palamas	1
Nikolay_Lossky	Henri_Bergson	1
Nikolay_Lossky	Mikhail_Bakhtin	1
Nikolay_Lossky	Nicolai_Hartmann	1
Nikolay_Lossky	Nikolai_Berdyaev	1
Nikolay_Lossky	Origen	4
Nikolay_Lossky	Pavel_Florensky	2
Nikolay_Lossky	Plotinus	2
Nikolay_Lossky	Semyon_Frank	2
Nikolay_Lossky	Sergei_Bulgakov	1
Nikolay_Lossky	Tomáš_Masaryk	1
Nikolay_Lossky	Vladimir_Solovyov_(philosopher)	2
Nikolay_Lossky	Wilhelm_Windelband	2
Nikolay_Lossky	Wilhelm_Wundt	2
Nishi_Amane	Auguste_Comte	1
Nishi_Amane	Confucius	1
Nishi_Amane	John_Stuart_Mill	1
Nishi_Amane	Mencius	1
Nishi_Amane	Socrates	1
Nishi_Amane	Zhou_Dunyi	1
Norman_Kemp_Smith	David_Hume	1
Norman_Kemp_Smith	Immanuel_Kant	2
Norman_Kemp_Smith	John_Anderson_(philosopher)	1
Norman_Kemp_Smith	Robert_Adamson_(philosopher)	1
Norman_Robert_Campbell	Albert_Einstein	1
Novalis	Baruch_Spinoza	2
Novalis	Blaise_Pascal	1
Novalis	Dante_Alighieri	1
Novalis	Friedrich_Hölderlin	1
Novalis	Friedrich_Schiller	2
Novalis	Friedrich_Schlegel	1
Novalis	Friedrich_Schleiermacher	1
Novalis	Friedrich_Wilhelm_Joseph_Schelling	2
Novalis	Gotthold_Ephraim_Lessing	1
Novalis	György_Lukács	1
Novalis	Immanuel_Kant	1
Novalis	Jakob_Böhme	1
Novalis	Johann_Gottlieb_Fichte	1
Novalis	Johann_Wolfgang_von_Goethe	3
Novalis	Karl_Leonhard_Reinhold	1
Novalis	Karl_Marx	1
Novalis	Martin_Heidegger	1
Novalis	Martin_Luther	1
Novalis	Plotinus	1
Novalis	Rudolf_Haym	1
Novalis	Rudolf_Steiner	1
Novalis	Thomas_Carlyle	1
Numenius_of_Apamea	Arcesilaus	1
Numenius_of_Apamea	Calcidius	1
Numenius_of_Apamea	Carneades	1
Numenius_of_Apamea	Eusebius	3
Numenius_of_Apamea	Jesus	2
Numenius_of_Apamea	Origen	3
Numenius_of_Apamea	Philo	1
Numenius_of_Apamea	Plato	3
Numenius_of_Apamea	Plotinus	1
Numenius_of_Apamea	Porphyry_of_Tyre	2
Numenius_of_Apamea	Proclus	1
Numenius_of_Apamea	Pythagoras	2
Numenius_of_Apamea	Socrates	1
Numenius_of_Apamea	Speusippus	1
Numenius_of_Apamea	Xenocrates	1
Oets_Kolk_Bouwsma	G._E._Moore	1
Oets_Kolk_Bouwsma	Ludwig_Wittgenstein	1
Oets_Kolk_Bouwsma	Søren_Kierkegaard	1
Ogyū_Sorai	Itō_Jinsai	1
Ogyū_Sorai	Zhu_Xi	1
Olaf_Stapledon	Baruch_Spinoza	1
Olaf_Stapledon	Bertrand_Russell	2
Olaf_Stapledon	C._S._Lewis	2
Oliver_Wendell_Holmes_Jr.	Charles_Sanders_Peirce	1
Oliver_Wendell_Holmes_Jr.	Henry_James_Sr.	1
Oliver_Wendell_Holmes_Jr.	Herbert_Spencer	1
Oliver_Wendell_Holmes_Jr.	Immanuel_Kant	1
Oliver_Wendell_Holmes_Jr.	Plato	1
Oliver_Wendell_Holmes_Jr.	Ralph_Waldo_Emerson	1
Oliver_Wendell_Holmes_Jr.	René_Descartes	1
Oliver_Wendell_Holmes_Jr.	William_James	2
Olympiodorus_the_Younger	Ammonius_Hermiae	1
Olympiodorus_the_Younger	Aristotle	2
Olympiodorus_the_Younger	Damascius	1
Olympiodorus_the_Younger	Iamblichus	1
Olympiodorus_the_Younger	Justinian_I	2
Olympiodorus_the_Younger	Plato	1
Omar_Khayyam	Al-Farabi	1
Omar_Khayyam	Al-Ghazali	1
Omar_Khayyam	Aristotle	1
Omar_Khayyam	Avicenna	6
Omar_Khayyam	Euclid	2
Omar_Khayyam	Fakhr_al-Din_al-Razi	1
Omar_Khayyam	Gerolamo_Cardano	1
Omar_Khayyam	Ibn_al-Haytham	2
Omar_Khayyam	Nasir_al-Din_al-Tusi	3
Omar_Khayyam	Ptolemy	1
Omar_Khayyam	René_Descartes	2
Orestes_Brownson	Charles_Fourier	1
Orestes_Brownson	John_Locke	1
Orestes_Brownson	Pierre_Leroux	1
Orestes_Brownson	Thomas_Carlyle	1
Orestes_Brownson	Victor_Cousin	1
Origen	Ammonius_Saccas	2
Origen	Anselm_of_Canterbury	1
Origen	Aristotle	1
Origen	Arius	1
Origen	Athanasius_of_Alexandria	3
Origen	Augustine_of_Hippo	1
Origen	Bessarion	1
Origen	Celsus	1
Origen	Clement_of_Alexandria	1
Origen	Erasmus	1
Origen	Eusebius	2
Origen	Giovanni_Pico_della_Mirandola	1
Origen	Gregory_of_Nyssa	3
Origen	Henry_More	1
Origen	Jan_Hus	1
Origen	Jesus	1
Origen	John_Scotus_Eriugena	1
Origen	Justinian_I	3
Origen	Lucius_Annaeus_Cornutus	1
Origen	Martin_Luther	1
Origen	Numenius_of_Apamea	1
Origen	Pierre_Bayle	1
Origen	Plato	2
Origen	Plotinus	2
Origen	Pope_Gregory_I	1
Origen	Porphyry_of_Tyre	2
Origen	Pythagoras	2
Oskar_Becker	Charles_Hartshorne	1
Oskar_Becker	David_Hilbert	2
Oskar_Becker	Edmund_Husserl	1
Oskar_Becker	Ernst_Zermelo	1
Oskar_Becker	Euclid	1
Oskar_Becker	Eudoxus_of_Cnidus	1
Oskar_Becker	Hans_Reichenbach	1
Oskar_Becker	Hermann_Weyl	1
Oskar_Becker	Hippasus	1
Oskar_Becker	L._E._J._Brouwer	1
Oskar_Becker	Martin_Heidegger	1
Oskar_Becker	Rudolf_Carnap	1
Ostanes	Democritus	1
Ostanes	Diogenes_Laertius	1
Ostanes	Empedocles	1
Ostanes	Plato	1
Ostanes	Plutarch	1
Ostanes	Pythagoras	1
Ostanes	Zoroaster	2
Oswald_Spengler	Arthur_Schopenhauer	1
Oswald_Spengler	Cicero	1
Oswald_Spengler	Ernst_Jünger	1
Oswald_Spengler	Francis_Bacon	1
Oswald_Spengler	Friedrich_Nietzsche	1
Oswald_Spengler	Hans_Vaihinger	1
Oswald_Spengler	Heraclitus	1
Oswald_Spengler	Johann_Wolfgang_von_Goethe	1
Oswald_Spengler	Ludwig_Wittgenstein	1
Oswald_Spengler	Max_Weber	1
Oswald_Spengler	Seneca_the_Younger	1
Othmar_Spann	Friedrich_Hayek	1
Otto_Neurath	Bertrand_Russell	1
Otto_Neurath	Ernst_Mach	1
Otto_Neurath	Karl_Kautsky	1
Otto_Neurath	Ludwig_Wittgenstein	1
Otto_Neurath	Ludwig_von_Mises	1
Otto_Neurath	Oswald_Spengler	1
Otto_Neurath	Rudolf_Carnap	3
Otto_Weininger	Friedrich_Nietzsche	1
Otto_Weininger	G._E._Moore	1
Otto_Weininger	Karl_Kraus_(writer)	1
Otto_Weininger	Ludwig_Wittgenstein	2
Otto_Weininger	Nikolai_Berdyaev	1
Otto_Weininger	Sigmund_Freud	1
Otto_von_Gierke	Rudolf_von_Jhering	1
P._D._Ouspensky	Aristotle	1
P._D._Ouspensky	Francis_Bacon	1
P._D._Ouspensky	George_Gurdjieff	1
P._D._Ouspensky	Max_Müller	1
P._D._Ouspensky	Wilhelm_Wundt	1
Padmanabha_Tirtha	Jayatirtha	2
Padmanabha_Tirtha	Madhvacharya	3
Padmanabha_Tirtha	Narahari_Tirtha	2
Padmanabha_Tirtha	Vyasatirtha	1
Pakudha_Kaccayana	Buddhaghosa	1
Pakudha_Kaccayana	The_Buddha	1
Panaetius	Aristotle	2
Panaetius	Carneades	2
Panaetius	Cicero	2
Panaetius	Plato	1
Panaetius	Posidonius	2
Panaetius	Socrates	1
Panaetius	Theophrastus	1
Panaetius	Xenocrates	1
Pantaleo_Carabellese	Antonio_Rosmini	1
Pantaleo_Carabellese	Immanuel_Kant	1
Paracelsus	Aristotle	2
Paracelsus	Avicenna	1
Paracelsus	Carl_Jung	1
Paracelsus	Erasmus	2
Paracelsus	Francis_Bacon	1
Paracelsus	Galen	4
Paracelsus	Giovanni_Pico_della_Mirandola	1
Paracelsus	Hippocrates	2
Paracelsus	Marsilio_Ficino	1
Paracelsus	Martin_Luther	1
Paracelsus	Pythagoras	1
Paracelsus	Robert_Boyle	1
Parashara	Vasishtha	4
Parmenides	Albert_Einstein	1
Parmenides	Alexander_of_Aphrodisias	1
Parmenides	Anaxagoras	1
Parmenides	Anaximander	1
Parmenides	Anaximenes_of_Miletus	1
Parmenides	Aristotle	3
Parmenides	Democritus	2
Parmenides	Diogenes_Laertius	3
Parmenides	Empedocles	3
Parmenides	Erwin_Schrödinger	1
Parmenides	Eusebius	3
Parmenides	Friedrich_Nietzsche	1
Parmenides	Gorgias	1
Parmenides	Heraclitus	4
Parmenides	Hermann_Weyl	1
Parmenides	Iamblichus	1
Parmenides	Leucippus	1
Parmenides	Ludwig_Boltzmann	1
Parmenides	Martin_Heidegger	1
Parmenides	Melissus_of_Samos	4
Parmenides	Metrodorus_of_Lampsacus_(the_younger)	1
Parmenides	Plato	8
Parmenides	Plutarch	2
Parmenides	Pythagoras	1
Parmenides	Sextus_Empiricus	2
Parmenides	Simplicius_of_Cilicia	4
Parmenides	Socrates	5
Parmenides	Speusippus	2
Parmenides	Theophrastus	1
Parmenides	Thucydides	1
Parmenides	Xenophanes	5
Parmenides	Zeno_of_Elea	5
Patanjali	Bhartṛhari	3
Patanjali	Bhoja	3
Patanjali	Pāṇini	2
Paul_Carus	Baruch_Spinoza	1
Paul_Carus	Charles_Sanders_Peirce	1
Paul_Carus	Ernst_Haeckel	1
Paul_Carus	Ernst_Mach	1
Paul_Carus	Jesus	1
Paul_Carus	John_Dewey	1
Paul_Carus	Leo_Tolstoy	1
Paul_Deussen	Arthur_Schopenhauer	1
Paul_Deussen	Friedrich_Nietzsche	1
Paul_Deussen	Friedrich_Schlegel	1
Paul_Deussen	Immanuel_Kant	1
Paul_Deussen	Max_Müller	1
Paul_Natorp	Duns_Scotus	1
Paul_Natorp	Edmund_Husserl	1
Paul_Natorp	Ernst_Cassirer	2
Paul_Natorp	Hermann_Cohen	2
Paul_Natorp	José_Ortega_y_Gasset	1
Paul_Natorp	Karl_Barth	2
Paul_Natorp	Martin_Heidegger	1
Paul_Natorp	Nicolai_Hartmann	1
Paul_Natorp	Plato	1
Paul_Rée	Aristotle	1
Paul_Rée	Arthur_Schopenhauer	1
Paul_Rée	Charles_Darwin	1
Paul_Rée	Friedrich_Nietzsche	3
Paul_Rée	Jean-Baptiste_Lamarck	1
Paul_Tillich	Alfred_North_Whitehead	1
Paul_Tillich	Augustine_of_Hippo	1
Paul_Tillich	Boethius	1
Paul_Tillich	Carl_Jung	1
Paul_Tillich	Duns_Scotus	1
Paul_Tillich	Friedrich_Nietzsche	1
Paul_Tillich	Friedrich_Wilhelm_Joseph_Schelling	1
Paul_Tillich	Georg_Simmel	1
Paul_Tillich	Georg_Wilhelm_Friedrich_Hegel	1
Paul_Tillich	Gotthold_Ephraim_Lessing	1
Paul_Tillich	H._Richard_Niebuhr	1
Paul_Tillich	Immanuel_Kant	1
Paul_Tillich	John_Locke	1
Paul_Tillich	Karl_Barth	3
Paul_Tillich	Karl_Mannheim	1
Paul_Tillich	Karl_Marx	1
Paul_Tillich	Leo_Strauss	1
Paul_Tillich	Martin_Buber	1
Paul_Tillich	Martin_Heidegger	2
Paul_Tillich	Max_Horkheimer	1
Paul_Tillich	Max_Scheler	1
Paul_Tillich	Origen	1
Paul_Tillich	Reinhold_Niebuhr	3
Paul_Tillich	Rudolf_Bultmann	1
Paul_Tillich	Rudolf_Otto	1
Paul_Tillich	Thomas_Aquinas	3
Paul_Tillich	William_of_Ockham	1
Paul_of_Venice	Albertus_Magnus	1
Paul_of_Venice	Aristotle	1
Paul_of_Venice	Duns_Scotus	1
Paul_of_Venice	Giles_of_Rome	1
Paul_of_Venice	Jean_Buridan	1
Paul_of_Venice	John_Wycliffe	1
Paul_of_Venice	Marsilius_of_Inghen	1
Paul_of_Venice	Thomas_Aquinas	1
Paul_of_Venice	Walter_Burley	1
Paul_of_Venice	William_of_Ockham	1
Pavel_Florensky	Albert_Einstein	1
Pavel_Florensky	Georg_Cantor	1
Pavel_Florensky	Jesus	1
Pavel_Florensky	Leo_Tolstoy	1
Pavel_Florensky	Leon_Trotsky	1
Pavel_Florensky	Rudolf_Steiner	1
Pavel_Florensky	Sergei_Bulgakov	1
Pavel_Florensky	Vasily_Rozanov	1
Pavel_Florensky	Vladimir_Solovyov_(philosopher)	1
Pedro_da_Fonseca_(philosopher)	Aristotle	1
Pedro_da_Fonseca_(philosopher)	Luis_de_Molina	2
Pelagius	Augustine_of_Hippo	2
Pelagius	Cyril_of_Alexandria	1
Peter_Browne_(theologian)	George_Berkeley	1
Peter_Browne_(theologian)	Henry_Longueville_Mansel	1
Peter_Browne_(theologian)	John_Locke	1
Peter_Browne_(theologian)	John_Toland	1
Peter_Damian	Al-Ghazali	1
Peter_Damian	Anselm_of_Canterbury	1
Peter_Damian	Augustine_of_Hippo	1
Peter_Damian	Dante_Alighieri	1
Peter_Damian	Francis_of_Assisi	1
Peter_Damian	Gregory_of_Rimini	1
Peter_Damian	Jesus	1
Peter_Damian	Ludwig_Wittgenstein	1
Peter_Damian	Thomas_Aquinas	1
Peter_John_Olivi	Bonaventure	2
Peter_John_Olivi	Francis_of_Assisi	1
Peter_John_Olivi	Joachim_of_Fiore	1
Peter_John_Olivi	Matthew_of_Aquasparta	1
Peter_Kropotkin	Benjamin_Tucker	1
Peter_Kropotkin	Herbert_Spencer	1
Peter_Kropotkin	Jesus	1
Peter_Kropotkin	Leo_Tolstoy	1
Peter_Kropotkin	Mikhail_Bakunin	2
Peter_Kropotkin	Pierre-Joseph_Proudhon	1
Peter_Kropotkin	Pyotr_Lavrov	1
Peter_Kropotkin	The_Buddha	1
Peter_Kropotkin	Vladimir_Lenin	2
Peter_Lombard	Albertus_Magnus	1
Peter_Lombard	Augustine_of_Hippo	1
Peter_Lombard	Bernard_of_Clairvaux	1
Peter_Lombard	Gabriel_Biel	1
Peter_Lombard	Gilbert_de_la_Porrée	1
Peter_Lombard	Hugh_of_Saint_Victor	2
Peter_Lombard	Jesus	1
Peter_Lombard	John_Calvin	1
Peter_Lombard	Martin_Luther	1
Peter_Lombard	Thomas_Aquinas	1
Peter_Lombard	William_of_Ockham	1
Peter_Wessel_Zapffe	Arthur_Schopenhauer	1
Peter_of_Auvergne	Aristotle	1
Peter_of_Auvergne	Thomas_Aquinas	1
Peter_of_Pisa	Alcuin	2
Peter_of_Pisa	Augustine_of_Hippo	1
Peter_the_Iberian	Cyril_of_Alexandria	1
Peter_the_Iberian	Pseudo-Dionysius_the_Areopagite	1
Peter_the_Iberian	Shalva_Nutsubidze	1
Petrarch	Augustine_of_Hippo	2
Petrarch	Bessarion	1
Petrarch	Cicero	5
Petrarch	Dante_Alighieri	3
Petrarch	Francesco_de_Sanctis	1
Petrarch	Jacob_Burckhardt	1
Petrarch	Jean_Buridan	1
Petrarch	Marquis_de_Sade	1
Petrarch	Seneca_the_Younger	1
Petrus_Aureoli	Durandus_of_Saint-Pourçain	1
Petrus_Aureoli	Peter_Lombard	1
Petrus_Aureoli	William_of_Ockham	1
Petrus_Ramus	Arcesilaus	1
Petrus_Ramus	Aristotle	1
Petrus_Ramus	Carneades	1
Petrus_Ramus	Cicero	2
Petrus_Ramus	Euclid	1
Petrus_Ramus	Harald_Høffding	1
Petrus_Ramus	Rodolphus_Agricola	1
Petrus_Ramus	Émile_Saisset	1
Pherecydes_of_Syros	Anaxagoras	2
Pherecydes_of_Syros	Anaximander	2
Pherecydes_of_Syros	Anaximenes_of_Miletus	1
Pherecydes_of_Syros	Aristotle	2
Pherecydes_of_Syros	Aristoxenus	1
Pherecydes_of_Syros	Augustine_of_Hippo	1
Pherecydes_of_Syros	Celsus	3
Pherecydes_of_Syros	Cicero	2
Pherecydes_of_Syros	Clement_of_Alexandria	2
Pherecydes_of_Syros	Damascius	2
Pherecydes_of_Syros	Diogenes_Laertius	2
Pherecydes_of_Syros	Epimenides	1
Pherecydes_of_Syros	Eusebius	2
Pherecydes_of_Syros	Iamblichus	1
Pherecydes_of_Syros	Numenius_of_Apamea	1
Pherecydes_of_Syros	Origen	3
Pherecydes_of_Syros	Philodemus	1
Pherecydes_of_Syros	Plato	2
Pherecydes_of_Syros	Plotinus	1
Pherecydes_of_Syros	Plutarch	2
Pherecydes_of_Syros	Porphyry_of_Tyre	2
Pherecydes_of_Syros	Proclus	3
Pherecydes_of_Syros	Pythagoras	1
Pherecydes_of_Syros	Sextus_Empiricus	1
Pherecydes_of_Syros	Tertullian	1
Pherecydes_of_Syros	Thales_of_Miletus	1
Pherecydes_of_Syros	Themistius	1
Pherecydes_of_Syros	Zoroaster	1
Philip_the_Chancellor	Aristotle	1
Philip_the_Chancellor	Peter_Lombard	1
Philip_the_Chancellor	William_of_Auvergne	1
Philipp_Frank	Albert_Einstein	1
Philipp_Frank	Ernst_Mach	1
Philipp_Frank	Ludwig_Boltzmann	2
Philipp_Frank	Vladimir_Lenin	1
Philipp_Mainländer	Arthur_Schopenhauer	1
Philipp_Mainländer	Dante_Alighieri	1
Philipp_Mainländer	Eduard_Bernstein	1
Philipp_Mainländer	Epicurus	1
Philipp_Mainländer	Friedrich_Nietzsche	1
Philipp_Mainländer	Friedrich_Wilhelm_Joseph_Schelling	1
Philipp_Mainländer	Georg_Wilhelm_Friedrich_Hegel	1
Philipp_Mainländer	Giacomo_Leopardi	1
Philipp_Mainländer	Heraclitus	1
Philipp_Mainländer	Immanuel_Kant	1
Philipp_Mainländer	Johann_Gottlieb_Fichte	1
Philipp_Mainländer	Petrarch	1
Philipp_Mainländer	Étienne_Bonnot_de_Condillac	1
Philipp_Melanchthon	Aristotle	2
Philipp_Melanchthon	Augustine_of_Hippo	1
Philipp_Melanchthon	Christian_Wolff_(philosopher)	1
Philipp_Melanchthon	Cicero	1
Philipp_Melanchthon	Erasmus	1
Philipp_Melanchthon	Gottfried_Wilhelm_Leibniz	1
Philipp_Melanchthon	Gottlob_Frege	1
Philipp_Melanchthon	Jesus	1
Philipp_Melanchthon	John_Calvin	2
Philipp_Melanchthon	Martin_Luther	2
Philipp_Melanchthon	Ptolemy	1
Philipp_Melanchthon	Rodolphus_Agricola	1
Philo	Ambrose	1
Philo	Cleanthes	1
Philo	Clement_of_Alexandria	1
Philo	Empedocles	1
Philo	Eusebius	4
Philo	Gregory_of_Nyssa	1
Philo	Heraclitus	4
Philo	Numenius_of_Apamea	1
Philo	Origen	2
Philo	Parmenides	1
Philo	Plato	2
Philo	Zeno_of_Citium	1
Philo	Zeno_of_Elea	1
Philo_of_Larissa	Antiochus_of_Ascalon	2
Philo_of_Larissa	Carneades	1
Philo_of_Larissa	Cicero	3
Philo_of_Larissa	Clitomachus_(philosopher)	2
Philo_of_Larissa	Eusebius	1
Philo_of_Larissa	Numenius_of_Apamea	1
Philo_of_Larissa	Plato	1
Philo_of_Larissa	Sextus_Empiricus	2
Philo_the_Dialectician	Carneades	1
Philo_the_Dialectician	Chrysippus	2
Philo_the_Dialectician	Diodorus_Cronus	2
Philo_the_Dialectician	Diogenes_Laertius	1
Philo_the_Dialectician	Pyrrho	1
Philo_the_Dialectician	Sextus_Empiricus	1
Philo_the_Dialectician	Zeno_of_Citium	1
Philodemus	Aristotle	1
Philodemus	Cicero	2
Philodemus	Plato	1
Philodemus	Zeno_of_Sidon	2
Philolaus	Alcmaeon_of_Croton	1
Philolaus	Aristotle	1
Philolaus	Cebes	1
Philolaus	Democritus	1
Philolaus	Diogenes_Laertius	2
Philolaus	Iamblichus	1
Philolaus	Nicolaus_Copernicus	1
Philolaus	Parmenides	1
Philolaus	Plato	1
Philolaus	Plutarch	1
Philolaus	Proclus	1
Philolaus	Pythagoras	3
Philolaus	Socrates	1
Philostratus	Apollonius_of_Tyana	1
Philostratus	Gorgias	1
Philostratus	Photios_I_of_Constantinople	1
Pierre-Joseph_Proudhon	Benjamin_Tucker	4
Pierre-Joseph_Proudhon	Charles_Fourier	1
Pierre-Joseph_Proudhon	Denis_Diderot	1
Pierre-Joseph_Proudhon	François_Rabelais	1
Pierre-Joseph_Proudhon	Friedrich_Engels	1
Pierre-Joseph_Proudhon	Georges_Sorel	1
Pierre-Joseph_Proudhon	Jean-Jacques_Rousseau	1
Pierre-Joseph_Proudhon	Karl_Marx	5
Pierre-Joseph_Proudhon	Max_Stirner	1
Pierre-Joseph_Proudhon	Michel_de_Montaigne	1
Pierre-Joseph_Proudhon	Mikhail_Bakunin	3
Pierre-Joseph_Proudhon	Peter_Kropotkin	3
Pierre-Joseph_Proudhon	Pierre_Leroux	1
Pierre-Joseph_Proudhon	Vladimir_Lenin	1
Pierre-Joseph_Proudhon	Voltaire	1
Pierre-Simon_Laplace	Augustus_De_Morgan	1
Pierre-Simon_Laplace	Edmund_Burke	1
Pierre-Simon_Laplace	Emanuel_Swedenborg	1
Pierre-Simon_Laplace	Hans_Reichenbach	1
Pierre-Simon_Laplace	Immanuel_Kant	3
Pierre-Simon_Laplace	Isaac_Newton	4
Pierre-Simon_Laplace	Jean_Le_Rond_d'Alembert	3
Pierre-Simon_Laplace	Marquis_de_Condorcet	1
Pierre-Simon_Laplace	Roger_Joseph_Boscovich	1
Pierre-Sylvain_Régis	Baruch_Spinoza	1
Pierre-Sylvain_Régis	Jacques_Rohault	2
Pierre-Sylvain_Régis	Nicolas_Malebranche	1
Pierre-Sylvain_Régis	Pierre_Daniel_Huet	1
Pierre-Sylvain_Régis	René_Descartes	1
Pierre_Bayle	Baruch_Spinoza	1
Pierre_Bayle	Gottfried_Wilhelm_Leibniz	1
Pierre_Bayle	Isaac_Newton	1
Pierre_Bayle	John_Locke	1
Pierre_Bayle	Nicolas_Malebranche	1
Pierre_Bayle	René_Descartes	2
Pierre_Bayle	Thomas_Hobbes	1
Pierre_Bayle	Thomas_Jefferson	2
Pierre_Bayle	Voltaire	2
Pierre_Charron	Justus_Lipsius	1
Pierre_Charron	Michel_de_Montaigne	2
Pierre_Daniel_Huet	Origen	2
Pierre_Duhem	Albert_Einstein	1
Pierre_Duhem	David_Hume	1
Pierre_Duhem	Ernst_Mach	2
Pierre_Duhem	Galileo_Galilei	1
Pierre_Duhem	Gottfried_Wilhelm_Leibniz	1
Pierre_Duhem	Immanuel_Kant	1
Pierre_Duhem	Isaac_Newton	1
Pierre_Duhem	James_Clerk_Maxwell	1
Pierre_Duhem	Jean_Buridan	1
Pierre_Duhem	Johannes_Kepler	2
Pierre_Duhem	Ludwig_Boltzmann	1
Pierre_Duhem	Nicolaus_Copernicus	1
Pierre_Duhem	Nicole_Oresme	2
Pierre_Duhem	Plato	1
Pierre_Duhem	Plutarch	1
Pierre_Duhem	Roger_Bacon	1
Pierre_Duhem	Simplicius_of_Cilicia	1
Pierre_Duhem	Thomas_Aquinas	1
Pierre_Gassendi	Aristotle	2
Pierre_Gassendi	Blaise_Pascal	1
Pierre_Gassendi	Diogenes_Laertius	3
Pierre_Gassendi	Edward_Herbert,_1st_Baron_Herbert_of_Cherbury	1
Pierre_Gassendi	Epicurus	3
Pierre_Gassendi	Francis_Bacon	1
Pierre_Gassendi	Franciscus_Patricius	1
Pierre_Gassendi	François_Bernier	2
Pierre_Gassendi	Friedrich_Albert_Lange	1
Pierre_Gassendi	Galileo_Galilei	1
Pierre_Gassendi	Johannes_Kepler	2
Pierre_Gassendi	Marin_Mersenne	2
Pierre_Gassendi	Nicolaus_Copernicus	2
Pierre_Gassendi	René_Descartes	3
Pierre_Gassendi	Robert_Fludd	2
Pierre_Gassendi	Thomas_Hobbes	1
Pierre_Gassendi	Walter_Charleton	1
Pierre_Jean_Georges_Cabanis	Arthur_Schopenhauer	1
Pierre_Jean_Georges_Cabanis	Jean-Baptiste_Lamarck	1
Pierre_Laffitte_(philosopher)	Auguste_Comte	1
Pierre_Laffitte_(philosopher)	Émile_Littré	1
Pierre_Laromiguière	Hippolyte_Taine	2
Pierre_Laromiguière	Maine_de_Biran	1
Pierre_Laromiguière	Pierre_Jean_Georges_Cabanis	1
Pierre_Laromiguière	Théodore_Jouffroy	1
Pierre_Laromiguière	Victor_Cousin	2
Pierre_Laromiguière	Étienne_Bonnot_de_Condillac	1
Pierre_Leroux	Friedrich_Wilhelm_Joseph_Schelling	1
Pierre_Leroux	Henri_de_Saint-Simon	1
Pierre_Leroux	Karl_Marx	2
Pierre_Leroux	Karl_Rosenkranz	1
Pierre_Leroux	Ludwig_Feuerbach	1
Pierre_Paul_Royer-Collard	Germaine_de_Staël	1
Pierre_Paul_Royer-Collard	René_Descartes	1
Pierre_Paul_Royer-Collard	Thomas_Reid	1
Pierre_Paul_Royer-Collard	Voltaire	2
Pierre_Paul_Royer-Collard	Étienne_Bonnot_de_Condillac	1
Pierre_Teilhard_de_Chardin	Augustine_of_Hippo	1
Pierre_Teilhard_de_Chardin	Charles_Darwin	2
Pierre_Teilhard_de_Chardin	Dietrich_von_Hildebrand	4
Pierre_Teilhard_de_Chardin	Henri_Bergson	4
Pierre_Teilhard_de_Chardin	Origen	1
Pierre_Teilhard_de_Chardin	Sri_Aurobindo	1
Pierre_Teilhard_de_Chardin	Voltaire	1
Pierre_Teilhard_de_Chardin	Édouard_Le_Roy	3
Pierre_d'Ailly	Gregory_of_Rimini	1
Pierre_d'Ailly	Jan_Hus	1
Pierre_d'Ailly	Jean_Gerson	1
Pierre_d'Ailly	John_Wycliffe	1
Pierre_d'Ailly	Karl_Marx	1
Pierre_d'Ailly	Peter_Lombard	1
Pietro_Pomponazzi	Agostino_Nifo	1
Pietro_Pomponazzi	Alessandro_Achillini	1
Pietro_Pomponazzi	Alexander_of_Aphrodisias	1
Pietro_Pomponazzi	Aristotle	1
Pietro_Pomponazzi	Averroes	1
Pietro_Pomponazzi	Baruch_Spinoza	1
Pietro_Pomponazzi	Immanuel_Kant	1
Pietro_Pomponazzi	Jan_Hus	1
Pietro_Pomponazzi	Lucilio_Vanini	1
Pietro_Pomponazzi	Marin_Mersenne	1
Pietro_Pomponazzi	Martin_Luther	1
Pietro_Pomponazzi	Niccolò_Machiavelli	1
Pietro_Pomponazzi	Nicoletto_Vernia	3
Pietro_Pomponazzi	Pierre_Bayle	1
Pietro_Pomponazzi	Roberto_Ardigò	1
Pietro_Pomponazzi	Thomas_Aquinas	1
Pietro_Pomponazzi	Tommaso_Campanella	1
Pietro_d'Abano	Abraham_ibn_Ezra	1
Pietro_d'Abano	Aristotle	1
Pietro_d'Abano	Averroes	1
Pietro_d'Abano	Avicenna	1
Pillai_Lokacharya	Ramanuja	1
Pillai_Lokacharya	Vedanta_Desika	1
Pingala	Patanjali	1
Pingala	Pāṇini	1
Plato	Al-Farabi	1
Plato	Albert_Einstein	1
Plato	Alfred_North_Whitehead	2
Plato	Anaxagoras	1
Plato	Archytas	3
Plato	Aristotle	4
Plato	Avicenna	1
Plato	Cratylus	2
Plato	Diogenes_Laertius	1
Plato	Euclid_of_Megara	1
Plato	Eudoxus_of_Cnidus	1
Plato	Gemistos_Plethon	1
Plato	Gottlob_Frege	1
Plato	Heraclitus	2
Plato	Leo_Strauss	1
Plato	Maimonides	1
Plato	Marsilio_Ficino	1
Plato	Parmenides	2
Plato	Plotinus	1
Plato	Pythagoras	1
Plato	Socrates	2
Plato	Speusippus	2
Plato	Xenophon	1
Plato	Zeno_of_Elea	1
Plotinus	Abu_Ya'qub_al-Sijistani	1
Plotinus	Alexander_of_Aphrodisias	1
Plotinus	Ammonius_Saccas	4
Plotinus	Ananda_Coomaraswamy	1
Plotinus	Antiochus_of_Ascalon	1
Plotinus	Aristotle	3
Plotinus	Arthur_Schopenhauer	1
Plotinus	Augustine_of_Hippo	1
Plotinus	Bertrand_Russell	1
Plotinus	Cassius_Longinus_(philosopher)	1
Plotinus	Empedocles	1
Plotinus	Giovanni_Pico_della_Mirandola	1
Plotinus	Gregory_Palamas	1
Plotinus	Hamid_al-Din_al-Kirmani	1
Plotinus	Henri_Bergson	1
Plotinus	Heraclitus	1
Plotinus	Hypatia	1
Plotinus	Iamblichus	1
Plotinus	Maimonides	1
Plotinus	Marsilio_Ficino	1
Plotinus	Numenius_of_Apamea	1
Plotinus	Plato	2
Plotinus	Plutarch	1
Plotinus	Porphyry_of_Tyre	4
Plotinus	Pseudo-Dionysius_the_Areopagite	1
Plotinus	Ralph_Waldo_Emerson	1
Plotinus	Samuel_Taylor_Coleridge	1
Plotinus	Sarvepalli_Radhakrishnan	1
Plotinus	Solomon_ibn_Gabirol	1
Plotinus	Speusippus	1
Plotinus	Thomas_Aquinas	1
Plutarch	Alcibiades	1
Plutarch	Apuleius	1
Plutarch	Cicero	1
Plutarch	Favorinus	1
Plutarch	Jean-Jacques_Rousseau	2
Plutarch	Michel_de_Montaigne	1
Plutarch	Plato	1
Plutarch	Pyrrho	1
Plutarch	Pythagoras	1
Plutarch	Ralph_Waldo_Emerson	1
Polyaenus_of_Lampsacus	Aristo_of_Chios	1
Polyaenus_of_Lampsacus	Epicurus	3
Polyaenus_of_Lampsacus	Metrodorus_of_Lampsacus_(the_younger)	1
Polyaenus_of_Lampsacus	Philodemus	2
Polyaenus_of_Lampsacus	Zeno_of_Sidon	1
Pope_Gregory_I	Ambrose	1
Pope_Gregory_I	Augustine_of_Hippo	2
Pope_Gregory_I	Bede	1
Pope_Gregory_I	Jesus	1
Pope_Gregory_I	Justinian_I	1
Pope_Sylvester_II	Aristotle	1
Pope_Sylvester_II	Boethius	1
Pope_Sylvester_II	Cicero	2
Pope_Sylvester_II	Porphyry_of_Tyre	1
Porphyry_of_Tyre	Aristotle	1
Porphyry_of_Tyre	Augustine_of_Hippo	3
Porphyry_of_Tyre	Averroes	1
Porphyry_of_Tyre	Boethius	1
Porphyry_of_Tyre	Cassius_Longinus_(philosopher)	1
Porphyry_of_Tyre	Cyril_of_Alexandria	1
Porphyry_of_Tyre	Euclid	1
Porphyry_of_Tyre	Eusebius	3
Porphyry_of_Tyre	Iamblichus	4
Porphyry_of_Tyre	Ibn_al-Muqaffa'	1
Porphyry_of_Tyre	Jesus	1
Porphyry_of_Tyre	John_Philoponus	1
Porphyry_of_Tyre	Plotinus	3
Porphyry_of_Tyre	Ptolemy	1
Porphyry_of_Tyre	Pythagoras	2
Porphyry_of_Tyre	Shem-Tov_ibn_Falaquera	1
Posidonius	Aristotle	3
Posidonius	Augustine_of_Hippo	1
Posidonius	Chrysippus	1
Posidonius	Cicero	4
Posidonius	Cleomedes	1
Posidonius	Galen	1
Posidonius	Panaetius	4
Posidonius	Plato	2
Posidonius	Plutarch	1
Posidonius	Ptolemy	2
Posidonius	Seneca_the_Younger	3
Prabhācandra	Hemachandra	2
Prabhākara	Bhartṛhari	1
Prabhākara	Jaimini	1
Prabhākara	Kumārila_Bhaṭṭa	1
Proclus	Ammonius_Hermiae	1
Proclus	Archytas	1
Proclus	Aristotle	1
Proclus	Boethius	1
Proclus	Damascius	1
Proclus	Euclid	1
Proclus	Eudoxus_of_Cnidus	1
Proclus	Georg_Wilhelm_Friedrich_Hegel	1
Proclus	Iamblichus	1
Proclus	Marsilio_Ficino	1
Proclus	Nicholas_of_Cusa	1
Proclus	Plato	1
Proclus	Plotinus	1
Proclus	Plutarch	1
Proclus	Pseudo-Dionysius_the_Areopagite	1
Proclus	Syrianus	2
Prodicus	Aristippus	1
Prodicus	Gorgias	1
Prodicus	Hippias	1
Prodicus	Isocrates	1
Prodicus	Lucian	1
Prodicus	Philostratus	1
Prodicus	Plato	3
Prodicus	Plutarch	1
Prodicus	Protagoras	1
Prodicus	Socrates	3
Prodicus	Themistius	1
Prodicus	Thucydides	1
Prodicus	Xenophon	1
Profiat_Duran	Abraham_ibn_Ezra	1
Profiat_Duran	Hasdai_Crescas	1
Profiat_Duran	Maimonides	1
Profiat_Duran	Nachmanides	1
Protagoras	Aristotle	2
Protagoras	Cicero	1
Protagoras	Democritus	2
Protagoras	Diogenes_Laertius	2
Protagoras	Eusebius	2
Protagoras	Hippias	1
Protagoras	Plato	2
Protagoras	Plutarch	1
Protagoras	Prodicus	2
Protagoras	Sextus_Empiricus	1
Protagoras	Socrates	2
Protagoras	Xenophanes	1
Prudentius_of_Troyes	Gottschalk_of_Orbais	1
Prudentius_of_Troyes	Hincmar	2
Prudentius_of_Troyes	John_Scotus_Eriugena	1
Pseudo-Dionysius_the_Areopagite	Albertus_Magnus	1
Pseudo-Dionysius_the_Areopagite	Ammonius_Saccas	1
Pseudo-Dionysius_the_Areopagite	Bernard_of_Clairvaux	2
Pseudo-Dionysius_the_Areopagite	Bonaventure	2
Pseudo-Dionysius_the_Areopagite	Clement_of_Alexandria	1
Pseudo-Dionysius_the_Areopagite	Damascius	1
Pseudo-Dionysius_the_Areopagite	Denis_the_Carthusian	1
Pseudo-Dionysius_the_Areopagite	Erasmus	1
Pseudo-Dionysius_the_Areopagite	Gilbert_de_la_Porrée	1
Pseudo-Dionysius_the_Areopagite	Gregory_Palamas	1
Pseudo-Dionysius_the_Areopagite	Hugh_of_Saint_Victor	1
Pseudo-Dionysius_the_Areopagite	Jean_Gerson	1
Pseudo-Dionysius_the_Areopagite	Johannes_Tauler	2
Pseudo-Dionysius_the_Areopagite	John_Scotus_Eriugena	1
Pseudo-Dionysius_the_Areopagite	John_of_Damascus	1
Pseudo-Dionysius_the_Areopagite	John_of_Ruusbroec	1
Pseudo-Dionysius_the_Areopagite	Justinian_I	1
Pseudo-Dionysius_the_Areopagite	Lorenzo_Valla	1
Pseudo-Dionysius_the_Areopagite	Martin_Luther	2
Pseudo-Dionysius_the_Areopagite	Meister_Eckhart	1
Pseudo-Dionysius_the_Areopagite	Nicholas_of_Cusa	2
Pseudo-Dionysius_the_Areopagite	Origen	3
Pseudo-Dionysius_the_Areopagite	Peter_Lombard	1
Pseudo-Dionysius_the_Areopagite	Peter_the_Iberian	1
Pseudo-Dionysius_the_Areopagite	Philo	1
Pseudo-Dionysius_the_Areopagite	Plotinus	2
Pseudo-Dionysius_the_Areopagite	Pope_Gregory_I	1
Pseudo-Dionysius_the_Areopagite	Proclus	4
Pseudo-Dionysius_the_Areopagite	Richard_of_Saint_Victor	1
Pseudo-Dionysius_the_Areopagite	Robert_Grosseteste	1
Pseudo-Dionysius_the_Areopagite	Shalva_Nutsubidze	1
Pseudo-Dionysius_the_Areopagite	Teresa_of_Ávila	1
Pseudo-Dionysius_the_Areopagite	Thomas_Aquinas	2
Pseudo-Dionysius_the_Areopagite	William_of_Saint-Thierry	1
Ptolemy	Abu_Ma'shar_al-Balkhi	1
Ptolemy	Aristoxenus	1
Ptolemy	Ibn_al-Haytham	1
Ptolemy	Johannes_Kepler	1
Purana_Kassapa	Makkhali_Gosala	1
Purana_Kassapa	The_Buddha	1
Pyotr_Chaadayev	Samuel_Taylor_Coleridge	1
Pyotr_Lavrov	Georgi_Plekhanov	1
Pyotr_Lavrov	Karl_Marx	1
Pyotr_Lavrov	Mikhail_Bakunin	1
Pyrrho	Aenesidemus	1
Pyrrho	Anaxarchus	1
Pyrrho	Democritus	1
Pyrrho	Diogenes_Laertius	2
Pyrrho	Eusebius	2
Pyrrho	Sextus_Empiricus	1
Pyrrho	Socrates	1
Pyrrho	Timon_of_Phlius	2
Pythagoras	Albert_Einstein	1
Pythagoras	Alcmaeon_of_Croton	1
Pythagoras	Alfred_North_Whitehead	1
Pythagoras	Anaximander	2
Pythagoras	Anaximenes_of_Miletus	1
Pythagoras	Apollonius_of_Tyana	3
Pythagoras	Apuleius	1
Pythagoras	Archytas	1
Pythagoras	Aristippus	1
Pythagoras	Aristotle	2
Pythagoras	Aristoxenus	3
Pythagoras	Augustine_of_Hippo	1
Pythagoras	Cicero	6
Pythagoras	Clement_of_Alexandria	1
Pythagoras	Diogenes_Laertius	3
Pythagoras	Empedocles	4
Pythagoras	Epimenides	1
Pythagoras	Eudoxus_of_Cnidus	1
Pythagoras	Eusebius	1
Pythagoras	Heinrich_Cornelius_Agrippa	1
Pythagoras	Henry_David_Thoreau	1
Pythagoras	Heraclides_Ponticus	3
Pythagoras	Heraclitus	2
Pythagoras	Hippasus	1
Pythagoras	Iamblichus	4
Pythagoras	Isaac_Newton	1
Pythagoras	Isocrates	2
Pythagoras	Johannes_Kepler	2
Pythagoras	John_Gay	1
Pythagoras	Marsilio_Ficino	1
Pythagoras	Michel_de_Montaigne	1
Pythagoras	Nicolaus_Copernicus	2
Pythagoras	Numenius_of_Apamea	1
Pythagoras	Parmenides	1
Pythagoras	Pherecydes_of_Syros	1
Pythagoras	Philo	1
Pythagoras	Philolaus	2
Pythagoras	Philostratus	1
Pythagoras	Plato	2
Pythagoras	Plutarch	1
Pythagoras	Porphyry_of_Tyre	2
Pythagoras	Robert_Fludd	1
Pythagoras	William_of_Conches	1
Pythagoras	Xenophanes	4
Pythagoras	Zoroaster	1
Pāṇini	Bhartṛhari	2
Pāṇini	Charles_Sanders_Peirce	1
Pāṇini	Emil_Leon_Post	1
Pāṇini	Euclid	1
Pāṇini	Ferdinand_de_Saussure	3
Pāṇini	Gottlob_Frege	1
Pāṇini	Max_Müller	1
Pāṇini	Patanjali	2
Pāṇini	Pingala	2
Pāṇini	The_Buddha	1
Qusta_ibn_Luqa	Aristotle	1
Qusta_ibn_Luqa	Euclid	1
Qusta_ibn_Luqa	Galen	1
Qusta_ibn_Luqa	Hunayn_ibn_Ishaq	1
Qusta_ibn_Luqa	John_Philoponus	1
Qusta_ibn_Luqa	Theophrastus	1
R._G._Collingwood	Benedetto_Croce	4
R._G._Collingwood	Friedrich_Schlegel	1
R._G._Collingwood	Georg_Wilhelm_Friedrich_Hegel	1
R._G._Collingwood	Giambattista_Vico	1
R._G._Collingwood	Giovanni_Gentile	1
R._G._Collingwood	Immanuel_Kant	1
R._G._Collingwood	John_Cook_Wilson	1
Rabanus_Maurus	Alcuin	3
Rabanus_Maurus	Isidore_of_Seville	1
Rabanus_Maurus	Origen	1
Rabanus_Maurus	Pope_Gregory_I	1
Rabanus_Maurus	Victor_Cousin	1
Rabanus_Maurus	Walafrid_Strabo	1
Rabindranath_Tagore	Albert_Einstein	3
Rabindranath_Tagore	B._R._Ambedkar	1
Rabindranath_Tagore	Dante_Alighieri	1
Rabindranath_Tagore	Debendranath_Tagore	1
Rabindranath_Tagore	Henri_Bergson	1
Rabindranath_Tagore	Johann_Wolfgang_von_Goethe	1
Rabindranath_Tagore	José_Ortega_y_Gasset	1
Rabindranath_Tagore	Kabir	1
Rabindranath_Tagore	Leo_Tolstoy	1
Rabindranath_Tagore	Mahatma_Gandhi	2
Rabindranath_Tagore	Plato	1
Rabindranath_Tagore	Sarvepalli_Radhakrishnan	2
Rabindranath_Tagore	The_Buddha	1
Rabindranath_Tagore	Thomas_Browne	1
Radulphus_Brito	Aristotle	1
Radulphus_Brito	Boethius	1
Raghunatha_Shiromani	Chaitanya_Mahaprabhu	1
Raghunatha_Shiromani	Gaṅgeśa	1
Ralph_Barton_Perry	Alain_LeRoy_Locke	1
Ralph_Barton_Perry	Charles_Hartshorne	1
Ralph_Barton_Perry	Josiah_Royce	1
Ralph_Barton_Perry	William_James	3
Ralph_Cudworth	Benjamin_Whichcote	5
Ralph_Cudworth	Damaris_Cudworth_Masham	4
Ralph_Cudworth	Democritus	1
Ralph_Cudworth	Empedocles	1
Ralph_Cudworth	Epicurus	1
Ralph_Cudworth	Georges-Louis_Leclerc,_Comte_de_Buffon	1
Ralph_Cudworth	Gottfried_Wilhelm_Leibniz	1
Ralph_Cudworth	Henry_More	1
Ralph_Cudworth	J._H._Muirhead	1
Ralph_Cudworth	James_Martineau	1
Ralph_Cudworth	John_Locke	3
Ralph_Cudworth	John_Selden	1
Ralph_Cudworth	Pierre_Bayle	1
Ralph_Cudworth	Plato	1
Ralph_Cudworth	Pythagoras	1
Ralph_Cudworth	René_Descartes	1
Ralph_Cudworth	Strato_of_Lampsacus	1
Ralph_Cudworth	Thomas_Hobbes	2
Ralph_Cudworth	Thomas_Reid	1
Ralph_Waldo_Emerson	Friedrich_Nietzsche	2
Ralph_Waldo_Emerson	Henry_David_Thoreau	3
Ralph_Waldo_Emerson	John_Stuart_Mill	1
Ralph_Waldo_Emerson	Michel_de_Montaigne	1
Ralph_Waldo_Emerson	Samuel_Taylor_Coleridge	1
Ralph_Waldo_Emerson	Thomas_Carlyle	2
Ralph_Waldo_Emerson	Victor_Cousin	1
Ralph_Waldo_Emerson	Voltaire	1
Ralph_Waldo_Emerson	William_James	2
Ramanuja	Adi_Shankara	5
Ramanuja	Madhvacharya	2
Ramanuja	Mahapurna	1
Ramanuja	Thomas_Aquinas	1
Ramanuja	Yadava_Prakasa	3
Ramon_Llull	Al-Ghazali	2
Ramon_Llull	Francis_of_Assisi	1
Ramon_Llull	Giordano_Bruno	1
Ramon_Llull	Gottfried_Wilhelm_Leibniz	1
Ramon_Llull	Heinrich_Cornelius_Agrippa	1
Ramon_Llull	Jean_Gerson	1
Ramon_Llull	Jesus	1
Ramon_Llull	Marquis_de_Condorcet	2
Ramon_Llull	Nicholas_of_Cusa	1
Ramon_Llull	Petrus_Ramus	1
Ramon_Llull	René_Descartes	1
Ratnakīrti	Atiśa	1
Ratnakīrti	Dharmakirti	2
Ratnakīrti	Naropa	1
Ratramnus	Augustine_of_Hippo	1
Ratramnus	Boethius	1
Ratramnus	Gottschalk_of_Orbais	2
Ratramnus	Hincmar	2
Ratramnus	Jesus	1
Ratramnus	John_Scotus_Eriugena	2
Ratramnus	Photios_I_of_Constantinople	1
Reinhold_Niebuhr	Augustine_of_Hippo	1
Reinhold_Niebuhr	Bertrand_Russell	1
Reinhold_Niebuhr	Edmund_Burke	1
Reinhold_Niebuhr	H._Richard_Niebuhr	3
Reinhold_Niebuhr	Immanuel_Kant	1
Reinhold_Niebuhr	John_Dewey	3
Reinhold_Niebuhr	Karl_Barth	2
Reinhold_Niebuhr	Karl_Marx	1
Reinhold_Niebuhr	Martin_Buber	1
Reinhold_Niebuhr	Paul_Tillich	2
Reinhold_Niebuhr	Søren_Kierkegaard	1
Remigius_of_Auxerre	Bede	1
Remigius_of_Auxerre	Boethius	2
Remigius_of_Auxerre	Heiric_of_Auxerre	1
Remigius_of_Auxerre	Isidore_of_Seville	1
Remigius_of_Auxerre	John_Scotus_Eriugena	2
Remigius_of_Auxerre	Plato	2
Remigius_of_Auxerre	Sedulius_Scottus	1
Renn_Hampden	Aristotle	1
Renn_Hampden	John_Henry_Newman	2
Renn_Hampden	Plato	1
Renn_Hampden	Socrates	1
René_Descartes	Alexandre_Koyré	1
René_Descartes	Aristotle	1
René_Descartes	Blaise_Pascal	2
René_Descartes	Charles_Darwin	1
René_Descartes	Edmund_Husserl	1
René_Descartes	Elisabeth_of_the_Palatinate	4
René_Descartes	Galileo_Galilei	1
René_Descartes	Gerolamo_Cardano	1
René_Descartes	Gottfried_Wilhelm_Leibniz	2
René_Descartes	Henricus_Regius	2
René_Descartes	Isaac_Newton	2
René_Descartes	Johannes_Kepler	1
René_Descartes	John_Amos_Comenius	1
René_Descartes	John_Locke	1
René_Descartes	Lucretius	1
René_Descartes	Marin_Mersenne	1
René_Descartes	Martin_Heidegger	4
René_Descartes	Roy_Wood_Sellars	1
René_Descartes	Thomas_Hobbes	1
Richard_Avenarius	Alexander_Bogdanov	1
Richard_Avenarius	Baruch_Spinoza	1
Richard_Avenarius	Ernst_Mach	3
Richard_Avenarius	Vladimir_Lenin	1
Richard_Avenarius	William_James	1
Richard_Bentley	Anthony_Collins_(philosopher)	1
Richard_Bentley	Cicero	2
Richard_Bentley	Edward_Stillingfleet	1
Richard_Bentley	Isaac_Newton	2
Richard_Bentley	John_Selden	1
Richard_Bentley	Philostratus	1
Richard_Bentley	Richard_Cumberland_(philosopher)	1
Richard_Bentley	Thomas_Hobbes	1
Richard_Burthogge	Charles_Babbage	1
Richard_Burthogge	John_Locke	2
Richard_Cumberland_(philosopher)	David_Hartley_(philosopher)	1
Richard_Cumberland_(philosopher)	Eusebius	1
Richard_Cumberland_(philosopher)	Hugo_Grotius	2
Richard_Cumberland_(philosopher)	Jean_Le_Clerc_(theologian)	1
Richard_Cumberland_(philosopher)	John_Selden	1
Richard_Cumberland_(philosopher)	John_Stuart_Mill	1
Richard_Cumberland_(philosopher)	Richard_Bentley	1
Richard_Cumberland_(philosopher)	Samuel_von_Pufendorf	2
Richard_Cumberland_(philosopher)	Thomas_Hobbes	1
Richard_Dedekind	Bernhard_Riemann	2
Richard_Dedekind	Bertrand_Russell	1
Richard_Dedekind	David_Hilbert	1
Richard_Dedekind	Georg_Cantor	3
Richard_Dedekind	Giuseppe_Peano	1
Richard_Dedekind	Gottlob_Frege	1
Richard_Dedekind	Leopold_Kronecker	2
Richard_Hooker	Aristotle	1
Richard_Hooker	C._S._Lewis	1
Richard_Hooker	John_Locke	1
Richard_Hooker	Martin_Luther	1
Richard_Hooker	Thomas_Aquinas	2
Richard_Kroner	Georg_Wilhelm_Friedrich_Hegel	1
Richard_Kroner	Heinrich_Rickert	1
Richard_Kroner	Lev_Shestov	2
Richard_Kroner	Nikolai_Berdyaev	1
Richard_Kroner	Paul_Tillich	1
Richard_Kroner	Søren_Kierkegaard	1
Richard_Kroner	Thomas_Aquinas	1
Richard_Payne_Knight	Edmund_Burke	1
Richard_Price	Adam_Ferguson	2
Richard_Price	Adam_Smith	1
Richard_Price	Alexander_Bain_(philosopher)	1
Richard_Price	Benjamin_Franklin	3
Richard_Price	Cicero	1
Richard_Price	David_Hume	1
Richard_Price	Dugald_Stewart	1
Richard_Price	Edmund_Burke	3
Richard_Price	Francis_Hutcheson_(philosopher)	1
Richard_Price	Immanuel_Kant	1
Richard_Price	John_Adams	3
Richard_Price	John_Balguy	1
Richard_Price	Joseph_Butler	1
Richard_Price	Joseph_Priestley	1
Richard_Price	Marquis_de_Condorcet	1
Richard_Price	Mary_Wollstonecraft	2
Richard_Price	Panaetius	1
Richard_Price	Ralph_Cudworth	1
Richard_Price	Samuel_Clarke	1
Richard_Price	Thomas_Jefferson	3
Richard_Price	Thomas_Paine	1
Richard_Price	Thomas_Percival	1
Richard_Price	Thomas_Reid	1
Richard_Price	Théodore_Jouffroy	1
Richard_Price	William_Godwin	1
Richard_Price	William_Whewell	1
Richard_Rufus_of_Cornwall	Alexander_of_Hales	1
Richard_Rufus_of_Cornwall	Aristotle	1
Richard_Rufus_of_Cornwall	Bonaventure	1
Richard_Rufus_of_Cornwall	Francis_of_Meyronnes	1
Richard_Rufus_of_Cornwall	John_Philoponus	1
Richard_Rufus_of_Cornwall	Peter_Lombard	1
Richard_Rufus_of_Cornwall	Robert_Grosseteste	1
Richard_Rufus_of_Cornwall	Roger_Bacon	1
Richard_of_Middleton	Averroes	1
Richard_of_Middleton	Bonaventure	1
Richard_of_Middleton	Henry_of_Ghent	1
Richard_of_Middleton	Peter_John_Olivi	1
Richard_of_Middleton	Peter_Lombard	2
Richard_of_Middleton	Thomas_Aquinas	2
Richard_of_Middleton	Étienne_Gilson	1
Richard_of_Saint_Victor	Augustine_of_Hippo	1
Richard_of_Saint_Victor	Bede	1
Richard_of_Saint_Victor	Hugh_of_Saint_Victor	2
Richard_of_Saint_Victor	Pope_Gregory_I	1
Robert_Adamson_(philosopher)	Adelard_of_Bath	1
Robert_Adamson_(philosopher)	Alcuin	1
Robert_Adamson_(philosopher)	Alexander_of_Hales	1
Robert_Adamson_(philosopher)	Bonaventure	1
Robert_Adamson_(philosopher)	Charles_Fourier	1
Robert_Adamson_(philosopher)	David_Hume	1
Robert_Adamson_(philosopher)	Francis_Bacon	1
Robert_Adamson_(philosopher)	Friedrich_Eduard_Beneke	1
Robert_Adamson_(philosopher)	Georg_Wilhelm_Friedrich_Hegel	1
Robert_Adamson_(philosopher)	George_Berkeley	1
Robert_Adamson_(philosopher)	Giordano_Bruno	1
Robert_Adamson_(philosopher)	Immanuel_Kant	3
Robert_Adamson_(philosopher)	Johann_Gottlieb_Fichte	2
Robert_Adamson_(philosopher)	John_Scotus_Eriugena	1
Robert_Adamson_(philosopher)	Joseph_Butler	1
Robert_Adamson_(philosopher)	Norman_Kemp_Smith	1
Robert_Adamson_(philosopher)	Pierre_Gassendi	1
Robert_Adamson_(philosopher)	Roger_Bacon	2
Robert_Adamson_(philosopher)	William_Ritchie_Sorley	1
Robert_Adamson_(philosopher)	William_Stanley_Jevons	1
Robert_Alyngton	John_Wycliffe	1
Robert_Aspland	Thomas_Paine	1
Robert_Blakey_(writer)	George_Henry_Lewes	1
Robert_Blakey_(writer)	James_Beattie_(poet)	1
Robert_Blakey_(writer)	Victor_Cousin	1
Robert_Boyle	Francis_Bacon	2
Robert_Boyle	Galileo_Galilei	2
Robert_Boyle	Isaac_Newton	1
Robert_Boyle	René_Descartes	2
Robert_Boyle	Thomas_Hobbes	1
Robert_Filmer	Algernon_Sidney	2
Robert_Filmer	Aristotle	1
Robert_Filmer	Hugo_Grotius	2
Robert_Filmer	Jeremy_Bentham	1
Robert_Filmer	John_Calvin	1
Robert_Filmer	John_Locke	2
Robert_Filmer	Thomas_Hobbes	2
Robert_Flint_(theologian)	Giambattista_Vico	1
Robert_Flint_(theologian)	James_Frederick_Ferrier	1
Robert_Flint_(theologian)	T._H._Green	1
Robert_Fludd	Albertus_Magnus	1
Robert_Fludd	Francis_Bacon	1
Robert_Fludd	Galen	2
Robert_Fludd	Hippocrates	1
Robert_Fludd	Isaac_Newton	1
Robert_Fludd	Johannes_Kepler	3
Robert_Fludd	John_Amos_Comenius	1
Robert_Fludd	Marin_Mersenne	1
Robert_Fludd	Meister_Eckhart	1
Robert_Fludd	Origen	1
Robert_Fludd	Paracelsus	2
Robert_Fludd	Pierre_Gassendi	2
Robert_Fludd	Pythagoras	1
Robert_Grosseteste	Al-Kindi	1
Robert_Grosseteste	Aristotle	3
Robert_Grosseteste	Avicenna	1
Robert_Grosseteste	Boethius	1
Robert_Grosseteste	Bonaventure	1
Robert_Grosseteste	Euclid	1
Robert_Grosseteste	Galileo_Galilei	1
Robert_Grosseteste	Pseudo-Dionysius_the_Areopagite	1
Robert_Grosseteste	Roger_Bacon	4
Robert_Grosseteste	Vincent_of_Beauvais	1
Robert_Holcot	Adam_of_Wodeham	1
Robert_Holcot	Gabriel_Biel	1
Robert_Holcot	William_of_Ockham	2
Robert_Kilwardby	Aristotle	1
Robert_Kilwardby	Thomas_Aquinas	1
Roberto_Ardigò	Auguste_Comte	1
Rodolphus_Agricola	Aristotle	1
Rodolphus_Agricola	Boethius	1
Rodolphus_Agricola	Cicero	3
Rodolphus_Agricola	Erasmus	2
Rodolphus_Agricola	Petrarch	1
Rodolphus_Agricola	Seneca_the_Younger	1
Roger_Bacon	Al-Kindi	2
Roger_Bacon	Albertus_Magnus	4
Roger_Bacon	Alexander_of_Hales	1
Roger_Bacon	Alexandre_Koyré	1
Roger_Bacon	Aristotle	5
Roger_Bacon	Augustine_of_Hippo	1
Roger_Bacon	Averroes	1
Roger_Bacon	Avicenna	2
Roger_Bacon	Bonaventure	1
Roger_Bacon	Charles_Sanders_Peirce	1
Roger_Bacon	Duns_Scotus	1
Roger_Bacon	Edmund_Husserl	1
Roger_Bacon	Eudoxus_of_Cnidus	1
Roger_Bacon	Francis_Bacon	1
Roger_Bacon	Galen	1
Roger_Bacon	Galileo_Galilei	1
Roger_Bacon	Giordano_Bruno	1
Roger_Bacon	Henry_of_Ghent	1
Roger_Bacon	Ibn_al-Haytham	3
Roger_Bacon	John_Peckham	1
Roger_Bacon	Martin_Heidegger	1
Roger_Bacon	Peter_of_Spain	1
Roger_Bacon	Pierre_Duhem	1
Roger_Bacon	Plato	1
Roger_Bacon	Pope_Sylvester_II	1
Roger_Bacon	Ptolemy	1
Roger_Bacon	Ramon_Llull	1
Roger_Bacon	René_Descartes	1
Roger_Bacon	Richard_Rufus_of_Cornwall	1
Roger_Bacon	Robert_Grosseteste	7
Roger_Bacon	Robert_Kilwardby	1
Roger_Bacon	Thomas_Aquinas	2
Roger_Bacon	Thomas_Browne	3
Roger_Bacon	Vitello	1
Roger_Bacon	William_Blake	1
Roger_Bacon	William_Whewell	1
Roger_Bacon	William_of_Auvergne	1
Roger_Bacon	William_of_Ockham	1
Roger_Bacon	William_of_Sherwood	2
Roger_Joseph_Boscovich	Gottfried_Wilhelm_Leibniz	2
Roger_Joseph_Boscovich	Isaac_Newton	1
Roger_Joseph_Boscovich	Jean_Le_Rond_d'Alembert	1
Roger_Joseph_Boscovich	Joseph_Priestley	1
Roger_Joseph_Boscovich	René_Descartes	1
Roger_Joseph_Boscovich	Voltaire	1
Roger_Marston	John_Peckham	2
Roger_Marston	Matthew_of_Aquasparta	1
Roman_Ingarden	Edith_Stein	1
Roman_Ingarden	Edmund_Husserl	2
Roman_Ingarden	George_Berkeley	1
Roman_Ingarden	Kazimierz_Twardowski	1
Roman_Ingarden	Stanisław_Ignacy_Witkiewicz	1
Roman_Ingarden	Władysław_Tatarkiewicz	1
Rosa_Luxemburg	Eduard_Bernstein	3
Rosa_Luxemburg	Friedrich_Engels	1
Rosa_Luxemburg	Georgi_Plekhanov	1
Rosa_Luxemburg	Karl_Kautsky	2
Rosa_Luxemburg	Karl_Marx	1
Rosa_Luxemburg	Leon_Trotsky	2
Rosa_Luxemburg	Vladimir_Lenin	2
Roscellinus	Anselm_of_Canterbury	1
Roscellinus	Boethius	1
Roscellinus	John_of_Salisbury	1
Roscellinus	Porphyry_of_Tyre	1
Roscoe_Pound	Karl_Llewellyn	1
Roy_Wood_Sellars	Hans_Driesch	1
Roy_Wood_Sellars	Henri_Bergson	1
Roy_Wood_Sellars	Wilhelm_Windelband	1
Ruan_Ji	Confucius	1
Ruan_Ji	Ji_Kang	4
Ruan_Ji	Laozi	1
Ruan_Ji	Zhuang_Zhou	2
Rudolf_Bultmann	Friedrich_Schleiermacher	1
Rudolf_Bultmann	Karl_Barth	1
Rudolf_Bultmann	Martin_Heidegger	3
Rudolf_Bultmann	Rudolf_Otto	1
Rudolf_Carnap	Albert_Einstein	1
Rudolf_Carnap	Bertrand_Russell	1
Rudolf_Carnap	Charles_Hartshorne	1
Rudolf_Carnap	Edmund_Husserl	1
Rudolf_Carnap	Friedrich_Waismann	1
Rudolf_Carnap	Gottlob_Frege	2
Rudolf_Carnap	Hans_Reichenbach	3
Rudolf_Carnap	Heinrich_Rickert	1
Rudolf_Carnap	Immanuel_Kant	2
Rudolf_Carnap	Ludwig_Wittgenstein	2
Rudolf_Carnap	Moritz_Schlick	3
Rudolf_Carnap	Otto_Neurath	3
Rudolf_Christoph_Eucken	Friedrich_Adolf_Trendelenburg	2
Rudolf_Christoph_Eucken	Gustav_Teichmüller	2
Rudolf_Christoph_Eucken	Hermann_Lotze	2
Rudolf_Christoph_Eucken	Max_Scheler	1
Rudolf_Haym	Arthur_Schopenhauer	1
Rudolf_Haym	Georg_Wilhelm_Friedrich_Hegel	1
Rudolf_Haym	Johann_Gottfried_Herder	1
Rudolf_Haym	Wilhelm_von_Humboldt	1
Rudolf_Otto	Adi_Shankara	1
Rudolf_Otto	C._S._Lewis	2
Rudolf_Otto	Carl_Jung	2
Rudolf_Otto	Edmund_Husserl	1
Rudolf_Otto	Ernst_Jünger	1
Rudolf_Otto	Friedrich_Schleiermacher	2
Rudolf_Otto	Immanuel_Kant	4
Rudolf_Otto	Jakob_Friedrich_Fries	2
Rudolf_Otto	Karl_Barth	2
Rudolf_Otto	Leo_Strauss	2
Rudolf_Otto	Mahatma_Gandhi	1
Rudolf_Otto	Martin_Buber	1
Rudolf_Otto	Martin_Heidegger	2
Rudolf_Otto	Martin_Luther	1
Rudolf_Otto	Max_Horkheimer	2
Rudolf_Otto	Max_Scheler	1
Rudolf_Otto	Meister_Eckhart	1
Rudolf_Otto	Paul_Tillich	2
Rudolf_Otto	René_Descartes	1
Rudolf_Otto	Walter_Terence_Stace	1
Rudolf_Otto	William_James	1
Rudolf_Steiner	Albert_Einstein	1
Rudolf_Steiner	Albert_Schweitzer	2
Rudolf_Steiner	Arthur_Schopenhauer	1
Rudolf_Steiner	Carl_Jung	1
Rudolf_Steiner	Charles_Darwin	1
Rudolf_Steiner	Eduard_von_Hartmann	1
Rudolf_Steiner	Ernst_Haeckel	2
Rudolf_Steiner	Franz_Brentano	1
Rudolf_Steiner	Friedrich_Nietzsche	2
Rudolf_Steiner	Friedrich_Wilhelm_Joseph_Schelling	1
Rudolf_Steiner	Georg_Wilhelm_Friedrich_Hegel	1
Rudolf_Steiner	Immanuel_Kant	1
Rudolf_Steiner	Isaac_Newton	1
Rudolf_Steiner	Jiddu_Krishnamurti	1
Rudolf_Steiner	Johann_Friedrich_Herbart	1
Rudolf_Steiner	Johann_Gottlieb_Fichte	2
Rudolf_Steiner	Johann_Wolfgang_von_Goethe	3
Rudolf_Steiner	Martin_Heidegger	1
Rudolf_Steiner	Max_Stirner	1
Rudolf_Steiner	Pavel_Florensky	1
Rudolf_Steiner	Sergei_Bulgakov	1
Rudolf_Steiner	Vladimir_Solovyov_(philosopher)	1
Rudolf_Steiner	Wilhelm_Dilthey	1
Rudolf_von_Jhering	Friedrich_Carl_von_Savigny	1
Rudolph_Goclenius	Aristotle	1
Rudolph_Goclenius	Jacopo_Zabarella	1
Rudolph_Goclenius	Julius_Caesar_Scaliger	2
Rudolph_Goclenius	Nicolaus_Taurellus	1
Rudolph_Goclenius	Thomas_Aquinas	1
Réginald_Garrigou-Lagrange	Jacques_Maritain	1
Réginald_Garrigou-Lagrange	Pierre_Duhem	1
Réginald_Garrigou-Lagrange	Thomas_Aquinas	2
Réginald_Garrigou-Lagrange	Émile_Durkheim	1
Saadia_Gaon	Abraham_ibn_Daud	2
Saadia_Gaon	Abraham_ibn_Ezra	3
Saadia_Gaon	Ibn_Hazm	1
Saadia_Gaon	Maimonides	1
Saadia_Gaon	Moses_Mendelssohn	1
Saadia_Gaon	Philo	1
Salomon_Maimon	Baruch_Spinoza	1
Salomon_Maimon	Christian_Wolff_(philosopher)	1
Salomon_Maimon	David_Hume	1
Salomon_Maimon	Friedrich_Heinrich_Jacobi	1
Salomon_Maimon	Gottfried_Wilhelm_Leibniz	1
Salomon_Maimon	Gottlob_Ernst_Schulze	1
Salomon_Maimon	Immanuel_Kant	1
Salomon_Maimon	Karl_Leonhard_Reinhold	1
Salomon_Maimon	Maimonides	1
Salomon_Maimon	Moses_Mendelssohn	1
Samuel_Alexander	F._H._Bradley	2
Samuel_Alexander	John_Anderson_(philosopher)	1
Samuel_Alexander	John_Macmurray	1
Samuel_Alexander	T._H._Green	1
Samuel_Bailey	David_Ricardo	1
Samuel_Bailey	George_Berkeley	1
Samuel_Bailey	James_Frederick_Ferrier	1
Samuel_Bailey	Jeremy_Bentham	1
Samuel_Bailey	John_Stuart_Mill	1
Samuel_Bold	John_Locke	1
Samuel_Bold	John_Norris_(philosopher)	1
Samuel_Butler_(novelist)	Alfred_Russel_Wallace	1
Samuel_Butler_(novelist)	C._E._M._Joad	1
Samuel_Butler_(novelist)	Charles_Darwin	1
Samuel_Butler_(novelist)	Georges-Louis_Leclerc,_Comte_de_Buffon	1
Samuel_Butler_(novelist)	Jean-Baptiste_Lamarck	1
Samuel_Clarke	Alexander_Bain_(philosopher)	1
Samuel_Clarke	Anthony_Collins_(philosopher)	1
Samuel_Clarke	Athanasius_of_Alexandria	1
Samuel_Clarke	Baruch_Spinoza	1
Samuel_Clarke	Francis_Hutcheson_(philosopher)	2
Samuel_Clarke	George_Berkeley	1
Samuel_Clarke	Gottfried_Wilhelm_Leibniz	2
Samuel_Clarke	Henry_Sidgwick	1
Samuel_Clarke	Isaac_Newton	1
Samuel_Clarke	Jacques_Rohault	1
Samuel_Clarke	James_Burnett,_Lord_Monboddo	1
Samuel_Clarke	John_Balguy	1
Samuel_Clarke	John_Locke	1
Samuel_Clarke	John_Norris_(philosopher)	1
Samuel_Clarke	Leslie_Stephen	1
Samuel_Clarke	Nicolas_Malebranche	1
Samuel_Clarke	Ralph_Cudworth	1
Samuel_Clarke	Thomas_Brown_(philosopher)	1
Samuel_Clarke	Thomas_Hobbes	1
Samuel_Clarke	Théodore_Jouffroy	1
Samuel_Johnson	Adam_Smith	1
Samuel_Johnson	David_Hume	1
Samuel_Johnson	Edmund_Burke	1
Samuel_Johnson	George_Berkeley	1
Samuel_Johnson	Petrarch	1
Samuel_Johnson	Plutarch	1
Samuel_Johnson_(pamphleteer)	Samuel_Johnson	1
Samuel_Taylor_Coleridge	Adam_Smith	1
Samuel_Taylor_Coleridge	Arthur_Oncken_Lovejoy	1
Samuel_Taylor_Coleridge	C._S._Lewis	1
Samuel_Taylor_Coleridge	David_Hartley_(philosopher)	1
Samuel_Taylor_Coleridge	Edmund_Burke	1
Samuel_Taylor_Coleridge	Friedrich_Schiller	1
Samuel_Taylor_Coleridge	Friedrich_Wilhelm_Joseph_Schelling	1
Samuel_Taylor_Coleridge	Gotthold_Ephraim_Lessing	1
Samuel_Taylor_Coleridge	I._A._Richards	2
Samuel_Taylor_Coleridge	Immanuel_Kant	2
Samuel_Taylor_Coleridge	J._H._Muirhead	1
Samuel_Taylor_Coleridge	Johann_Wolfgang_von_Goethe	1
Samuel_Taylor_Coleridge	John_Stuart_Mill	2
Samuel_Taylor_Coleridge	Lewis_Carroll	1
Samuel_Taylor_Coleridge	Ralph_Waldo_Emerson	3
Samuel_Taylor_Coleridge	Samuel_Johnson	1
Samuel_Taylor_Coleridge	Thomas_Carlyle	2
Samuel_Taylor_Coleridge	Voltaire	1
Samuel_Taylor_Coleridge	William_Godwin	2
Samuel_Taylor_Coleridge	William_Hazlitt	1
Samuel_ibn_Tibbon	Aristotle	1
Samuel_ibn_Tibbon	Averroes	1
Samuel_ibn_Tibbon	Galen	1
Samuel_ibn_Tibbon	Maimonides	2
Samuel_von_Pufendorf	David_Hume	1
Samuel_von_Pufendorf	Denis_Diderot	1
Samuel_von_Pufendorf	Gottfried_Wilhelm_Leibniz	1
Samuel_von_Pufendorf	Hugo_Grotius	2
Samuel_von_Pufendorf	Jean-Jacques_Rousseau	2
Samuel_von_Pufendorf	John_Locke	1
Samuel_von_Pufendorf	Montesquieu	1
Samuel_von_Pufendorf	René_Descartes	1
Samuel_von_Pufendorf	Thomas_Hobbes	2
Samuel_von_Pufendorf	Voltaire	1
Samuel_von_Pufendorf	William_Blackstone	1
Sanjaya_Belatthiputta	Ajita_Kesakambali	2
Sanjaya_Belatthiputta	Makkhali_Gosala	1
Sanjaya_Belatthiputta	The_Buddha	1
Sanjaya_Belatthiputta	Śāriputra	1
Sarvepalli_Radhakrishnan	Adi_Shankara	1
Sarvepalli_Radhakrishnan	Albert_Einstein	1
Sarvepalli_Radhakrishnan	F._H._Bradley	1
Sarvepalli_Radhakrishnan	Henri_Bergson	1
Sarvepalli_Radhakrishnan	Max_Müller	1
Sarvepalli_Radhakrishnan	Rabindranath_Tagore	1
Sarvepalli_Radhakrishnan	William_James	1
Sedulius_Scottus	Duns_Scotus	1
Sedulius_Scottus	John_Scotus_Eriugena	1
Sedulius_Scottus	Porphyry_of_Tyre	1
Semyon_Frank	Ivan_Ilyin	1
Semyon_Frank	Nikolai_Berdyaev	1
Semyon_Frank	Nikolay_Lossky	1
Semyon_Frank	Nikolay_Mikhaylovsky	1
Seneca_the_Younger	Aristotle	1
Seneca_the_Younger	Augustine_of_Hippo	2
Seneca_the_Younger	Chrysippus	1
Seneca_the_Younger	Cicero	1
Seneca_the_Younger	Cleanthes	1
Seneca_the_Younger	Dante_Alighieri	2
Seneca_the_Younger	Epicurus	1
Seneca_the_Younger	Erasmus	1
Seneca_the_Younger	Gerolamo_Cardano	1
Seneca_the_Younger	John_Calvin	1
Seneca_the_Younger	John_of_Salisbury	1
Seneca_the_Younger	Justus_Lipsius	1
Seneca_the_Younger	Michel_de_Montaigne	2
Seneca_the_Younger	Petrarch	2
Seneca_the_Younger	Plato	2
Seneca_the_Younger	Plutarch	1
Seneca_the_Younger	Posidonius	1
Seneca_the_Younger	Socrates	1
Seneca_the_Younger	Tertullian	1
Seneca_the_Younger	Xenophon	1
Seneca_the_Younger	Zeno_of_Citium	1
Sengzhao	Laozi	2
Sengzhao	Zhuang_Zhou	1
Sergei_Bulgakov	Georgi_Plekhanov	1
Sergei_Bulgakov	Karl_Kautsky	1
Sergei_Bulgakov	Karl_Marx	2
Sergei_Bulgakov	Pavel_Florensky	2
Sergei_Bulgakov	Peter_Kropotkin	1
Sergei_Bulgakov	Rudolf_Steiner	1
Sergei_Bulgakov	Thomas_Carlyle	1
Sergei_Bulgakov	Vasily_Rozanov	1
Sergei_Bulgakov	Vladimir_Lenin	1
Sergei_Bulgakov	Vladimir_Solovyov_(philosopher)	1
Sextus_Empiricus	Blaise_Pascal	1
Sextus_Empiricus	Carneades	1
Sextus_Empiricus	David_Hume	2
Sextus_Empiricus	Diogenes_Laertius	2
Sextus_Empiricus	Georg_Wilhelm_Friedrich_Hegel	1
Sextus_Empiricus	Michel_de_Montaigne	2
Sextus_Empiricus	Pierre_Bayle	1
Sextus_Empiricus	Pierre_Daniel_Huet	1
Sextus_Empiricus	Protagoras	1
Sextus_Empiricus	René_Descartes	1
Shadworth_Hodgson	George_Stout	1
Shadworth_Hodgson	Immanuel_Kant	1
Shadworth_Hodgson	Samuel_Taylor_Coleridge	1
Shadworth_Hodgson	William_James	1
Shah_Waliullah_Dehlawi	Abu_Hanifa	1
Shah_Waliullah_Dehlawi	Ahmad_ibn_Hanbal	1
Shah_Waliullah_Dehlawi	Al-Shafi'i	2
Shalva_Nutsubidze	Bernard_Bolzano	1
Shalva_Nutsubidze	Dimitri_Uznadze	1
Shalva_Nutsubidze	Edmund_Husserl	1
Shalva_Nutsubidze	Ioane_Petritsi	1
Shalva_Nutsubidze	John_of_Damascus	1
Shalva_Nutsubidze	Karl_Barth	1
Shalva_Nutsubidze	Peter_the_Iberian	2
Shalva_Nutsubidze	Pseudo-Dionysius_the_Areopagite	2
Shalva_Nutsubidze	Vladimir_Lenin	1
Shalva_Nutsubidze	Wilhelm_Wundt	1
Shang_Yang	Guan_Zhong	1
Shang_Yang	Han_Fei	2
Shang_Yang	Li_Kui_(legalist)	2
Shang_Yang	Shen_Buhai	1
Shang_Yang	Xunzi_(philosopher)	2
Shao_Yong	Cheng_Hao	2
Shao_Yong	Cheng_Yi_(philosopher)	2
Shao_Yong	Gottfried_Wilhelm_Leibniz	1
Shao_Yong	Mencius	2
Shao_Yong	Yang_Xiong_(author)	1
Shao_Yong	Zengzi	1
Shao_Yong	Zhang_Zai	2
Shao_Yong	Zhou_Dunyi	2
Shao_Yong	Zhu_Xi	1
Shem-Tov_ibn_Falaquera	Albertus_Magnus	1
Shem-Tov_ibn_Falaquera	Aristotle	1
Shem-Tov_ibn_Falaquera	Averroes	1
Shem-Tov_ibn_Falaquera	Avicenna	1
Shem-Tov_ibn_Falaquera	Hillel_ben_Samuel	1
Shem-Tov_ibn_Falaquera	Maimonides	2
Shem-Tov_ibn_Falaquera	Plato	1
Shem-Tov_ibn_Falaquera	Ptolemy	1
Shem-Tov_ibn_Falaquera	Samuel_ibn_Tibbon	1
Shem-Tov_ibn_Falaquera	Solomon_ibn_Gabirol	1
Shen_Buhai	Ch'ien_Mu	1
Shen_Buhai	Chao_Cuo	2
Shen_Buhai	Deng_Xi	1
Shen_Buhai	Dong_Zhongshu	2
Shen_Buhai	Guan_Zhong	1
Shen_Buhai	Han_Fei	4
Shen_Buhai	Jia_Yi	2
Shen_Buhai	Li_Kui_(legalist)	2
Shen_Buhai	Li_Si	1
Shen_Buhai	Shang_Yang	13
Shen_Buhai	Shen_Dao	1
Shen_Buhai	Xunzi_(philosopher)	1
Shen_Buhai	Zichan	2
Shen_Dao	Ch'ien_Mu	1
Shen_Dao	Confucius	2
Shen_Dao	Feng_Youlan	1
Shen_Dao	Gongsun_Long	1
Shen_Dao	Han_Fei	2
Shen_Dao	Laozi	1
Shen_Dao	Liu_An	1
Shen_Dao	Mencius	6
Shen_Dao	Mozi	1
Shen_Dao	Shang_Yang	5
Shen_Dao	Shen_Buhai	10
Shen_Dao	Sun_Tzu	1
Shen_Dao	Wang_Fuzhi	1
Shen_Dao	Xunzi_(philosopher)	9
Shen_Dao	Yang_Zhu	1
Shinran	John_Calvin	1
Shinran	Karl_Barth	1
Shinran	Martin_Luther	1
Shinran	Vasubandhu	1
Shūzō_Kuki	Aristotle	1
Shūzō_Kuki	Edmund_Husserl	1
Shūzō_Kuki	Heinrich_Rickert	1
Shūzō_Kuki	Henri_Bergson	1
Shūzō_Kuki	Kiyoshi_Miki	1
Shūzō_Kuki	Martin_Heidegger	2
Shūzō_Kuki	René_Descartes	1
Shūzō_Kuki	Tetsurō_Watsuji	1
Siddhasenadivākarasuri	Hemachandra	1
Siddheshwar	Basava	3
Siger_of_Brabant	Albertus_Magnus	1
Siger_of_Brabant	Averroes	1
Siger_of_Brabant	Boetius_of_Dacia	1
Siger_of_Brabant	Dante_Alighieri	3
Siger_of_Brabant	John_Peckham	1
Siger_of_Brabant	Thomas_Aquinas	1
Sigmund_Freud	Albert_Einstein	2
Sigmund_Freud	Arthur_Schopenhauer	1
Sigmund_Freud	Carl_Jung	5
Sigmund_Freud	Charles_Darwin	1
Sigmund_Freud	Edmund_Husserl	1
Sigmund_Freud	Eduard_von_Hartmann	1
Sigmund_Freud	Franz_Brentano	4
Sigmund_Freud	Friedrich_Nietzsche	1
Sigmund_Freud	Gustav_Fechner	1
Sigmund_Freud	Herbert_Marcuse	2
Sigmund_Freud	Jean_Piaget	1
Sigmund_Freud	Johann_Friedrich_Herbart	1
Sigmund_Freud	Johannes_Kepler	1
Sigmund_Freud	John_Stuart_Mill	1
Sigmund_Freud	Karl_Marx	1
Sigmund_Freud	Plato	1
Sigmund_Freud	Thomas_Aquinas	1
Sigmund_Freud	Wilhelm_Reich	1
Simeon_ben_Zemah_Duran	Gersonides	2
Simeon_ben_Zemah_Duran	Hasdai_Crescas	3
Simeon_ben_Zemah_Duran	Maimonides	1
Simeon_ben_Zemah_Duran	Profiat_Duran	2
Simeon_ben_Zemah_Duran	Solomon_ibn_Gabirol	1
Simon_Foucher	Gottfried_Wilhelm_Leibniz	1
Simon_Foucher	Nicolas_Malebranche	1
Simon_Foucher	Robert_Desgabets	1
Simon_of_Faversham	Aristotle	1
Simplicius_of_Cilicia	Al-Farabi	1
Simplicius_of_Cilicia	Albertus_Magnus	1
Simplicius_of_Cilicia	Alexander_of_Aphrodisias	2
Simplicius_of_Cilicia	Ammonius_Hermiae	5
Simplicius_of_Cilicia	Anaxagoras	1
Simplicius_of_Cilicia	Andronicus_of_Rhodes	1
Simplicius_of_Cilicia	Aristotle	3
Simplicius_of_Cilicia	Averroes	1
Simplicius_of_Cilicia	Bessarion	1
Simplicius_of_Cilicia	Damascius	5
Simplicius_of_Cilicia	Diogenes_of_Apollonia	1
Simplicius_of_Cilicia	Duns_Scotus	1
Simplicius_of_Cilicia	Eduard_Zeller	1
Simplicius_of_Cilicia	Empedocles	1
Simplicius_of_Cilicia	Epictetus	1
Simplicius_of_Cilicia	Galileo_Galilei	1
Simplicius_of_Cilicia	Gemistos_Plethon	1
Simplicius_of_Cilicia	Georg_Wilhelm_Friedrich_Hegel	1
Simplicius_of_Cilicia	Gerard_of_Cremona	1
Simplicius_of_Cilicia	Giles_of_Rome	1
Simplicius_of_Cilicia	Henry_of_Ghent	1
Simplicius_of_Cilicia	Heraclitus	1
Simplicius_of_Cilicia	Iamblichus	1
Simplicius_of_Cilicia	John_Philoponus	2
Simplicius_of_Cilicia	Justinian_I	2
Simplicius_of_Cilicia	Peter_of_Auvergne	1
Simplicius_of_Cilicia	Plato	1
Simplicius_of_Cilicia	Plotinus	2
Simplicius_of_Cilicia	Porphyry_of_Tyre	3
Simplicius_of_Cilicia	Proclus	3
Simplicius_of_Cilicia	Ptolemy	1
Simplicius_of_Cilicia	Robert_Grosseteste	1
Simplicius_of_Cilicia	Syrianus	1
Simplicius_of_Cilicia	Themistius	1
Simplicius_of_Cilicia	Theophrastus	1
Simplicius_of_Cilicia	Thomas_Aquinas	1
Simplicius_of_Cilicia	William_of_Moerbeke	1
Simplicius_of_Cilicia	Zeno_of_Citium	1
Sir_William_Hamilton,_9th_Baronet	Aristotle	1
Sir_William_Hamilton,_9th_Baronet	Augustus_De_Morgan	1
Sir_William_Hamilton,_9th_Baronet	Dugald_Stewart	1
Sir_William_Hamilton,_9th_Baronet	Henry_Longueville_Mansel	1
Sir_William_Hamilton,_9th_Baronet	Immanuel_Kant	1
Sir_William_Hamilton,_9th_Baronet	John_Stuart_Mill	1
Sir_William_Hamilton,_9th_Baronet	John_Veitch_(poet)	2
Sir_William_Hamilton,_9th_Baronet	Julius_Caesar_Scaliger	1
Sir_William_Hamilton,_9th_Baronet	Martin_Luther	1
Sir_William_Hamilton,_9th_Baronet	Thomas_Brown_(philosopher)	1
Sir_William_Hamilton,_9th_Baronet	Thomas_Reid	1
Sir_William_Hamilton,_9th_Baronet	Victor_Cousin	1
Sir_William_Hamilton,_9th_Baronet	William_Stanley_Jevons	1
Socrates	Al-Kindi	1
Socrates	Alcibiades	3
Socrates	Antisthenes	3
Socrates	Arcesilaus	1
Socrates	Aristippus	3
Socrates	Aristotle	1
Socrates	Aristoxenus	1
Socrates	Augustine_of_Hippo	1
Socrates	Callicles	1
Socrates	Cebes	1
Socrates	Diogenes	1
Socrates	Euclid_of_Megara	3
Socrates	Eusebius	1
Socrates	Friedrich_Nietzsche	2
Socrates	Friedrich_Schleiermacher	1
Socrates	Georg_Wilhelm_Friedrich_Hegel	1
Socrates	Jabir_ibn_Hayyan	1
Socrates	Leo_Strauss	1
Socrates	Marsilio_Ficino	1
Socrates	Michel_de_Montaigne	1
Socrates	Parmenides	1
Socrates	Plato	4
Socrates	Protagoras	1
Socrates	Søren_Kierkegaard	2
Socrates	Voltaire	1
Socrates	Xenophon	3
Solomon_ibn_Gabirol	Abraham_ibn_Daud	2
Solomon_ibn_Gabirol	Abraham_ibn_Ezra	2
Solomon_ibn_Gabirol	Albertus_Magnus	1
Solomon_ibn_Gabirol	Alexander_of_Hales	1
Solomon_ibn_Gabirol	Bahya_ibn_Paquda	1
Solomon_ibn_Gabirol	Bonaventure	1
Solomon_ibn_Gabirol	Dominicus_Gundissalinus	2
Solomon_ibn_Gabirol	Duns_Scotus	1
Solomon_ibn_Gabirol	Giordano_Bruno	1
Solomon_ibn_Gabirol	Hunayn_ibn_Ishaq	1
Solomon_ibn_Gabirol	Isaac_Abarbanel	1
Solomon_ibn_Gabirol	Joseph_Solomon_Delmedigo	1
Solomon_ibn_Gabirol	Joseph_ibn_Tzaddik	1
Solomon_ibn_Gabirol	Moses_ibn_Ezra	3
Solomon_ibn_Gabirol	Philo	1
Solomon_ibn_Gabirol	Shem-Tov_ibn_Falaquera	1
Solomon_ibn_Gabirol	Thomas_Aquinas	2
Solomon_ibn_Gabirol	William_of_Auvergne	1
Solomon_ibn_Gabirol	Yohanan_Alemanno	1
Speusippus	Aristippus	1
Speusippus	Aristotle	1
Speusippus	Clement_of_Alexandria	1
Speusippus	Diogenes_Laertius	4
Speusippus	Eudoxus_of_Cnidus	1
Speusippus	Plato	5
Speusippus	Timon_of_Phlius	1
Speusippus	Xenocrates	2
Sri_Aurobindo	Adi_Shankara	1
Sri_Aurobindo	Friedrich_Nietzsche	1
Sri_Aurobindo	Georg_Wilhelm_Friedrich_Hegel	1
Sri_Aurobindo	George_Berkeley	1
Sri_Aurobindo	Henri_Bergson	1
Sri_Aurobindo	Heraclitus	1
Sri_Aurobindo	Immanuel_Kant	1
Sri_Aurobindo	Pierre_Teilhard_de_Chardin	1
Sri_Aurobindo	Plato	1
Sri_Aurobindo	Plotinus	1
Sri_Aurobindo	Pythagoras	1
Stanisław_Leśniewski	Alfred_North_Whitehead	1
Stanisław_Leśniewski	Bertrand_Russell	1
Stanisław_Leśniewski	Georg_Cantor	1
Stanisław_Leśniewski	Gottlob_Frege	1
Stanisław_Leśniewski	Hans_Cornelius	1
Stanisław_Leśniewski	Jan_Łukasiewicz	2
Stanisław_Leśniewski	Kazimierz_Twardowski	3
Stanisław_Staszic	Hugo_Kołłątaj	1
Stilpo	Cicero	1
Stilpo	Crates_of_Thebes	3
Stilpo	Diodorus_Cronus	2
Stilpo	Euclid_of_Megara	1
Stilpo	Menedemus	1
Stilpo	Plutarch	2
Stilpo	Pyrrho	1
Stilpo	Seneca_the_Younger	1
Stilpo	Simplicius_of_Cilicia	1
Stilpo	Socrates	1
Stilpo	Theophrastus	2
Stilpo	Zeno_of_Citium	2
Strato_of_Lampsacus	Aristotle	3
Strato_of_Lampsacus	Baruch_Spinoza	2
Strato_of_Lampsacus	Cicero	1
Strato_of_Lampsacus	Democritus	2
Strato_of_Lampsacus	Diogenes_Laertius	3
Strato_of_Lampsacus	Epicurus	1
Strato_of_Lampsacus	Leucippus	1
Strato_of_Lampsacus	Pierre_Bayle	1
Strato_of_Lampsacus	Plato	1
Strato_of_Lampsacus	Ralph_Cudworth	1
Strato_of_Lampsacus	Simplicius_of_Cilicia	1
Strato_of_Lampsacus	Theophrastus	3
Su_Qin	Shang_Yang	1
Su_Qin	Sun_Tzu	1
Su_Qin	Zhang_Yi_(Warring_States_period)	2
Sun_Tzu	Aristotle	1
Sun_Tzu	Confucius	1
Sun_Tzu	Liang_Qichao	1
Sun_Tzu	Liu_An	1
Sun_Tzu	Mao_Zedong	1
Sun_Yat-sen	Cai_Yuanpei	1
Sun_Yat-sen	Henry_George	1
Sun_Yat-sen	Kang_Youwei	1
Sun_Yat-sen	Liang_Qichao	1
Sun_Yat-sen	Mao_Zedong	1
Sun_Yat-sen	Vladimir_Lenin	1
Sun_Yat-sen	Wu_Zhihui	1
Susan_Stebbing	C._D._Broad	2
Susan_Stebbing	F._H._Bradley	1
Susan_Stebbing	G._E._Moore	2
Susan_Stebbing	Leonard_Hobhouse	1
Susan_Stebbing	Rudolf_Carnap	1
Susan_Stebbing	William_Ernest_Johnson	2
Susanne_Langer	Alfred_North_Whitehead	2
Susanne_Langer	Ernst_Cassirer	2
Susanne_Langer	Henri_Bergson	1
Susanne_Langer	William_James	1
Syrianus	Aristotle	3
Syrianus	Iamblichus	1
Syrianus	Plato	3
Syrianus	Proclus	3
Syrianus	Ptolemy	1
Syrianus	Themistius	1
Sébastien_Basson	Aristotle	1
Sébastien_Basson	Bernardino_Telesio	1
Sébastien_Basson	Francis_Bacon	1
Sébastien_Basson	Galileo_Galilei	1
Sébastien_Basson	Giordano_Bruno	2
Sébastien_Basson	Lucilio_Vanini	2
Sébastien_Basson	René_Descartes	1
Sébastien_Basson	Tommaso_Campanella	2
Søren_Kierkegaard	Blaise_Pascal	2
Søren_Kierkegaard	Christian_Wolff_(philosopher)	2
Søren_Kierkegaard	Eduard_von_Hartmann	1
Søren_Kierkegaard	Emil_Brunner	1
Søren_Kierkegaard	Franz_Rosenzweig	1
Søren_Kierkegaard	Friedrich_Nietzsche	1
Søren_Kierkegaard	Friedrich_Schleiermacher	2
Søren_Kierkegaard	Georg_Wilhelm_Friedrich_Hegel	5
Søren_Kierkegaard	Gotthold_Ephraim_Lessing	2
Søren_Kierkegaard	Harald_Høffding	1
Søren_Kierkegaard	Heraclitus	1
Søren_Kierkegaard	Jakob_Böhme	1
Søren_Kierkegaard	Johann_Georg_Hamann	2
Søren_Kierkegaard	Karl_Barth	3
Søren_Kierkegaard	Karl_Jaspers	1
Søren_Kierkegaard	Karl_Marx	1
Søren_Kierkegaard	Ludwig_Wittgenstein	1
Søren_Kierkegaard	Martin_Buber	1
Søren_Kierkegaard	Martin_Heidegger	2
Søren_Kierkegaard	Nikolai_Berdyaev	1
Søren_Kierkegaard	Parmenides	1
Søren_Kierkegaard	Plato	2
Søren_Kierkegaard	René_Descartes	1
Søren_Kierkegaard	Rudolf_Bultmann	1
Søren_Kierkegaard	Sigmund_Freud	1
Søren_Kierkegaard	Socrates	2
Søren_Kierkegaard	Tetsurō_Watsuji	1
Søren_Kierkegaard	William_James	1
T._H._Green	Bernard_Bosanquet_(philosopher)	1
T._H._Green	David_Hume	1
T._H._Green	F._H._Bradley	1
T._H._Green	George_Henry_Lewes	1
T._H._Green	Hastings_Rashdall	1
T._H._Green	Henry_Sidgwick	3
T._H._Green	Herbert_Spencer	1
T._H._Green	J._H._Muirhead	1
T._H._Green	John_Cook_Wilson	1
T._H._Green	John_Dewey	1
T._H._Green	John_Locke	1
Tadeusz_Czeżowski	Kazimierz_Twardowski	1
Tadeusz_Kotarbiński	Florian_Znaniecki	1
Tadeusz_Kotarbiński	Franz_Brentano	1
Tadeusz_Kotarbiński	Gottfried_Wilhelm_Leibniz	1
Tadeusz_Kotarbiński	Jan_Łukasiewicz	1
Tadeusz_Kotarbiński	Kazimierz_Ajdukiewicz	1
Tadeusz_Kotarbiński	Kazimierz_Twardowski	3
Tan_Sitong	Kang_Youwei	1
Teresa_of_Ávila	Augustine_of_Hippo	1
Teresa_of_Ávila	François_Fénelon	1
Teresa_of_Ávila	George_Eliot	1
Teresa_of_Ávila	Jacques_Maritain	1
Teresa_of_Ávila	Jesus	1
Teresa_of_Ávila	John_of_Ruusbroec	1
Teresa_of_Ávila	Pseudo-Dionysius_the_Areopagite	1
Teresa_of_Ávila	René_Descartes	1
Tertullian	Augustine_of_Hippo	2
Tertullian	Clement_of_Alexandria	1
Tertullian	Eusebius	1
Tertullian	Søren_Kierkegaard	1
Tertullian	Valentinus_(Gnostic)	1
Tertullian	William_of_Ockham	1
Tetsurō_Watsuji	Confucius	1
Tetsurō_Watsuji	Dōgen	1
Tetsurō_Watsuji	Friedrich_Nietzsche	2
Tetsurō_Watsuji	Giambattista_Vico	1
Tetsurō_Watsuji	Hajime_Tanabe	1
Tetsurō_Watsuji	Immanuel_Kant	1
Tetsurō_Watsuji	Kitarō_Nishida	1
Tetsurō_Watsuji	Montesquieu	1
Tetsurō_Watsuji	Shūzō_Kuki	1
Tetsurō_Watsuji	Søren_Kierkegaard	2
Tetsurō_Watsuji	Wilhelm_Dilthey	1
Thales_of_Miletus	Adam_Smith	1
Thales_of_Miletus	Anacharsis	1
Thales_of_Miletus	Anaximander	3
Thales_of_Miletus	Anaximenes_of_Miletus	2
Thales_of_Miletus	Aristotle	2
Thales_of_Miletus	Cicero	1
Thales_of_Miletus	Democritus	1
Thales_of_Miletus	Diogenes_Laertius	7
Thales_of_Miletus	Edmund_Husserl	1
Thales_of_Miletus	Euclid	1
Thales_of_Miletus	Eudoxus_of_Cnidus	1
Thales_of_Miletus	Friedrich_Nietzsche	2
Thales_of_Miletus	Heraclitus	1
Thales_of_Miletus	Plutarch	4
Thales_of_Miletus	Proclus	1
Thales_of_Miletus	Pythagoras	2
Thales_of_Miletus	Seneca_the_Younger	1
The_Buddha	Ajita_Kesakambali	1
The_Buddha	B._R._Ambedkar	2
The_Buddha	Buddhaghosa	1
The_Buddha	Ibn_Hazm	1
The_Buddha	Je_Tsongkhapa	1
The_Buddha	Laozi	1
The_Buddha	Makkhali_Gosala	1
The_Buddha	Max_Müller	1
The_Buddha	Pakudha_Kaccayana	1
The_Buddha	Purana_Kassapa	1
The_Buddha	Sanjaya_Belatthiputta	2
The_Buddha	Śāriputra	2
Theano_(philosopher)	Aristoxenus	1
Theano_(philosopher)	Diogenes_Laertius	1
Theano_(philosopher)	Iamblichus	2
Theano_(philosopher)	Porphyry_of_Tyre	1
Theano_(philosopher)	Pythagoras	2
Themistius	Aristotle	3
Themistius	Boethius	1
Themistius	Photios_I_of_Constantinople	1
Themistius	Plato	1
Themistius	Simplicius_of_Cilicia	1
Themistius	William_of_Moerbeke	1
Theodore_Metochites	Aristotle	1
Theodore_Metochites	Gregory_Palamas	1
Theodore_Metochites	Ptolemy	1
Theodoric_of_Freiberg	Albertus_Magnus	3
Theodoric_of_Freiberg	Aristotle	1
Theodoric_of_Freiberg	Augustine_of_Hippo	1
Theodoric_of_Freiberg	Henry_of_Ghent	1
Theodoric_of_Freiberg	Ibn_al-Haytham	2
Theodoric_of_Freiberg	Meister_Eckhart	1
Theodoric_of_Freiberg	Proclus	1
Theodoric_of_Freiberg	Thomas_Aquinas	1
Theodorus_the_Atheist	Anniceris	1
Theodorus_the_Atheist	Aristippus	1
Theodorus_the_Atheist	Cicero	2
Theodorus_the_Atheist	Clement_of_Alexandria	1
Theodorus_the_Atheist	Diagoras_of_Melos	1
Theodorus_the_Atheist	Diogenes_Laertius	2
Theodorus_the_Atheist	Epicurus	1
Theodorus_the_Atheist	Hipparchia_of_Maroneia	1
Theodorus_the_Atheist	Philo	1
Theodorus_the_Atheist	Plutarch	1
Theodorus_the_Atheist	Pyrrho	1
Theodorus_the_Atheist	Seneca_the_Younger	1
Theodorus_the_Atheist	Sextus_Empiricus	1
Theodorus_the_Atheist	Zeno_of_Citium	1
Theophilos_Kairis	Auguste_Comte	1
Theophilos_Kairis	Henry_David_Thoreau	1
Theophilos_Kairis	Jeremy_Bentham	1
Theophilos_Kairis	Pierre-Simon_Laplace	1
Theophilos_Kairis	Ralph_Waldo_Emerson	1
Theophilos_Kairis	Thomas_Jefferson	1
Theophrastus	Alcibiades	1
Theophrastus	Alexander_of_Aphrodisias	1
Theophrastus	Anaxagoras	1
Theophrastus	Anaximenes_of_Miletus	1
Theophrastus	Andronicus_of_Rhodes	1
Theophrastus	Aristippus	1
Theophrastus	Aristotle	5
Theophrastus	Aristoxenus	2
Theophrastus	Carl_Linnaeus	1
Theophrastus	Cicero	1
Theophrastus	Democritus	1
Theophrastus	Diogenes_Laertius	2
Theophrastus	Diogenes_of_Apollonia	1
Theophrastus	Empedocles	1
Theophrastus	Galen	1
Theophrastus	George_Eliot	1
Theophrastus	Paracelsus	1
Theophrastus	Plato	2
Theophrastus	Plutarch	1
Theophrastus	Simplicius_of_Cilicia	2
Theophrastus	Strato_of_Lampsacus	4
Theophrastus	Xenocrates	1
Thierry_of_Chartres	Aristotle	1
Thierry_of_Chartres	Bernard_of_Chartres	1
Thierry_of_Chartres	Boethius	1
Thierry_of_Chartres	Clarembald_of_Arras	1
Thierry_of_Chartres	Gilbert_de_la_Porrée	1
Thierry_of_Chartres	Herman_of_Carinthia	1
Thierry_of_Chartres	John_of_Salisbury	1
Thierry_of_Chartres	Plato	1
Thiruvalluvar	Kundakunda	1
Thomas_Aquinas	Albertus_Magnus	2
Thomas_Aquinas	Alexander_of_Hales	1
Thomas_Aquinas	Ambrose	1
Thomas_Aquinas	Aristotle	4
Thomas_Aquinas	Athanasius_of_Alexandria	1
Thomas_Aquinas	Augustine_of_Hippo	1
Thomas_Aquinas	Averroes	3
Thomas_Aquinas	Avicenna	1
Thomas_Aquinas	Baruch_Spinoza	1
Thomas_Aquinas	Bertrand_Russell	1
Thomas_Aquinas	Boethius	2
Thomas_Aquinas	Bonaventure	1
Thomas_Aquinas	Dante_Alighieri	1
Thomas_Aquinas	Domingo_Báñez	1
Thomas_Aquinas	Domingo_de_Soto	1
Thomas_Aquinas	Duns_Scotus	1
Thomas_Aquinas	Empedocles	1
Thomas_Aquinas	Francesco_Silvestri_(theologian)	1
Thomas_Aquinas	Francisco_de_Vitoria	1
Thomas_Aquinas	Friedrich_Nietzsche	1
Thomas_Aquinas	Immanuel_Kant	1
Thomas_Aquinas	Jacques_Maritain	2
Thomas_Aquinas	Jesus	2
Thomas_Aquinas	John_Capreolus	1
Thomas_Aquinas	John_Peckham	1
Thomas_Aquinas	John_of_St._Thomas	1
Thomas_Aquinas	Maimonides	1
Thomas_Aquinas	Peter_Lombard	1
Thomas_Aquinas	Pope_Gregory_I	1
Thomas_Aquinas	Proclus	1
Thomas_Aquinas	Richard_of_Saint_Victor	1
Thomas_Aquinas	Réginald_Garrigou-Lagrange	1
Thomas_Aquinas	Siger_of_Brabant	1
Thomas_Aquinas	Thomas_Cajetan	2
Thomas_Aquinas	Valentinus_(Gnostic)	1
Thomas_Aquinas	William_of_Moerbeke	1
Thomas_Aquinas	William_of_Saint-Amour	1
Thomas_Aquinas	Étienne_Gilson	1
Thomas_Belsham	Joseph_Priestley	1
Thomas_Belsham	William_Belsham	1
Thomas_Bradwardine	Al-Kindi	1
Thomas_Bradwardine	Augustine_of_Hippo	1
Thomas_Bradwardine	Averroes	1
Thomas_Bradwardine	Boethius	1
Thomas_Bradwardine	Cicero	1
Thomas_Bradwardine	Eudoxus_of_Cnidus	1
Thomas_Bradwardine	Galileo_Galilei	2
Thomas_Bradwardine	Gerard_of_Cremona	1
Thomas_Bradwardine	Jean_Buridan	1
Thomas_Bradwardine	John_Calvin	1
Thomas_Bradwardine	John_Wycliffe	1
Thomas_Bradwardine	Martin_Luther	1
Thomas_Bradwardine	Nicole_Oresme	1
Thomas_Bradwardine	William_of_Heytesbury	1
Thomas_Bradwardine	William_of_Ockham	2
Thomas_Brown_(philosopher)	Arthur_Schopenhauer	1
Thomas_Brown_(philosopher)	David_Hume	2
Thomas_Brown_(philosopher)	Dugald_Stewart	1
Thomas_Brown_(philosopher)	Friedrich_Eduard_Beneke	1
Thomas_Brown_(philosopher)	Immanuel_Kant	2
Thomas_Brown_(philosopher)	Isaac_Newton	1
Thomas_Brown_(philosopher)	James_McCosh	2
Thomas_Brown_(philosopher)	John_Stuart_Mill	2
Thomas_Brown_(philosopher)	Robert_Blakey_(writer)	1
Thomas_Brown_(philosopher)	Sir_William_Hamilton,_9th_Baronet	2
Thomas_Browne	Francis_Bacon	2
Thomas_Browne	Paracelsus	1
Thomas_Browne	Samuel_Johnson	1
Thomas_Browne	Samuel_Taylor_Coleridge	1
Thomas_Cajetan	Aristotle	1
Thomas_Cajetan	Francesco_Silvestri_(theologian)	1
Thomas_Cajetan	Giovanni_Pico_della_Mirandola	1
Thomas_Cajetan	John_of_Paris	1
Thomas_Cajetan	John_of_St._Thomas	1
Thomas_Cajetan	Martin_Luther	4
Thomas_Cajetan	Thomas_Aquinas	5
Thomas_Cajetan	Étienne_Gilson	1
Thomas_Carlyle	Augustus_De_Morgan	1
Thomas_Carlyle	Charles_Darwin	2
Thomas_Carlyle	Dante_Alighieri	2
Thomas_Carlyle	David_Brewster	1
Thomas_Carlyle	David_Hume	1
Thomas_Carlyle	Ernst_Cassirer	1
Thomas_Carlyle	Friedrich_Engels	1
Thomas_Carlyle	Friedrich_Schiller	1
Thomas_Carlyle	George_Eliot	1
Thomas_Carlyle	George_Henry_Lewes	1
Thomas_Carlyle	Germaine_de_Staël	1
Thomas_Carlyle	Henri_de_Saint-Simon	1
Thomas_Carlyle	Herbert_Spencer	1
Thomas_Carlyle	J._H._Muirhead	1
Thomas_Carlyle	Johann_Wolfgang_von_Goethe	1
Thomas_Carlyle	John_Stuart_Mill	2
Thomas_Carlyle	Julius_Hare_(theologian)	1
Thomas_Carlyle	Karl_Marx	1
Thomas_Carlyle	Mahatma_Gandhi	1
Thomas_Carlyle	Miguel_de_Unamuno	1
Thomas_Carlyle	Pierre-Simon_Laplace	1
Thomas_Carlyle	Ralph_Waldo_Emerson	2
Thomas_Carlyle	Samuel_Johnson	1
Thomas_Carlyle	Samuel_Taylor_Coleridge	1
Thomas_Carlyle	Sir_William_Hamilton,_9th_Baronet	2
Thomas_Carlyle	Thomas_Brown_(philosopher)	1
Thomas_Carlyle	Thomas_Henry_Huxley	1
Thomas_Gisborne	William_Paley	1
Thomas_Henry_Huxley	Alfred_Russel_Wallace	2
Thomas_Henry_Huxley	Auguste_Comte	1
Thomas_Henry_Huxley	Charles_Darwin	6
Thomas_Henry_Huxley	Ernst_Haeckel	1
Thomas_Henry_Huxley	Georges-Louis_Leclerc,_Comte_de_Buffon	1
Thomas_Henry_Huxley	Henry_Brougham,_1st_Baron_Brougham_and_Vaux	1
Thomas_Henry_Huxley	Herbert_Spencer	2
Thomas_Henry_Huxley	Hermann_von_Helmholtz	1
Thomas_Henry_Huxley	James_Burnett,_Lord_Monboddo	1
Thomas_Henry_Huxley	Jean-Baptiste_Lamarck	1
Thomas_Henry_Huxley	Jean-Jacques_Rousseau	1
Thomas_Henry_Huxley	Jesus	1
Thomas_Henry_Huxley	Johann_Wolfgang_von_Goethe	1
Thomas_Henry_Huxley	Lorenz_Oken	1
Thomas_Henry_Huxley	Samuel_Johnson	1
Thomas_Henry_Huxley	Sir_Benjamin_Collins_Brodie,_1st_Baronet	1
Thomas_Henry_Huxley	Sir_William_Hamilton,_9th_Baronet	1
Thomas_Henry_Huxley	Thomas_Carlyle	1
Thomas_Henry_Huxley	Vladimir_Lenin	1
Thomas_Henry_Huxley	William_Kingdon_Clifford	1
Thomas_Hobbes	Aristotle	1
Thomas_Hobbes	Francis_Bacon	1
Thomas_Hobbes	Galileo_Galilei	2
Thomas_Hobbes	John_Locke	1
Thomas_Hobbes	Joseph_Butler	1
Thomas_Hobbes	Leo_Strauss	1
Thomas_Hobbes	Marin_Mersenne	2
Thomas_Hobbes	René_Descartes	1
Thomas_Hobbes	Robert_Filmer	1
Thomas_Hobbes	Tertullian	1
Thomas_Hobbes	Thucydides	3
Thomas_Hodgskin	Adam_Smith	1
Thomas_Hodgskin	David_Ricardo	1
Thomas_Hodgskin	James_Mill	1
Thomas_Hodgskin	Jeremy_Bentham	1
Thomas_Hodgskin	John_Locke	1
Thomas_Hodgskin	Karl_Marx	1
Thomas_Jefferson	Benjamin_Franklin	4
Thomas_Jefferson	David_Hume	1
Thomas_Jefferson	Epictetus	1
Thomas_Jefferson	Francis_Bacon	2
Thomas_Jefferson	Isaac_Newton	2
Thomas_Jefferson	Jesus	1
Thomas_Jefferson	John_Adams	13
Thomas_Jefferson	John_Locke	3
Thomas_Jefferson	Joseph_Priestley	2
Thomas_Jefferson	Montesquieu	2
Thomas_Jefferson	Pierre_Gassendi	2
Thomas_Jefferson	Voltaire	1
Thomas_Jefferson	William_Blackstone	1
Thomas_More	Aristotle	1
Thomas_More	Charles_Fourier	1
Thomas_More	Cicero	1
Thomas_More	Erasmus	6
Thomas_More	Francis_Bacon	1
Thomas_More	Friedrich_Engels	1
Thomas_More	Giovanni_Pico_della_Mirandola	2
Thomas_More	Henri_de_Saint-Simon	1
Thomas_More	Jean_Gerson	1
Thomas_More	John_Locke	1
Thomas_More	Karl_Kautsky	2
Thomas_More	Karl_Marx	1
Thomas_More	Martin_Luther	2
Thomas_More	Plato	1
Thomas_More	Samuel_Butler_(novelist)	1
Thomas_More	Vladimir_Lenin	2
Thomas_More	Voltaire	1
Thomas_Paine	Adam_Smith	1
Thomas_Paine	Benjamin_Franklin	4
Thomas_Paine	Bertrand_Russell	1
Thomas_Paine	Edmund_Burke	2
Thomas_Paine	Hugo_Grotius	1
Thomas_Paine	John_Adams	4
Thomas_Paine	John_Locke	1
Thomas_Paine	Joseph_Priestley	1
Thomas_Paine	Samuel_von_Pufendorf	1
Thomas_Paine	Thomas_Jefferson	1
Thomas_Paine	William_Blake	1
Thomas_Paine	William_Godwin	1
Thomas_Percival	Benjamin_Franklin	1
Thomas_Percival	Joseph_Priestley	1
Thomas_Reid	Adam_Ferguson	1
Thomas_Reid	Adam_Smith	1
Thomas_Reid	Arthur_Schopenhauer	1
Thomas_Reid	Charles_Sanders_Peirce	1
Thomas_Reid	Cicero	1
Thomas_Reid	David_Hume	2
Thomas_Reid	Francis_Bacon	1
Thomas_Reid	G._E._Moore	1
Thomas_Reid	George_Berkeley	1
Thomas_Reid	Immanuel_Kant	1
Thomas_Reid	John_Locke	1
Thomas_Reid	John_Stuart_Mill	1
Thomas_Reid	René_Descartes	1
Thomas_Reid	Sir_William_Hamilton,_9th_Baronet	1
Thomas_Reid	Victor_Cousin	1
Thomas_Spencer_Baynes	George_Grote	1
Thomas_Spencer_Baynes	Sir_William_Hamilton,_9th_Baronet	1
Thomas_White_(scholar)	Galileo_Galilei	1
Thomas_White_(scholar)	John_Sergeant_(priest)	1
Thomas_White_(scholar)	Joseph_Glanvill	1
Thomas_White_(scholar)	Kenelm_Digby	1
Thomas_White_(scholar)	Thomas_Hobbes	1
Thomas_White_(scholar)	William_Ritchie_Sorley	1
Thomas_of_Erfurt	Aristotle	1
Thomas_of_Erfurt	Charles_Sanders_Peirce	1
Thomas_of_Erfurt	Duns_Scotus	1
Thomas_of_Erfurt	Martin_Heidegger	1
Thomas_of_Erfurt	Porphyry_of_Tyre	1
Thomas_of_York_(Franciscan)	Bonaventure	1
Thomas_of_York_(Franciscan)	Thomas_Aquinas	1
Thomas_of_York_(Franciscan)	William_of_Saint-Amour	1
Thomas_à_Kempis	Aristotle	1
Thomas_à_Kempis	Augustine_of_Hippo	1
Thomas_à_Kempis	Dante_Alighieri	1
Thomas_à_Kempis	Edmund_Burke	1
Thomas_à_Kempis	Erasmus	1
Thomas_à_Kempis	Henry_Suso	1
Thomas_à_Kempis	Joseph_de_Maistre	1
Thomas_à_Kempis	Plato	1
Thomas_à_Kempis	Socrates	1
Thomas_à_Kempis	Søren_Kierkegaard	1
Thomas_à_Kempis	Thomas_Aquinas	1
Thomas_à_Kempis	Thomas_More	2
Thomé_H._Fang	John_Dewey	1
Thoralf_Skolem	Charles_Sanders_Peirce	1
Thoralf_Skolem	David_Hilbert	1
Thoralf_Skolem	Giuseppe_Peano	1
Thrasymachus	Alcibiades	1
Thrasymachus	Aristotle	1
Thrasymachus	Clement_of_Alexandria	1
Thrasymachus	Isocrates	2
Thrasymachus	Leo_Strauss	1
Thrasymachus	Plato	1
Thrasymachus	Socrates	1
Thucydides	Anaxagoras	1
Thucydides	Cicero	1
Thucydides	Democritus	1
Thucydides	Friedrich_Nietzsche	1
Thucydides	Friedrich_Schlegel	1
Thucydides	Friedrich_Wilhelm_Joseph_Schelling	1
Thucydides	Hippocrates	1
Thucydides	Isaac_Newton	1
Thucydides	Leo_Strauss	2
Thucydides	Lorenzo_Valla	1
Thucydides	Lucian	1
Thucydides	Niccolò_Machiavelli	1
Thucydides	Plutarch	2
Thucydides	Thomas_Hobbes	2
Thucydides	Xenophon	1
Théodore_Jouffroy	David_Hume	1
Théodore_Jouffroy	Dugald_Stewart	1
Théodore_Jouffroy	Francis_Hutcheson_(philosopher)	1
Théodore_Jouffroy	Immanuel_Kant	1
Théodore_Jouffroy	Lucien_Lévy-Bruhl	1
Théodore_Jouffroy	Thomas_Reid	1
Théodore_Jouffroy	Victor_Cousin	1
Thābit_ibn_Qurra	Archimedes	3
Thābit_ibn_Qurra	Aristotle	1
Thābit_ibn_Qurra	Euclid	2
Thābit_ibn_Qurra	Galen	1
Thābit_ibn_Qurra	Hunayn_ibn_Ishaq	1
Thābit_ibn_Qurra	Nicolaus_Copernicus	1
Thābit_ibn_Qurra	Ptolemy	2
Timaeus_of_Locri	Archytas	1
Timaeus_of_Locri	Aristotle	1
Timaeus_of_Locri	Bessarion	1
Timaeus_of_Locri	Cicero	1
Timaeus_of_Locri	Diogenes_Laertius	2
Timaeus_of_Locri	Iamblichus	1
Timaeus_of_Locri	Macrobius	1
Timaeus_of_Locri	Philo	1
Timaeus_of_Locri	Philolaus	1
Timaeus_of_Locri	Plato	1
Timaeus_of_Locri	Porphyry_of_Tyre	1
Timaeus_of_Locri	Proclus	1
Timaeus_of_Locri	Pythagoras	1
Timaeus_of_Locri	Simplicius_of_Cilicia	2
Timaeus_of_Locri	Socrates	1
Timon_of_Phlius	Diogenes_Laertius	1
Timon_of_Phlius	Eusebius	2
Timon_of_Phlius	Pyrrho	2
Timon_of_Phlius	Stilpo	1
Timon_of_Phlius	Xenophanes	1
Titus_Pomponius_Atticus	Cicero	2
Titus_Pomponius_Atticus	Lucian	1
Titus_Pomponius_Atticus	Plato	1
Tominaga_Nakamoto	The_Buddha	1
Tommaso_Campanella	Aristotle	2
Tommaso_Campanella	Bernardino_Telesio	1
Tommaso_Campanella	Galileo_Galilei	1
Tommaso_Campanella	Joachim_of_Fiore	1
Tommaso_Campanella	Thomas_Aquinas	1
Tomáš_Masaryk	Edmund_Husserl	1
Tomáš_Masaryk	Franz_Brentano	1
Tomáš_Masaryk	Jan_Hus	1
Tomáš_Masaryk	Johann_Gottfried_Herder	1
Tomáš_Masaryk	Wilhelm_Wundt	1
Trivikrama_Panditacharya	Madhvacharya	6
Trivikrama_Panditacharya	Narayana_Panditacharya	3
Ubertino_of_Casale	Dante_Alighieri	1
Ubertino_of_Casale	Joachim_of_Fiore	1
Ubertino_of_Casale	Peter_John_Olivi	1
Udayana	Dharmakirti	1
Udayana	Gaṅgeśa	2
Udayana	Vidyaranya	1
Udayana	Vāchaspati_Misra	1
Uddālaka_Āruṇi	Adi_Shankara	1
Uddālaka_Āruṇi	Empedocles	1
Uddālaka_Āruṇi	Madhvacharya	1
Uddālaka_Āruṇi	Max_Müller	1
Uddālaka_Āruṇi	Paul_Deussen	1
Uddālaka_Āruṇi	Thales_of_Miletus	1
Uddālaka_Āruṇi	The_Buddha	1
Uddālaka_Āruṇi	Yajnavalkya	4
Uddālaka_Āruṇi	Śvetaketu	6
Udyotakara	Dignāga	1
Uisang	Fazang	1
Uisang	Wonhyo	1
Ulrich_of_Strasbourg	Albertus_Magnus	1
Umaswati	Hemachandra	1
Umaswati	Kundakunda	1
Umaswati	Madhvacharya	1
Uriel_da_Costa	Baruch_Spinoza	3
Uriel_da_Costa	Hermann_Samuel_Reimarus	1
Uriel_da_Costa	Johann_Gottfried_Herder	1
Uriel_da_Costa	Pierre_Bayle	1
Uriel_da_Costa	Voltaire	1
Urso_of_Calabria	Aristotle	1
Valentin_Asmus_(philosopher)	Aleksei_Losev	1
Valentin_Asmus_(philosopher)	György_Lukács	1
Valentin_Asmus_(philosopher)	Immanuel_Kant	1
Valentin_Asmus_(philosopher)	Plato	1
Valentin_Asmus_(philosopher)	William_James	1
Valentinus_(Gnostic)	Basilides	1
Valentinus_(Gnostic)	Clement_of_Alexandria	1
Valentinus_(Gnostic)	Philo	1
Valentinus_(Gnostic)	Plato	1
Valentinus_(Gnostic)	Tertullian	3
Vallabha	Adi_Shankara	1
Vallabha	Madhvacharya	1
Vallabha	Ramanuja	1
Vallabha	Vyasatirtha	1
Vasily_Rozanov	Fyodor_Dostoevsky	1
Vasily_Rozanov	Nikolai_Berdyaev	1
Vasily_Rozanov	Vladimir_Lenin	1
Vasishtha	Adi_Shankara	1
Vasishtha	The_Buddha	1
Vasishtha	Uddālaka_Āruṇi	1
Vasubandhu	Asanga	3
Vasubandhu	Dharmakirti	1
Vasubandhu	Dignāga	1
Vasubandhu	George_Berkeley	1
Vasubandhu	Immanuel_Kant	2
Vedanta_Desika	Ramanuja	4
Victor_Cousin	Baruch_Spinoza	1
Victor_Cousin	Dugald_Stewart	1
Victor_Cousin	Friedrich_Heinrich_Jacobi	1
Victor_Cousin	Friedrich_Wilhelm_Joseph_Schelling	1
Victor_Cousin	Félix_Ravaisson-Mollien	2
Victor_Cousin	Georg_Wilhelm_Friedrich_Hegel	1
Victor_Cousin	Harald_Høffding	1
Victor_Cousin	Henri_Bergson	1
Victor_Cousin	Hippolyte_Taine	1
Victor_Cousin	Immanuel_Kant	1
Victor_Cousin	John_Locke	1
Victor_Cousin	Jules_Barthélemy-Saint-Hilaire	2
Victor_Cousin	Maine_de_Biran	1
Victor_Cousin	Orestes_Brownson	1
Victor_Cousin	Pierre-Joseph_Proudhon	1
Victor_Cousin	Pierre_Laromiguière	2
Victor_Cousin	Pierre_Paul_Royer-Collard	2
Victor_Cousin	Proclus	1
Victor_Cousin	Ralph_Waldo_Emerson	1
Victor_Cousin	René_Descartes	1
Victor_Cousin	Sir_William_Hamilton,_9th_Baronet	3
Victor_Cousin	Thomas_Reid	1
Victor_Cousin	Théodore_Jouffroy	2
Victor_Cousin	Étienne_Bonnot_de_Condillac	1
Victoria,_Lady_Welby	Bertrand_Russell	1
Victoria,_Lady_Welby	Charles_Babbage	1
Victoria,_Lady_Welby	Charles_Darwin	1
Victoria,_Lady_Welby	Charles_Sanders_Peirce	1
Victoria,_Lady_Welby	F._C._S._Schiller	1
Victoria,_Lady_Welby	F._H._Bradley	1
Victoria,_Lady_Welby	Henri_Bergson	1
Victoria,_Lady_Welby	John_Cook_Wilson	1
Victoria,_Lady_Welby	John_Stuart_Mill	1
Victoria,_Lady_Welby	L._E._J._Brouwer	1
Victoria,_Lady_Welby	William_James	1
Vidyaranya	Adi_Shankara	3
Vidyaranya	Jaimini	1
Vidyaranya	Madhvacharya	2
Vidyaranya	Patanjali	1
Vidyaranya	Pāṇini	1
Vidyaranya	Sarvepalli_Radhakrishnan	1
Vilfredo_Pareto	Adam_Smith	1
Vilfredo_Pareto	Auguste_Comte	1
Vilfredo_Pareto	David_Hume	1
Vilfredo_Pareto	Edmund_Burke	1
Vilfredo_Pareto	Gaetano_Mosca	1
Vilfredo_Pareto	Georges_Sorel	1
Vilfredo_Pareto	Herbert_Spencer	1
Vilfredo_Pareto	Joseph_de_Maistre	1
Vilfredo_Pareto	Niccolò_Machiavelli	1
Vincent_of_Beauvais	Henry_Suso	1
Vincenzo_Gioberti	Antonio_Rosmini	2
Vincenzo_Gioberti	Plato	1
Vincenzo_Gioberti	Victor_Cousin	1
Vishnu_Tirtha	Madhvacharya	2
Vissarion_Belinsky	Fyodor_Dostoevsky	2
Vissarion_Belinsky	Tomáš_Masaryk	1
Vital_du_Four	Duns_Scotus	1
Vitello	Aristotle	1
Vitello	Ibn_al-Haytham	3
Vitello	Johannes_Kepler	1
Vitello	Robert_Grosseteste	1
Vitello	Roger_Bacon	1
Vitello	William_of_Moerbeke	1
Vitello	Władysław_Tatarkiewicz	1
Vladimir_Lenin	Alexander_Bogdanov	1
Vladimir_Lenin	Aristotle	1
Vladimir_Lenin	Bertrand_Russell	1
Vladimir_Lenin	Eduard_Bernstein	1
Vladimir_Lenin	Ernst_Mach	1
Vladimir_Lenin	Friedrich_Engels	1
Vladimir_Lenin	Georg_Wilhelm_Friedrich_Hegel	1
Vladimir_Lenin	Georgi_Plekhanov	1
Vladimir_Lenin	Karl_Kautsky	1
Vladimir_Lenin	Karl_Marx	2
Vladimir_Lenin	Leon_Trotsky	2
Vladimir_Lenin	Ludwig_Feuerbach	1
Vladimir_Lenin	Nikolay_Chernyshevsky	2
Vladimir_Lenin	Peter_Kropotkin	1
Vladimir_Lenin	Rosa_Luxemburg	1
Vladimir_Solovyov_(philosopher)	Aristotle	2
Vladimir_Solovyov_(philosopher)	Fyodor_Dostoevsky	1
Vladimir_Solovyov_(philosopher)	Hryhorii_Skovoroda	1
Vladimir_Solovyov_(philosopher)	Leo_Tolstoy	1
Vladimir_Solovyov_(philosopher)	Philo	1
Vladimir_Solovyov_(philosopher)	Plato	1
Vladimir_Solovyov_(philosopher)	Plotinus	1
Vladimir_Solovyov_(philosopher)	Sergei_Bulgakov	1
Vladimir_Solovyov_(philosopher)	Valentinus_(Gnostic)	1
Voltaire	Adam_Smith	1
Voltaire	Alexander_Herzen	1
Voltaire	Baron_d'Holbach	1
Voltaire	Claude_Adrien_Helvétius	1
Voltaire	Confucius	2
Voltaire	Cyril_of_Alexandria	1
Voltaire	Denis_Diderot	2
Voltaire	Francesco_Algarotti	1
Voltaire	Friedrich_Nietzsche	2
Voltaire	Gottfried_Wilhelm_Leibniz	2
Voltaire	Hypatia	2
Voltaire	Isaac_Newton	1
Voltaire	Isaac_de_Pinto	1
Voltaire	Jean-Jacques_Rousseau	1
Voltaire	Jean_Le_Rond_d'Alembert	1
Voltaire	Jeremy_Bentham	1
Voltaire	Johann_Wolfgang_von_Goethe	1
Voltaire	John_Gay	1
Voltaire	John_Locke	1
Voltaire	Marquis_de_Condorcet	1
Voltaire	Mary_Wollstonecraft	1
Voltaire	Montesquieu	1
Voltaire	Pierre_Teilhard_de_Chardin	1
Voltaire	René_Descartes	1
Voltaire	Thomas_Carlyle	1
Voltaire	Thomas_Paine	1
Voltaire	Thucydides	1
Voltaire	Vissarion_Belinsky	1
Voltaire	William_Godwin	1
Voltaire	Émilie_du_Châtelet	3
Vyasatirtha	Adi_Shankara	1
Vyasatirtha	Chaitanya_Mahaprabhu	2
Vyasatirtha	Gaṅgeśa	1
Vyasatirtha	Jayatirtha	3
Vyasatirtha	Madhvacharya	8
Vyasatirtha	Nagarjuna	1
Vyasatirtha	Padmanabha_Tirtha	1
Vyasatirtha	Ramanuja	3
Vāchaspati_Misra	Adi_Shankara	1
Vāchaspati_Misra	Prabhākara	1
W._D._Ross	Aristotle	1
W._D._Ross	G._E._Moore	2
W._D._Ross	Immanuel_Kant	1
W._D._Ross	John_Cook_Wilson	1
Walafrid_Strabo	Rabanus_Maurus	1
Walter_Benjamin	Carl_Schmitt	2
Walter_Benjamin	Duns_Scotus	1
Walter_Benjamin	Edmund_Husserl	1
Walter_Benjamin	Ernst_Bloch	3
Walter_Benjamin	Ernst_Jünger	1
Walter_Benjamin	Friedrich_Hölderlin	1
Walter_Benjamin	Georg_Simmel	1
Walter_Benjamin	Georges_Bataille	3
Walter_Benjamin	György_Lukács	1
Walter_Benjamin	Hans_Cornelius	2
Walter_Benjamin	Heinrich_Rickert	3
Walter_Benjamin	Johann_Wolfgang_von_Goethe	3
Walter_Benjamin	Karl_Kraus_(writer)	1
Walter_Benjamin	Leo_Strauss	3
Walter_Benjamin	Martin_Buber	5
Walter_Benjamin	Martin_Heidegger	4
Walter_Benjamin	Max_Horkheimer	3
Walter_Burley	Aristotle	1
Walter_Burley	Robert_Grosseteste	1
Walter_Burley	William_of_Ockham	2
Walter_Charleton	Pierre_Gassendi	1
Walter_Charleton	Thomas_Hobbes	1
Walter_Chatton	William_of_Ockham	1
Walter_Hilton	Bonaventure	1
Walter_Hilton	Richard_of_Saint_Victor	1
Walter_Terence_Stace	Bertrand_Russell	1
Walter_Terence_Stace	David_Hume	1
Walter_Terence_Stace	G._E._Moore	1
Walter_Terence_Stace	Georg_Wilhelm_Friedrich_Hegel	2
Walter_Terence_Stace	H._H._Price	1
Walter_Terence_Stace	Jacques_Maritain	1
Walter_Terence_Stace	Percy_Williams_Bridgman	1
Walter_Terence_Stace	William_James	2
Walter_of_Bruges	Augustine_of_Hippo	1
Walter_of_Bruges	Bonaventure	2
Walter_of_Bruges	Henry_of_Ghent	1
Walter_of_Bruges	Matthew_of_Aquasparta	1
Walter_of_Bruges	Peter_John_Olivi	1
Walter_of_Bruges	Thomas_Aquinas	1
Walter_of_Mortagne	John_of_Salisbury	1
Walter_of_Mortagne	Plato	1
Walter_of_Mortagne	Socrates	1
Walter_of_Mortagne	William_of_Champeaux	2
Wang_Bi	Confucius	1
Wang_Bi	Laozi	1
Wang_Chong	Aristotle	1
Wang_Chong	Confucius	1
Wang_Chong	Laozi	1
Wang_Chong	Lucretius	1
Wang_Chong	Zhu_Xi	1
Wang_Fuzhi	Confucius	1
Wang_Fuzhi	Zhang_Zai	2
Wang_Fuzhi	Zhu_Xi	2
Wang_Yangming	Confucius	1
Wang_Yangming	Huang_Zongxi	1
Wang_Yangming	Kumazawa_Banzan	1
Wang_Yangming	Liang_Qichao	1
Wang_Yangming	Lu_Jiuyuan	2
Wang_Yangming	Mencius	2
Wang_Yangming	Motoori_Norinaga	1
Wang_Yangming	Zhu_Xi	3
Wasil_ibn_Ata	Al-Qadi_Abd_al-Jabbar	1
Wawrzyniec_Goślicki	Algernon_Sidney	1
Wawrzyniec_Goślicki	Thomas_Jefferson	1
Wilhelm_Dilthey	Auguste_Comte	1
Wilhelm_Dilthey	Baruch_Spinoza	1
Wilhelm_Dilthey	Eduard_Zeller	1
Wilhelm_Dilthey	Friedrich_Adolf_Trendelenburg	2
Wilhelm_Dilthey	Friedrich_Nietzsche	1
Wilhelm_Dilthey	Friedrich_Schiller	1
Wilhelm_Dilthey	Friedrich_Schleiermacher	2
Wilhelm_Dilthey	Georg_Simmel	2
Wilhelm_Dilthey	Georg_Wilhelm_Friedrich_Hegel	2
Wilhelm_Dilthey	Giordano_Bruno	1
Wilhelm_Dilthey	Heinrich_Rickert	1
Wilhelm_Dilthey	Henri_Bergson	1
Wilhelm_Dilthey	Herbert_Spencer	1
Wilhelm_Dilthey	Immanuel_Kant	1
Wilhelm_Dilthey	Karl_Jaspers	1
Wilhelm_Dilthey	Kuno_Fischer	2
Wilhelm_Dilthey	Martin_Buber	2
Wilhelm_Dilthey	Martin_Heidegger	1
Wilhelm_Dilthey	Max_Scheler	1
Wilhelm_Dilthey	Max_Weber	3
Wilhelm_Dilthey	Plato	1
Wilhelm_Dilthey	Rudolf_Steiner	1
Wilhelm_Dilthey	Wilhelm_Windelband	1
Wilhelm_Reich	Albert_Einstein	2
Wilhelm_Reich	Friedrich_Nietzsche	1
Wilhelm_Reich	Leon_Trotsky	2
Wilhelm_Reich	Sigmund_Freud	6
Wilhelm_Reich	Vladimir_Lenin	1
Wilhelm_Traugott_Krug	Friedrich_Wilhelm_Joseph_Schelling	1
Wilhelm_Traugott_Krug	Georg_Wilhelm_Friedrich_Hegel	1
Wilhelm_Traugott_Krug	Heinrich_von_Kleist	1
Wilhelm_Traugott_Krug	Immanuel_Kant	2
Wilhelm_Traugott_Krug	Karl_Leonhard_Reinhold	1
Wilhelm_Windelband	Albert_Schweitzer	1
Wilhelm_Windelband	Ernst_Troeltsch	1
Wilhelm_Windelband	Georg_Wilhelm_Friedrich_Hegel	1
Wilhelm_Windelband	Heinrich_Rickert	2
Wilhelm_Windelband	Hermann_Lotze	3
Wilhelm_Windelband	Immanuel_Kant	1
Wilhelm_Windelband	Johann_Friedrich_Herbart	1
Wilhelm_Windelband	Kuno_Fischer	2
Wilhelm_Windelband	Max_Weber	1
Wilhelm_Windelband	Roy_Wood_Sellars	1
Wilhelm_Wundt	Arthur_Schopenhauer	2
Wilhelm_Wundt	Auguste_Comte	1
Wilhelm_Wundt	Charles_Darwin	2
Wilhelm_Wundt	David_Hume	1
Wilhelm_Wundt	Edmund_Husserl	2
Wilhelm_Wundt	Eduard_von_Hartmann	2
Wilhelm_Wundt	Emil_du_Bois-Reymond	1
Wilhelm_Wundt	Ernst_Mach	1
Wilhelm_Wundt	Francis_Bacon	1
Wilhelm_Wundt	Friedrich_Wilhelm_Joseph_Schelling	1
Wilhelm_Wundt	Georg_Wilhelm_Friedrich_Hegel	3
Wilhelm_Wundt	George_Berkeley	1
Wilhelm_Wundt	George_Herbert_Mead	2
Wilhelm_Wundt	Gottfried_Wilhelm_Leibniz	3
Wilhelm_Wundt	Gustav_Fechner	2
Wilhelm_Wundt	Hermann_Lotze	1
Wilhelm_Wundt	Hermann_von_Helmholtz	2
Wilhelm_Wundt	Hippolyte_Taine	1
Wilhelm_Wundt	Immanuel_Kant	2
Wilhelm_Wundt	James_Mark_Baldwin	1
Wilhelm_Wundt	Johann_Friedrich_Herbart	3
Wilhelm_Wundt	Johann_Gottfried_Herder	2
Wilhelm_Wundt	Johann_Gottlieb_Fichte	1
Wilhelm_Wundt	John_Locke	2
Wilhelm_Wundt	John_Stuart_Mill	1
Wilhelm_Wundt	Max_Planck	1
Wilhelm_Wundt	Moritz_Lazarus	1
Wilhelm_Wundt	Nicolai_Hartmann	1
Wilhelm_Wundt	Sigmund_Freud	3
Wilhelm_Wundt	Wilhelm_von_Humboldt	1
Wilhelm_Wundt	William_James	1
Wilhelm_Wundt	Émile_Durkheim	1
Wilhelm_von_Humboldt	Friedrich_Schiller	1
Wilhelm_von_Humboldt	Johann_Georg_Hamann	1
Wilhelm_von_Humboldt	Johann_Gottfried_Herder	1
Wilhelm_von_Humboldt	John_Stuart_Mill	1
William_Belsham	Thomas_Belsham	1
William_Blackstone	Alexis_de_Tocqueville	1
William_Blackstone	Benjamin_Franklin	1
William_Blackstone	Cesare_Beccaria	1
William_Blackstone	Jeremy_Bentham	3
William_Blackstone	John_Adams	3
William_Blackstone	Maimonides	1
William_Blackstone	Montesquieu	1
William_Blackstone	Voltaire	1
William_Blake	Carl_Jung	1
William_Blake	Dante_Alighieri	4
William_Blake	Emanuel_Swedenborg	2
William_Blake	Isaac_Newton	1
William_Blake	Jakob_Böhme	1
William_Blake	Jesus	1
William_Blake	John_Gay	1
William_Blake	Joseph_Priestley	1
William_Blake	Mary_Wollstonecraft	4
William_Blake	Richard_Price	1
William_Blake	Sigmund_Freud	1
William_Blake	Thomas_Paine	2
William_Blake	William_Godwin	3
William_Chillingworth	John_Locke	1
William_Chillingworth	Kenelm_Digby	1
William_Chillingworth	Sextus_Empiricus	1
William_Chillingworth	Thomas_White_(scholar)	1
William_Crathorn	Aristotle	1
William_Crathorn	Immanuel_Kant	1
William_Crathorn	Peter_Lombard	1
William_Crathorn	Roger_Bacon	1
William_Crathorn	William_of_Ockham	2
William_Ernest_Hocking	Charles_Hartshorne	1
William_Ernest_Hocking	Edmund_Husserl	3
William_Ernest_Hocking	Heinrich_Rickert	1
William_Ernest_Hocking	Josiah_Royce	3
William_Ernest_Hocking	Paul_Natorp	1
William_Ernest_Hocking	Wilhelm_Dilthey	1
William_Ernest_Hocking	Wilhelm_Windelband	1
William_Ernest_Hocking	William_James	2
William_Ernest_Hocking	Zhu_Xi	1
William_Ernest_Johnson	Alfred_North_Whitehead	1
William_Ernest_Johnson	Bertrand_Russell	1
William_Ernest_Johnson	C._D._Broad	2
William_Ernest_Johnson	Dorothy_Maud_Wrinch	1
William_Ernest_Johnson	Henry_Sidgwick	2
William_Ernest_Johnson	I._A._Richards	1
William_Ernest_Johnson	John_Maynard_Keynes	2
William_Ernest_Johnson	Joseph_Schumpeter	1
William_Ernest_Johnson	Ludwig_Wittgenstein	1
William_Ernest_Johnson	Susan_Stebbing	2
William_Godwin	Baron_d'Holbach	2
William_Godwin	Claude_Adrien_Helvétius	1
William_Godwin	Edmund_Burke	2
William_Godwin	Francis_Hutcheson_(philosopher)	1
William_Godwin	Isaac_Newton	1
William_Godwin	Jean-Jacques_Rousseau	2
William_Godwin	Jesus	1
William_Godwin	John_Locke	1
William_Godwin	Mary_Wollstonecraft	6
William_Godwin	Peter_Kropotkin	4
William_Godwin	Richard_Price	1
William_Godwin	Thomas_Paine	3
William_Hazlitt	Abraham_Tucker	1
William_Hazlitt	Adam_Smith	1
William_Hazlitt	Baron_d'Holbach	1
William_Hazlitt	Claude_Adrien_Helvétius	1
William_Hazlitt	David_Hartley_(philosopher)	1
William_Hazlitt	David_Hume	2
William_Hazlitt	Edmund_Burke	1
William_Hazlitt	George_Berkeley	1
William_Hazlitt	Henry_Brougham,_1st_Baron_Brougham_and_Vaux	1
William_Hazlitt	Immanuel_Kant	1
William_Hazlitt	James_Mill	1
William_Hazlitt	Jean-Jacques_Rousseau	1
William_Hazlitt	Jeremy_Bentham	2
William_Hazlitt	John_Locke	2
William_Hazlitt	Joseph_Priestley	1
William_Hazlitt	Marquis_de_Condorcet	1
William_Hazlitt	Michel_de_Montaigne	1
William_Hazlitt	Richard_Price	1
William_Hazlitt	Samuel_Johnson	1
William_Hazlitt	Samuel_Taylor_Coleridge	2
William_Hazlitt	Thomas_Hobbes	2
William_Hazlitt	William_Godwin	1
William_Hazlitt	Étienne_Bonnot_de_Condillac	1
William_Henry_Stanley_Monck	Immanuel_Kant	1
William_James	Alain_LeRoy_Locke	2
William_James	Bertrand_Russell	3
William_James	C._I._Lewis	2
William_James	Carl_Jung	1
William_James	Charles_Renouvier	1
William_James	Charles_Sanders_Peirce	5
William_James	Chauncey_Wright	1
William_James	David_Hartley_(philosopher)	1
William_James	David_Hume	1
William_James	Edmund_Husserl	1
William_James	Emanuel_Swedenborg	1
William_James	Ernst_Mach	1
William_James	Georg_Wilhelm_Friedrich_Hegel	3
William_James	George_Santayana	2
William_James	Henri_Bergson	1
William_James	Henri_Poincaré	1
William_James	Henry_James_Sr.	3
William_James	Herbert_Spencer	1
William_James	Hermann_von_Helmholtz	1
William_James	Immanuel_Kant	1
William_James	Isaac_Newton	1
William_James	John_Dewey	3
William_James	Josiah_Royce	3
William_James	Ludwig_Wittgenstein	1
William_James	Mary_Whiton_Calkins	2
William_James	Oliver_Wendell_Holmes_Jr.	2
William_James	Ralph_Barton_Perry	4
William_James	Ralph_Waldo_Emerson	1
William_James	Sigmund_Freud	2
William_James	Thomas_Carlyle	1
William_James	Thomas_Hobbes	1
William_James	Wilhelm_Wundt	1
William_James	William_Ernest_Hocking	1
William_James	Émile_Boutroux	1
William_Kingdon_Clifford	Albert_Einstein	2
William_Kingdon_Clifford	Baruch_Spinoza	1
William_Kingdon_Clifford	Bernhard_Riemann	3
William_Kingdon_Clifford	Christiaan_Huygens	1
William_Kingdon_Clifford	Gottfried_Wilhelm_Leibniz	1
William_Kingdon_Clifford	Hermann_Weyl	2
William_Kingdon_Clifford	Karl_Marx	1
William_Kingdon_Clifford	Leslie_Stephen	2
William_Kingdon_Clifford	William_James	1
William_Law	Bernard_Mandeville	1
William_Law	Gottfried_Wilhelm_Leibniz	1
William_Law	Isaac_Newton	1
William_Law	Jakob_Böhme	3
William_Law	Joseph_Butler	1
William_Law	Leslie_Stephen	1
William_Law	Matthew_Tindal	1
William_Law	Samuel_Johnson	3
William_Law	Samuel_Taylor_Coleridge	1
William_Law	William_Blake	1
William_McDougall_(psychologist)	Carl_Jung	1
William_McDougall_(psychologist)	Jean-Baptiste_Lamarck	1
William_McDougall_(psychologist)	William_James	1
William_Paley	A._V._Dicey	1
William_Paley	Charles_Darwin	2
William_Paley	Cicero	1
William_Paley	David_Hume	1
William_Paley	John_Locke	1
William_Paley	John_Ray	1
William_Paley	Joseph_Butler	1
William_Paley	Samuel_Clarke	1
William_Paley	Thomas_Henry_Huxley	1
William_Perault	Jean_Gerson	1
William_Perault	Thomas_Aquinas	1
William_Ralph_Inge	Alexis_de_Tocqueville	1
William_Ralph_Inge	Benjamin_Whichcote	1
William_Ralph_Inge	Hastings_Rashdall	1
William_Ralph_Inge	James_Ward_(psychologist)	1
William_Ralph_Inge	Plotinus	1
William_Ritchie_Sorley	Henry_Sidgwick	1
William_Stanley_Jevons	Antoine_Augustin_Cournot	1
William_Stanley_Jevons	Augustus_De_Morgan	1
William_Stanley_Jevons	David_Ricardo	1
William_Stanley_Jevons	George_Boole	1
William_Stanley_Jevons	Hermann_von_Helmholtz	1
William_Stanley_Jevons	John_Stuart_Mill	1
William_Stanley_Jevons	William_Whewell	1
William_Temple_(bishop)	Edward_Caird	1
William_Temple_(bishop)	Georg_Simmel	1
William_Temple_(bishop)	Rudolf_Christoph_Eucken	1
William_Temple_(bishop)	William_Ralph_Inge	1
William_Thompson_(philosopher)	Adam_Smith	1
William_Thompson_(philosopher)	Charles_Fourier	1
William_Thompson_(philosopher)	Henri_de_Saint-Simon	1
William_Thompson_(philosopher)	James_Mill	2
William_Thompson_(philosopher)	Jeremy_Bentham	2
William_Thompson_(philosopher)	Karl_Marx	2
William_Thompson_(philosopher)	Marquis_de_Condorcet	1
William_Thompson_(philosopher)	Thomas_Hodgskin	1
William_Thompson_(philosopher)	William_Godwin	1
William_Torrey_Harris	Francis_Bacon	1
William_Torrey_Harris	Georg_Wilhelm_Friedrich_Hegel	3
William_Torrey_Harris	Immanuel_Kant	1
William_Torrey_Harris	Johann_Gottlieb_Fichte	1
William_Whewell	Augustus_De_Morgan	1
William_Whewell	Charles_Darwin	1
William_Whewell	David_Brewster	1
William_Whewell	Francis_Bacon	1
William_Whewell	Hugo_Grotius	1
William_Whewell	Immanuel_Kant	1
William_Whewell	Isaac_Newton	1
William_Whewell	Johann_Wolfgang_von_Goethe	1
William_Whewell	Johannes_Kepler	1
William_Whewell	John_Herschel	1
William_Whewell	John_Stuart_Mill	1
William_Whewell	Pierre-Simon_Laplace	1
William_Whewell	Plato	1
William_Wollaston	Benjamin_Franklin	1
William_Wollaston	David_Hume	2
William_Wollaston	Euclid	1
William_Wollaston	Francis_Hutcheson_(philosopher)	1
William_Wollaston	George_Berkeley	1
William_Wollaston	Jeremy_Bentham	1
William_Wollaston	John_Locke	1
William_Wollaston	Richard_Price	1
William_de_la_Mare	Averroes	1
William_de_la_Mare	Bonaventure	1
William_de_la_Mare	Giles_of_Rome	1
William_de_la_Mare	John_Peckham	1
William_de_la_Mare	Roger_Bacon	1
William_de_la_Mare	Thomas_Aquinas	1
William_of_Alnwick	Bonaventure	1
William_of_Alnwick	Duns_Scotus	1
William_of_Alnwick	Godfrey_of_Fontaines	1
William_of_Alnwick	Henry_of_Ghent	1
William_of_Alnwick	Henry_of_Harclay	2
William_of_Alnwick	Petrus_Aureoli	1
William_of_Alnwick	Thomas_Aquinas	1
William_of_Auvergne	Aristotle	1
William_of_Auvergne	Augustine_of_Hippo	1
William_of_Auxerre	Aristotle	1
William_of_Auxerre	Peter_Lombard	1
William_of_Auxerre	Thomas_Aquinas	1
William_of_Champeaux	Bernard_of_Clairvaux	2
William_of_Champeaux	Félix_Ravaisson-Mollien	1
William_of_Champeaux	Roscellinus	1
William_of_Conches	Aristotle	1
William_of_Conches	Bede	2
William_of_Conches	Bernard_of_Chartres	2
William_of_Conches	Bernard_of_Clairvaux	1
William_of_Conches	Bernardus_Silvestris	1
William_of_Conches	Boethius	3
William_of_Conches	Hugh_of_Saint_Victor	2
William_of_Conches	Jesus	1
William_of_Conches	John_of_Salisbury	3
William_of_Conches	Macrobius	1
William_of_Conches	Plato	2
William_of_Conches	Vincent_of_Beauvais	1
William_of_Conches	William_of_Auvergne	1
William_of_Conches	William_of_Saint-Thierry	1
William_of_Falgar	Bonaventure	1
William_of_Lucca	Gilbert_de_la_Porrée	1
William_of_Lucca	John_Scotus_Eriugena	1
William_of_Lucca	Pseudo-Dionysius_the_Areopagite	1
William_of_Macclesfield	William_de_la_Mare	1
William_of_Moerbeke	Archimedes	2
William_of_Moerbeke	Aristotle	2
William_of_Moerbeke	Averroes	1
William_of_Moerbeke	John_Philoponus	1
William_of_Moerbeke	Proclus	1
William_of_Moerbeke	Thomas_Aquinas	1
William_of_Moerbeke	Vitello	2
William_of_Newburgh	Bede	1
William_of_Nottingham_I	Robert_Grosseteste	1
William_of_Nottingham_I	William_of_Nottingham_II	2
William_of_Nottingham_II	Duns_Scotus	1
William_of_Nottingham_II	William_of_Nottingham_I	2
William_of_Ockham	Adam_of_Wodeham	1
William_of_Ockham	Bertrand_Russell	2
William_of_Ockham	Duns_Scotus	2
William_of_Ockham	Edmund_Burke	1
William_of_Ockham	Francis_of_Marchia	1
William_of_Ockham	François_Rabelais	1
William_of_Ockham	Gabriel_Biel	2
William_of_Ockham	Gregory_of_Rimini	1
William_of_Ockham	Henry_of_Harclay	1
William_of_Ockham	Jean_Buridan	1
William_of_Ockham	Jesus	1
William_of_Ockham	John_Calvin	1
William_of_Ockham	John_Stuart_Mill	1
William_of_Ockham	John_Wycliffe	1
William_of_Ockham	Joseph_de_Maistre	1
William_of_Ockham	Marsilius_of_Padua	1
William_of_Ockham	Martin_Luther	1
William_of_Ockham	Peter_Lombard	1
William_of_Ockham	René_Descartes	1
William_of_Ockham	Thomas_Hobbes	2
William_of_Saint-Amour	Albertus_Magnus	1
William_of_Saint-Amour	Bonaventure	1
William_of_Saint-Amour	John_Wycliffe	1
William_of_Saint-Amour	Thomas_Aquinas	1
William_of_Saint-Thierry	Augustine_of_Hippo	1
William_of_Saint-Thierry	Bernard_of_Clairvaux	3
William_of_Saint-Thierry	Origen	1
William_of_Saint-Thierry	William_of_Conches	1
William_of_Sherwood	Albertus_Magnus	1
William_of_Sherwood	Aristotle	1
William_of_Sherwood	Peter_of_Spain	2
William_of_Sherwood	Roger_Bacon	1
William_of_Sherwood	William_of_Ockham	1
William_of_Soissons	C._I._Lewis	1
William_of_Soissons	George_Boole	1
William_of_Soissons	Gottlob_Frege	1
William_of_Soissons	Plato	1
Wolfgang_Köhler	Carl_Stumpf	2
Wolfgang_Köhler	Christian_von_Ehrenfels	1
Wolfgang_Köhler	Kurt_Lewin	2
Wolfgang_Köhler	Max_Planck	3
Woncheuk	Je_Tsongkhapa	1
Wonhyo	Fazang	1
Wonhyo	Uisang	2
Wu_Zhihui	Cai_Yuanpei	1
Wu_Zhihui	Sun_Yat-sen	1
Władysław_Tatarkiewicz	Aristotle	1
Władysław_Tatarkiewicz	Kazimierz_Twardowski	1
Władysław_Tatarkiewicz	Paul_Natorp	2
Xavier_Zubiri	Albert_Einstein	1
Xavier_Zubiri	Edmund_Husserl	1
Xavier_Zubiri	Erwin_Schrödinger	1
Xavier_Zubiri	José_Ortega_y_Gasset	5
Xavier_Zubiri	Martin_Heidegger	1
Xavier_Zubiri	Max_Planck	1
Xenocrates	Aristotle	2
Xenocrates	Crantor	2
Xenocrates	Epicurus	1
Xenocrates	Heraclides_Ponticus	1
Xenocrates	Plato	4
Xenocrates	Plutarch	2
Xenocrates	Speusippus	2
Xenocrates	Xenophanes	1
Xenocrates	Xenophon	1
Xenocrates	Zeno_of_Citium	1
Xenophanes	Anaxarchus	1
Xenophanes	Anaximenes_of_Miletus	2
Xenophanes	Apuleius	1
Xenophanes	Aristotle	9
Xenophanes	Baruch_Spinoza	1
Xenophanes	Cicero	5
Xenophanes	Clement_of_Alexandria	4
Xenophanes	Democritus	1
Xenophanes	Diogenes_Laertius	2
Xenophanes	Epicharmus_of_Cos	1
Xenophanes	Epimenides	1
Xenophanes	Eusebius	3
Xenophanes	Galen	1
Xenophanes	Heraclitus	2
Xenophanes	Iamblichus	1
Xenophanes	John_Philoponus	1
Xenophanes	Leucippus	1
Xenophanes	Lucian	1
Xenophanes	Macrobius	1
Xenophanes	Melissus_of_Samos	1
Xenophanes	Metrodorus_of_Chios	1
Xenophanes	Parmenides	3
Xenophanes	Philo	2
Xenophanes	Pierre_Bayle	1
Xenophanes	Plato	1
Xenophanes	Plutarch	5
Xenophanes	Proclus	1
Xenophanes	Protagoras	1
Xenophanes	Pyrrho	2
Xenophanes	Pythagoras	1
Xenophanes	Sextus_Empiricus	13
Xenophanes	Simplicius_of_Cilicia	3
Xenophanes	Tertullian	1
Xenophanes	Thales_of_Miletus	1
Xenophanes	Timon_of_Phlius	2
Xenophanes	Zeno_of_Elea	2
Xenophon	Alcibiades	1
Xenophon	Diogenes_Laertius	3
Xenophon	Leo_Strauss	1
Xenophon	Plato	3
Xenophon	Socrates	2
Xenophon	Thucydides	2
Xiong_Shili	Asanga	1
Xiong_Shili	Cai_Yuanpei	1
Xiong_Shili	Immanuel_Kant	1
Xiong_Shili	Liang_Shuming	1
Xiong_Shili	Vasubandhu	1
Xu_Xing_(philosopher)	Mencius	1
Xunzi_(philosopher)	Confucius	2
Xunzi_(philosopher)	Han_Fei	3
Xunzi_(philosopher)	Li_Si	4
Xunzi_(philosopher)	Mencius	4
Xunzi_(philosopher)	Mozi	1
Xunzi_(philosopher)	Shang_Yang	2
Xunzi_(philosopher)	Zou_Yan	1
Yadava_Prakasa	Ramanuja	1
Yahya_ibn_Adi	Al-Farabi	1
Yahya_ibn_Adi	Aristotle	2
Yahya_ibn_Adi	Hunayn_ibn_Ishaq	1
Yahya_ibn_Adi	Ibn_al-Khammar	1
Yahya_ibn_Adi	Miskawayh	1
Yahya_ibn_Adi	Plato	1
Yahya_ibn_Adi	Theophrastus	1
Yajnavalkya	Ashtavakra	1
Yajnavalkya	Gārgī_Vāchaknavī	3
Yajnavalkya	Maitreyi	2
Yajnavalkya	Max_Müller	1
Yajnavalkya	Paul_Deussen	1
Yajnavalkya	Uddālaka_Āruṇi	4
Yang_Xiong_(author)	Mencius	1
Yang_Xiong_(author)	Wang_Chong	1
Yang_Xiong_(author)	Xunzi_(philosopher)	1
Yang_Zhu	Mencius	1
Yang_Zhu	Mozi	1
Yi_Hwang	Cheng_Hao	1
Yi_Hwang	Cheng_Yi_(philosopher)	1
Yi_Hwang	Mencius	1
Yi_Hwang	Yi_I	2
Yi_Hwang	Zhang_Zai	1
Yi_Hwang	Zhu_Xi	2
Yi_I	Yi_Hwang	4
Yohanan_Alemanno	Al-Farabi	1
Yohanan_Alemanno	Giovanni_Pico_della_Mirandola	1
Yohanan_Alemanno	Isaac_ben_Joseph_ibn_Pulgar	1
Yohanan_Alemanno	Judah_Leon_Abravanel	1
Yohanan_Alemanno	Judah_Messer_Leon	1
Yohanan_Alemanno	Maimonides	1
Yohanan_Alemanno	Plato	1
Yohanan_Alemanno	Solomon_ibn_Gabirol	1
Zengzi	Confucius	3
Zengzi	Mencius	4
Zengzi	Zhou_Dunyi	1
Zengzi	Zhu_Xi	1
Zengzi	Zisi	2
Zeno_of_Citium	Apuleius	1
Zeno_of_Citium	Aristo_of_Chios	1
Zeno_of_Citium	Aristotle	1
Zeno_of_Citium	Chrysippus	2
Zeno_of_Citium	Cicero	1
Zeno_of_Citium	Cleanthes	2
Zeno_of_Citium	Crates_of_Thebes	1
Zeno_of_Citium	Diodorus_Cronus	1
Zeno_of_Citium	Diogenes_Laertius	3
Zeno_of_Citium	Heraclitus	1
Zeno_of_Citium	Hipparchia_of_Maroneia	1
Zeno_of_Citium	Peter_Kropotkin	1
Zeno_of_Citium	Philo_the_Dialectician	1
Zeno_of_Citium	Philodemus	1
Zeno_of_Citium	Plato	2
Zeno_of_Citium	Pythagoras	1
Zeno_of_Citium	Socrates	2
Zeno_of_Citium	Stilpo	2
Zeno_of_Citium	Xenocrates	1
Zeno_of_Citium	Xenophon	1
Zeno_of_Elea	Aristotle	2
Zeno_of_Elea	Bertrand_Russell	1
Zeno_of_Elea	Diogenes_Laertius	2
Zeno_of_Elea	Epicurus	1
Zeno_of_Elea	Immanuel_Kant	1
Zeno_of_Elea	Melissus_of_Samos	1
Zeno_of_Elea	Parmenides	2
Zeno_of_Elea	Plato	2
Zeno_of_Elea	Proclus	1
Zeno_of_Elea	Simplicius_of_Cilicia	2
Zeno_of_Sidon	Cicero	2
Zeno_of_Sidon	Diogenes_Laertius	1
Zeno_of_Sidon	Epicurus	1
Zeno_of_Sidon	Euclid	1
Zeno_of_Sidon	Philodemus	2
Zeno_of_Sidon	Posidonius	1
Zeno_of_Sidon	Proclus	1
Zeno_of_Sidon	Socrates	1
Zeno_of_Tarsus	Chrysippus	2
Zeno_of_Tarsus	Diogenes_Laertius	1
Zeno_of_Tarsus	Philodemus	1
Zhang_Dongsun	Bertrand_Russell	1
Zhang_Dongsun	Henri_Bergson	1
Zhang_Dongsun	Immanuel_Kant	1
Zhang_Dongsun	Mao_Zedong	1
Zhang_Xuecheng	Giambattista_Vico	1
Zhang_Yi_(Warring_States_period)	Su_Qin	1
Zhang_Zai	Cheng_Hao	2
Zhang_Zai	Cheng_Yi_(philosopher)	2
Zhang_Zai	Mencius	1
Zhang_Zai	Zengzi	1
Zhang_Zai	Zhou_Dunyi	1
Zhang_Zai	Zhu_Xi	2
Zhi_Dun	Feng_Youlan	1
Zhi_Dun	Ruan_Ji	1
Zhiyi	Al-Ghazali	1
Zhiyi	Nagarjuna	1
Zhiyi	Thomas_Aquinas	1
Zhou_Dunyi	Cheng_Hao	2
Zhou_Dunyi	Cheng_Yi_(philosopher)	3
Zhou_Dunyi	Mencius	1
Zhou_Dunyi	Shao_Yong	1
Zhou_Dunyi	Zengzi	1
Zhou_Dunyi	Zhang_Zai	1
Zhou_Dunyi	Zhu_Xi	3
Zhu_Xi	Cheng_Hao	1
Zhu_Xi	Cheng_Yi_(philosopher)	1
Zhu_Xi	Feng_Youlan	2
Zhu_Xi	Fujiwara_Seika	1
Zhu_Xi	Kaibara_Ekken	1
Zhu_Xi	Lu_Jiuyuan	1
Zhu_Xi	Mencius	1
Zhu_Xi	Wang_Fuzhi	2
Zhu_Xi	Wang_Yangming	2
Zhu_Xi	Xunzi_(philosopher)	1
Zhu_Xi	Yi_Hwang	1
Zhu_Xi	Yi_I	1
Zhu_Xi	Zhou_Dunyi	1
Zhuang_Zhou	Guo_Xiang	1
Zhuang_Zhou	Hui_Shi	1
Zhuang_Zhou	Laozi	2
Zhuang_Zhou	Yang_Zhu	1
Zichan	Confucius	7
Zichan	Deng_Xi	5
Zichan	Dong_Zhongshu	1
Zichan	Feng_Youlan	2
Zichan	Guan_Zhong	4
Zichan	Han_Fei	2
Zichan	Hu_Shih	3
Zichan	Laozi	1
Zichan	Li_Kui_(legalist)	2
Zichan	Li_Si	1
Zichan	Mao_Zedong	1
Zichan	Max_Weber	1
Zichan	Mencius	3
Zichan	Shang_Yang	4
Zichan	Shen_Buhai	3
Zichan	Sun_Tzu	1
Zichan	Sun_Yat-sen	1
Zichan	Xunzi_(philosopher)	1
Zichan	Yang_Zhu	1
Zichan	Zhu_Xi	1
Zichan	Zhuang_Zhou	1
Zisi	Confucius	2
Zisi	Mencius	1
Zisi	Xunzi_(philosopher)	1
Zisi	Zengzi	1
Zoroaster	Aristotle	1
Zoroaster	Aristoxenus	1
Zoroaster	Clement_of_Alexandria	1
Zoroaster	Diogenes_Laertius	3
Zoroaster	Eudoxus_of_Cnidus	1
Zoroaster	Friedrich_Nietzsche	2
Zoroaster	Galen	1
Zoroaster	Heraclitus	2
Zoroaster	Ibn_Hazm	1
Zoroaster	Jesus	2
Zoroaster	Lucian	2
Zoroaster	Origen	1
Zoroaster	Ostanes	1
Zoroaster	Plato	2
Zoroaster	Plutarch	2
Zoroaster	Porphyry_of_Tyre	1
Zoroaster	Pythagoras	4
Zoroaster	Thomas_Browne	1
Édouard_Le_Roy	Henri_Bergson	1
Édouard_Le_Roy	Henri_Poincaré	1
Édouard_Le_Roy	Pierre_Duhem	1
Édouard_Le_Roy	Pierre_Teilhard_de_Chardin	1
Émile_Boutroux	Eduard_Zeller	1
Émile_Boutroux	Félix_Ravaisson-Mollien	2
Émile_Boutroux	Henri_Bergson	1
Émile_Boutroux	Henri_Poincaré	1
Émile_Boutroux	Hermann_von_Helmholtz	1
Émile_Boutroux	Jules_Lachelier	2
Émile_Boutroux	Lucien_Lévy-Bruhl	1
Émile_Boutroux	Léon_Brunschvicg	1
Émile_Boutroux	Maurice_Blondel	1
Émile_Boutroux	Émile_Durkheim	1
Émile_Durkheim	Auguste_Comte	3
Émile_Durkheim	Charles_Renouvier	2
Émile_Durkheim	David_Hume	1
Émile_Durkheim	Ferdinand_de_Saussure	1
Émile_Durkheim	Gustave_Belot	1
Émile_Durkheim	Henri_Bergson	2
Émile_Durkheim	Herbert_Spencer	2
Émile_Durkheim	Immanuel_Kant	2
Émile_Durkheim	Jean_Piaget	1
Émile_Durkheim	Karl_Marx	1
Émile_Durkheim	Max_Weber	2
Émile_Durkheim	Montesquieu	1
Émile_Durkheim	Wilhelm_Wundt	1
Émile_Durkheim	Émile_Boutroux	2
Émile_Littré	Auguste_Comte	1
Émile_Littré	Charles_Darwin	1
Émile_Littré	David_Strauss	1
Émile_Littré	Henri_de_Saint-Simon	1
Émile_Littré	Hippocrates	2
Émile_Littré	Immanuel_Kant	1
Émile_Littré	John_Stuart_Mill	1
Émile_Meyerson	Albert_Einstein	1
Émile_Meyerson	Arthur_Oncken_Lovejoy	1
Émile_Saisset	Aenesidemus	1
Émile_Saisset	Baruch_Spinoza	1
Émile_Saisset	Félix_Ravaisson-Mollien	1
Émile_Saisset	Victor_Cousin	1
Émilie_du_Châtelet	Bernard_Le_Bovier_de_Fontenelle	1
Émilie_du_Châtelet	Christian_Wolff_(philosopher)	1
Émilie_du_Châtelet	Denis_Diderot	2
Émilie_du_Châtelet	Francesco_Algarotti	1
Émilie_du_Châtelet	Gottfried_Wilhelm_Leibniz	4
Émilie_du_Châtelet	Immanuel_Kant	2
Émilie_du_Châtelet	Isaac_Newton	7
Émilie_du_Châtelet	Jean_Le_Rond_d'Alembert	2
Émilie_du_Châtelet	Johann_Augustus_Eberhard	1
Émilie_du_Châtelet	John_Locke	1
Émilie_du_Châtelet	Voltaire	7
Étienne_Bonnot_de_Condillac	Adam_Smith	1
Étienne_Bonnot_de_Condillac	Alexander_Bain_(philosopher)	1
Étienne_Bonnot_de_Condillac	Baruch_Spinoza	1
Étienne_Bonnot_de_Condillac	Denis_Diderot	1
Étienne_Bonnot_de_Condillac	George_Berkeley	1
Étienne_Bonnot_de_Condillac	Gottfried_Wilhelm_Leibniz	1
Étienne_Bonnot_de_Condillac	Herbert_Spencer	1
Étienne_Bonnot_de_Condillac	James_Burnett,_Lord_Monboddo	2
Étienne_Bonnot_de_Condillac	James_Mill	1
Étienne_Bonnot_de_Condillac	Jean-Jacques_Rousseau	1
Étienne_Bonnot_de_Condillac	Johann_Gottfried_Herder	1
Étienne_Bonnot_de_Condillac	John_Locke	1
Étienne_Bonnot_de_Condillac	John_Stuart_Mill	1
Étienne_Bonnot_de_Condillac	Maine_de_Biran	1
Étienne_Bonnot_de_Condillac	Nicolas_Malebranche	1
Étienne_Bonnot_de_Condillac	René_Descartes	1
Étienne_Bonnot_de_Condillac	Victor_Cousin	1
Étienne_Bonnot_de_Condillac	Voltaire	1
Étienne_Bonnot_de_Condillac	William_Stanley_Jevons	1
Étienne_Gilson	Bonaventure	1
Étienne_Gilson	Henri_Bergson	2
Étienne_Gilson	Jacques_Maritain	2
Étienne_Gilson	Lucien_Lévy-Bruhl	2
Étienne_Gilson	René_Descartes	2
Étienne_Gilson	Thomas_Aquinas	2
Īśvarakṛṣṇa	Kapila	1
Śvetaketu	Sarvepalli_Radhakrishnan	1
Śvetaketu	Sri_Aurobindo	1
Śvetaketu	Uddālaka_Āruṇi	2
Śāriputra	Paul_Carus	1
Śāriputra	Sanjaya_Belatthiputta	1
Śāriputra	The_Buddha	3
